iteration,layer_id,expert_id,expert_size_bytes,cache_hit_or_miss,load_duration_ns,compute_start_ns,compute_end_ns,compute_duration_ns
0,0,0,352321536,hit,0.0,138493.0,276462.0,137970.0
0,0,1,352321536,hit,0.0,276462.0,413099.0,136637.0
0,0,2,352321536,hit,0.0,413099.0,549865.0,136766.0
0,0,3,352321536,hit,0.0,549865.0,686927.0,137061.0
0,0,4,352321536,hit,0.0,686927.0,823563.0,136637.0
0,0,5,352321536,hit,0.0,823563.0,960200.0,136637.0
0,0,6,352321536,hit,0.0,960200.0,1097130.0,136932.0
0,0,7,352321536,hit,0.0,1097130.0,1234130.0,136997.0
0,1,0,352321536,hit,0.0,1372880.0,1510850.0,137970.0
0,1,1,352321536,hit,0.0,1510850.0,1647490.0,136637.0
0,1,2,352321536,hit,0.0,1647490.0,1784780.0,137289.0
0,1,3,352321536,hit,0.0,1784780.0,1922070.0,137289.0
0,1,4,352321536,hit,0.0,1922070.0,2059060.0,136997.0
0,1,5,352321536,hit,0.0,2059060.0,2195650.0,136586.0
0,1,6,352321536,hit,0.0,2195650.0,2332350.0,136701.0
0,1,7,352321536,hit,0.0,2332350.0,2469460.0,137112.0
0,2,0,352321536,hit,0.0,2608220.0,2744850.0,136637.0
0,2,1,352321536,hit,0.0,2744850.0,2882820.0,137970.0
0,2,2,352321536,hit,0.0,2882820.0,3020110.0,137289.0
0,2,3,352321536,hit,0.0,3020110.0,3156820.0,136701.0
0,2,4,352321536,hit,0.0,3156820.0,3294100.0,137289.0
0,2,5,352321536,hit,0.0,3294100.0,3431330.0,137228.0
0,2,6,352321536,hit,0.0,3431330.0,3568620.0,137289.0
0,2,7,352321536,hit,0.0,3568620.0,3705260.0,136637.0
0,3,0,352321536,hit,0.0,3844010.0,3981980.0,137970.0
0,3,1,352321536,hit,0.0,3981980.0,4118570.0,136586.0
0,3,2,352321536,hit,0.0,4118570.0,4255630.0,137061.0
0,3,3,352321536,hit,0.0,4255630.0,4392690.0,137061.0
0,3,4,352321536,hit,0.0,4392690.0,4529140.0,136449.0
0,3,5,352321536,hit,0.0,4529140.0,4665910.0,136766.0
0,3,6,352321536,hit,0.0,4665910.0,4803880.0,137970.0
0,3,7,352321536,hit,0.0,4803880.0,4941840.0,137970.0
0,4,0,352321536,hit,0.0,5080600.0,5217240.0,136637.0
0,4,1,352321536,hit,0.0,5217240.0,5354230.0,136997.0
0,4,2,352321536,hit,0.0,5354230.0,5490870.0,136637.0
0,4,3,352321536,hit,0.0,5490870.0,5627640.0,136766.0
0,4,4,352321536,hit,0.0,5627640.0,5764630.0,136997.0
0,4,5,352321536,hit,0.0,5764630.0,5901270.0,136637.0
0,4,6,352321536,hit,0.0,5901270.0,6038200.0,136932.0
0,4,7,352321536,hit,0.0,6038200.0,6175130.0,136932.0
0,5,0,352321536,hit,0.0,6313890.0,6450820.0,136932.0
0,5,1,352321536,hit,0.0,6450820.0,6587460.0,136637.0
0,5,2,352321536,hit,0.0,6587460.0,6725430.0,137970.0
0,5,3,352321536,hit,0.0,6725430.0,6862130.0,136701.0
0,5,4,352321536,hit,0.0,6862130.0,6999120.0,136997.0
0,5,5,352321536,hit,0.0,6999120.0,7136060.0,136932.0
0,5,6,352321536,hit,0.0,7136060.0,7272760.0,136701.0
0,5,7,352321536,hit,0.0,7272760.0,7409520.0,136766.0
0,6,0,352321536,hit,0.0,7548280.0,7686250.0,137970.0
0,6,1,352321536,hit,0.0,7686250.0,7823010.0,136766.0
0,6,2,352321536,hit,0.0,7823010.0,7960130.0,137112.0
0,6,3,352321536,hit,0.0,7960130.0,8097060.0,136932.0
0,6,4,352321536,hit,0.0,8097060.0,8233690.0,136637.0
0,6,5,352321536,hit,0.0,8233690.0,8370630.0,136932.0
0,6,6,352321536,hit,0.0,8370630.0,8507210.0,136586.0
0,6,7,352321536,hit,0.0,8507210.0,8643910.0,136701.0
0,7,0,352321536,hit,0.0,8782670.0,8919660.0,136997.0
0,7,1,352321536,hit,0.0,8919660.0,9057630.0,137970.0
0,7,2,352321536,hit,0.0,9057630.0,9194400.0,136766.0
0,7,3,352321536,hit,0.0,9194400.0,9331170.0,136766.0
0,7,4,352321536,hit,0.0,9331170.0,9469140.0,137970.0
0,7,5,352321536,hit,0.0,9469140.0,9605840.0,136701.0
0,7,6,352321536,hit,0.0,9605840.0,9742600.0,136766.0
0,7,7,352321536,hit,0.0,9742600.0,9879890.0,137289.0
0,8,0,352321536,hit,0.0,10018600.0,10155800.0,137112.0
0,8,1,352321536,hit,0.0,10155800.0,10292700.0,136932.0
0,8,2,352321536,hit,0.0,10292700.0,10430700.0,137970.0
0,8,3,352321536,hit,0.0,10430700.0,10567900.0,137289.0
0,8,4,352321536,hit,0.0,10567900.0,10704900.0,136932.0
0,8,5,352321536,hit,0.0,10704900.0,10841500.0,136637.0
0,8,6,352321536,hit,0.0,10841500.0,10978200.0,136701.0
0,8,7,352321536,hit,0.0,10978200.0,11114700.0,136521.0
0,9,0,352321536,hit,0.0,11253500.0,11391500.0,137970.0
0,9,1,352321536,hit,0.0,11391500.0,11528800.0,137289.0
0,9,2,352321536,hit,0.0,11528800.0,11666000.0,137289.0
0,9,3,352321536,hit,0.0,11666000.0,11802800.0,136766.0
0,9,4,352321536,hit,0.0,11802800.0,11940800.0,137970.0
0,9,5,352321536,hit,0.0,11940800.0,12077500.0,136766.0
0,9,6,352321536,hit,0.0,12077500.0,12214200.0,136701.0
0,9,7,352321536,hit,0.0,12214200.0,12351200.0,136932.0
0,10,0,352321536,hit,0.0,12489900.0,12627000.0,137061.0
0,10,1,352321536,hit,0.0,12627000.0,12763500.0,136521.0
0,10,2,352321536,hit,0.0,12763500.0,12900300.0,136766.0
0,10,3,352321536,hit,0.0,12900300.0,13037000.0,136766.0
0,10,4,352321536,hit,0.0,13037000.0,13174100.0,137061.0
0,10,5,352321536,hit,0.0,13174100.0,13310800.0,136701.0
0,10,6,352321536,hit,0.0,13310800.0,13448800.0,137970.0
0,10,7,352321536,hit,0.0,13448800.0,13586100.0,137289.0
0,11,0,352321536,hit,0.0,13724800.0,13861400.0,136586.0
0,11,1,352321536,hit,0.0,13861400.0,13998700.0,137289.0
0,11,2,352321536,hit,0.0,13998700.0,14136700.0,137970.0
0,11,3,352321536,hit,0.0,14136700.0,14274600.0,137970.0
0,11,4,352321536,hit,0.0,14274600.0,14411700.0,137112.0
0,11,5,352321536,hit,0.0,14411700.0,14548500.0,136701.0
0,11,6,352321536,hit,0.0,14548500.0,14685500.0,137061.0
0,11,7,352321536,hit,0.0,14685500.0,14822000.0,136521.0
0,12,0,352321536,hit,0.0,14960800.0,15098100.0,137289.0
0,12,1,352321536,hit,0.0,15098100.0,15235000.0,136932.0
0,12,2,352321536,hit,0.0,15235000.0,15372100.0,137112.0
0,12,3,352321536,hit,0.0,15372100.0,15509200.0,137061.0
0,12,4,352321536,hit,0.0,15509200.0,15645800.0,136637.0
0,12,5,352321536,hit,0.0,15645800.0,15782400.0,136586.0
0,12,6,352321536,hit,0.0,15782400.0,15919200.0,136766.0
0,12,7,352321536,hit,0.0,15919200.0,16055800.0,136637.0
0,13,0,352321536,hit,0.0,16194600.0,16331300.0,136766.0
0,13,1,352321536,hit,0.0,16331300.0,16468300.0,136997.0
0,13,2,352321536,hit,0.0,16468300.0,16605300.0,136932.0
0,13,3,352321536,hit,0.0,16605300.0,16741800.0,136586.0
0,13,4,352321536,hit,0.0,16741800.0,16878600.0,136766.0
0,13,5,352321536,hit,0.0,16878600.0,17015300.0,136701.0
0,13,6,352321536,hit,0.0,17015300.0,17152600.0,137289.0
0,13,7,352321536,hit,0.0,17152600.0,17289600.0,136997.0
0,14,0,352321536,hit,0.0,17428400.0,17565300.0,136932.0
0,14,1,352321536,hit,0.0,17565300.0,17703300.0,137970.0
0,14,2,352321536,hit,0.0,17703300.0,17840300.0,137061.0
0,14,3,352321536,hit,0.0,17840300.0,17977000.0,136701.0
0,14,4,352321536,hit,0.0,17977000.0,18113800.0,136766.0
0,14,5,352321536,hit,0.0,18113800.0,18250500.0,136766.0
0,14,6,352321536,hit,0.0,18250500.0,18387800.0,137289.0
0,14,7,352321536,hit,0.0,18387800.0,18524500.0,136637.0
0,15,0,352321536,hit,0.0,18663200.0,18800500.0,137289.0
0,15,1,352321536,hit,0.0,18800500.0,18938500.0,137970.0
0,15,2,352321536,hit,0.0,18938500.0,19075400.0,136932.0
0,15,3,352321536,hit,0.0,19075400.0,19212100.0,136637.0
0,15,4,352321536,hit,0.0,19212100.0,19348800.0,136701.0
0,15,5,352321536,hit,0.0,19348800.0,19485700.0,136932.0
0,15,6,352321536,hit,0.0,19485700.0,19623700.0,137970.0
0,15,7,352321536,hit,0.0,19623700.0,19760400.0,136766.0
0,16,0,352321536,hit,0.0,19899200.0,20036100.0,136932.0
0,16,1,352321536,hit,0.0,20036100.0,20173400.0,137289.0
0,16,2,352321536,hit,0.0,20173400.0,20310100.0,136701.0
0,16,3,352321536,hit,0.0,20310100.0,20447000.0,136932.0
0,16,4,352321536,hit,0.0,20447000.0,20585000.0,137970.0
0,16,5,352321536,hit,0.0,20585000.0,20721800.0,136766.0
0,16,6,352321536,hit,0.0,20721800.0,20858500.0,136766.0
0,16,7,352321536,hit,0.0,20858500.0,20995300.0,136766.0
0,17,0,352321536,hit,0.0,21134100.0,21271300.0,137289.0
0,17,1,352321536,hit,0.0,21271300.0,21408400.0,137061.0
0,17,2,352321536,hit,0.0,21408400.0,21545100.0,136701.0
0,17,3,352321536,hit,0.0,21545100.0,21683100.0,137970.0
0,17,4,352321536,hit,0.0,21683100.0,21819800.0,136701.0
0,17,5,352321536,hit,0.0,21819800.0,21956800.0,136997.0
0,17,6,352321536,hit,0.0,21956800.0,22093400.0,136586.0
0,17,7,352321536,hit,0.0,22093400.0,22230600.0,137289.0
0,18,0,352321536,hit,0.0,22369400.0,22506700.0,137289.0
0,18,1,352321536,hit,0.0,22506700.0,22644700.0,137970.0
0,18,2,352321536,hit,0.0,22644700.0,22781100.0,136449.0
0,18,3,352321536,hit,0.0,22781100.0,22918400.0,137289.0
0,18,4,352321536,hit,0.0,22918400.0,23055400.0,136997.0
0,18,5,352321536,hit,0.0,23055400.0,23193400.0,137970.0
0,18,6,352321536,hit,0.0,23193400.0,23331300.0,137970.0
0,18,7,352321536,hit,0.0,23331300.0,23468600.0,137289.0
0,19,0,352321536,hit,0.0,23607400.0,23744100.0,136701.0
0,19,1,352321536,hit,0.0,23744100.0,23880800.0,136701.0
0,19,2,352321536,hit,0.0,23880800.0,24017500.0,136766.0
0,19,3,352321536,hit,0.0,24017500.0,24155500.0,137970.0
0,19,4,352321536,hit,0.0,24155500.0,24292800.0,137289.0
0,19,5,352321536,hit,0.0,24292800.0,24429800.0,136997.0
0,19,6,352321536,hit,0.0,24429800.0,24567100.0,137289.0
0,19,7,352321536,hit,0.0,24567100.0,24705100.0,137970.0
0,20,0,352321536,hit,0.0,24843800.0,24981800.0,137970.0
0,20,1,352321536,hit,0.0,24981800.0,25118500.0,136701.0
0,20,2,352321536,hit,0.0,25118500.0,25255300.0,136766.0
0,20,3,352321536,hit,0.0,25255300.0,25392400.0,137112.0
0,20,4,352321536,hit,0.0,25392400.0,25530300.0,137970.0
0,20,5,352321536,hit,0.0,25530300.0,25666900.0,136586.0
0,20,6,352321536,hit,0.0,25666900.0,25803900.0,136997.0
0,20,7,352321536,hit,0.0,25803900.0,25940600.0,136637.0
0,21,0,352321536,hit,0.0,26079300.0,26215800.0,136521.0
0,21,1,352321536,hit,0.0,26215800.0,26352800.0,136997.0
0,21,2,352321536,hit,0.0,26352800.0,26489600.0,136766.0
0,21,3,352321536,hit,0.0,26489600.0,26626500.0,136932.0
0,21,4,352321536,hit,0.0,26626500.0,26763300.0,136766.0
0,21,5,352321536,hit,0.0,26763300.0,26900000.0,136701.0
0,21,6,352321536,hit,0.0,26900000.0,27037100.0,137112.0
0,21,7,352321536,hit,0.0,27037100.0,27173900.0,136766.0
0,22,0,352321536,hit,0.0,27312600.0,27449900.0,137289.0
0,22,1,352321536,hit,0.0,27449900.0,27587200.0,137289.0
0,22,2,352321536,hit,0.0,27587200.0,27724500.0,137289.0
0,22,3,352321536,hit,0.0,27724500.0,27861800.0,137289.0
0,22,4,352321536,hit,0.0,27861800.0,27999800.0,137970.0
0,22,5,352321536,hit,0.0,27999800.0,28136700.0,136932.0
0,22,6,352321536,hit,0.0,28136700.0,28274000.0,137289.0
0,22,7,352321536,hit,0.0,28274000.0,28410600.0,136637.0
0,23,0,352321536,hit,0.0,28549400.0,28686100.0,136766.0
0,23,1,352321536,hit,0.0,28686100.0,28822700.0,136586.0
0,23,2,352321536,hit,0.0,28822700.0,28959600.0,136932.0
0,23,3,352321536,hit,0.0,28959600.0,29096400.0,136766.0
0,23,4,352321536,hit,0.0,29096400.0,29233200.0,136766.0
0,23,5,352321536,hit,0.0,29233200.0,29370200.0,137061.0
0,23,6,352321536,hit,0.0,29370200.0,29508200.0,137970.0
0,23,7,352321536,hit,0.0,29508200.0,29645500.0,137289.0
0,24,0,352321536,hit,0.0,29784300.0,29921200.0,136932.0
0,24,1,352321536,hit,0.0,29921200.0,30058100.0,136932.0
0,24,2,352321536,hit,0.0,30058100.0,30196100.0,137970.0
0,24,3,352321536,hit,0.0,30196100.0,30332800.0,136701.0
0,24,4,352321536,hit,0.0,30332800.0,30469500.0,136701.0
0,24,5,352321536,hit,0.0,30469500.0,30606800.0,137289.0
0,24,6,352321536,hit,0.0,30606800.0,30744700.0,137970.0
0,24,7,352321536,hit,0.0,30744700.0,30881500.0,136701.0
0,25,0,352321536,hit,0.0,31020200.0,31157000.0,136766.0
0,25,1,352321536,hit,0.0,31157000.0,31294600.0,137657.0
0,25,2,352321536,hit,0.0,31294600.0,31431300.0,136637.0
0,25,3,352321536,hit,0.0,31431300.0,31567900.0,136637.0
0,25,4,352321536,hit,0.0,31567900.0,31705200.0,137289.0
0,25,5,352321536,hit,0.0,31705200.0,31842000.0,136766.0
0,25,6,352321536,hit,0.0,31842000.0,31978900.0,136932.0
0,25,7,352321536,hit,0.0,31978900.0,32115600.0,136701.0
0,26,0,352321536,hit,0.0,32254300.0,32391400.0,137061.0
0,26,1,352321536,hit,0.0,32391400.0,32528500.0,137112.0
0,26,2,352321536,hit,0.0,32528500.0,32666500.0,137970.0
0,26,3,352321536,hit,0.0,32666500.0,32803100.0,136586.0
0,26,4,352321536,hit,0.0,32803100.0,32939800.0,136701.0
0,26,5,352321536,hit,0.0,32939800.0,33076400.0,136637.0
0,26,6,352321536,hit,0.0,33076400.0,33213200.0,136766.0
0,26,7,352321536,hit,0.0,33213200.0,33350500.0,137289.0
0,27,0,352321536,hit,0.0,33489200.0,33625900.0,136637.0
0,27,1,352321536,hit,0.0,33625900.0,33762800.0,136932.0
0,27,2,352321536,hit,0.0,33762800.0,33899700.0,136932.0
0,27,3,352321536,hit,0.0,33899700.0,34036400.0,136701.0
0,27,4,352321536,hit,0.0,34036400.0,34173700.0,137289.0
0,27,5,352321536,hit,0.0,34173700.0,34311700.0,137970.0
0,27,6,352321536,hit,0.0,34311700.0,34449000.0,137289.0
0,27,7,352321536,hit,0.0,34449000.0,34586300.0,137289.0
0,28,0,352321536,hit,0.0,34725000.0,34863000.0,137970.0
0,28,1,352321536,hit,0.0,34863000.0,34999900.0,136932.0
0,28,2,352321536,hit,0.0,34999900.0,35136700.0,136766.0
0,28,3,352321536,hit,0.0,35136700.0,35274000.0,137289.0
0,28,4,352321536,hit,0.0,35274000.0,35411300.0,137289.0
0,28,5,352321536,hit,0.0,35411300.0,35548000.0,136766.0
0,28,6,352321536,hit,0.0,35548000.0,35684700.0,136701.0
0,28,7,352321536,hit,0.0,35684700.0,35822700.0,137970.0
0,29,0,352321536,hit,0.0,35961500.0,36098700.0,137289.0
0,29,1,352321536,hit,0.0,36098700.0,36235400.0,136701.0
0,29,2,352321536,hit,0.0,36235400.0,36372500.0,137061.0
0,29,3,352321536,hit,0.0,36372500.0,36509400.0,136932.0
0,29,4,352321536,hit,0.0,36509400.0,36646100.0,136701.0
0,29,5,352321536,hit,0.0,36646100.0,36783400.0,137289.0
0,29,6,352321536,hit,0.0,36783400.0,36920200.0,136766.0
0,29,7,352321536,hit,0.0,36920200.0,37057000.0,136766.0
0,30,0,352321536,hit,0.0,37195700.0,37332800.0,137061.0
0,30,1,352321536,hit,0.0,37332800.0,37469500.0,136701.0
0,30,2,352321536,hit,0.0,37469500.0,37606100.0,136637.0
0,30,3,352321536,hit,0.0,37606100.0,37742900.0,136766.0
0,30,4,352321536,hit,0.0,37742900.0,37879600.0,136766.0
0,30,5,352321536,hit,0.0,37879600.0,38017600.0,137970.0
0,30,6,352321536,hit,0.0,38017600.0,38154400.0,136766.0
0,30,7,352321536,hit,0.0,38154400.0,38291400.0,136997.0
0,31,0,352321536,hit,0.0,38430100.0,38566900.0,136766.0
0,31,1,352321536,hit,0.0,38566900.0,38704900.0,137970.0
0,31,2,352321536,hit,0.0,38704900.0,38841600.0,136701.0
0,31,3,352321536,hit,0.0,38841600.0,38978300.0,136701.0
0,31,4,352321536,hit,0.0,38978300.0,39115300.0,137061.0
0,31,5,352321536,hit,0.0,39115300.0,39252000.0,136701.0
0,31,6,352321536,hit,0.0,39252000.0,39388800.0,136766.0
0,31,7,352321536,hit,0.0,39388800.0,39525800.0,136997.0
1,0,0,352321536,hit,0.0,138493.0,276462.0,137970.0
1,0,1,352321536,hit,0.0,276462.0,413099.0,136637.0
1,0,2,352321536,hit,0.0,413099.0,549865.0,136766.0
1,0,3,352321536,hit,0.0,549865.0,686927.0,137061.0
1,0,4,352321536,hit,0.0,686927.0,823563.0,136637.0
1,0,5,352321536,hit,0.0,823563.0,960200.0,136637.0
1,0,6,352321536,hit,0.0,960200.0,1097130.0,136932.0
1,0,7,352321536,hit,0.0,1097130.0,1234130.0,136997.0
1,1,0,352321536,hit,0.0,1372880.0,1510850.0,137970.0
1,1,1,352321536,hit,0.0,1510850.0,1647490.0,136637.0
1,1,2,352321536,hit,0.0,1647490.0,1784780.0,137289.0
1,1,3,352321536,hit,0.0,1784780.0,1922070.0,137289.0
1,1,4,352321536,hit,0.0,1922070.0,2059060.0,136997.0
1,1,5,352321536,hit,0.0,2059060.0,2195650.0,136586.0
1,1,6,352321536,hit,0.0,2195650.0,2332350.0,136701.0
1,1,7,352321536,hit,0.0,2332350.0,2469460.0,137112.0
1,2,0,352321536,hit,0.0,2608220.0,2744850.0,136637.0
1,2,1,352321536,hit,0.0,2744850.0,2882820.0,137970.0
1,2,2,352321536,hit,0.0,2882820.0,3020110.0,137289.0
1,2,3,352321536,hit,0.0,3020110.0,3156820.0,136701.0
1,2,4,352321536,hit,0.0,3156820.0,3294100.0,137289.0
1,2,5,352321536,hit,0.0,3294100.0,3431330.0,137228.0
1,2,6,352321536,hit,0.0,3431330.0,3568620.0,137289.0
1,2,7,352321536,hit,0.0,3568620.0,3705260.0,136637.0
1,3,0,352321536,hit,0.0,3844010.0,3981980.0,137970.0
1,3,1,352321536,hit,0.0,3981980.0,4118570.0,136586.0
1,3,2,352321536,hit,0.0,4118570.0,4255630.0,137061.0
1,3,3,352321536,hit,0.0,4255630.0,4392690.0,137061.0
1,3,4,352321536,hit,0.0,4392690.0,4529140.0,136449.0
1,3,5,352321536,hit,0.0,4529140.0,4665910.0,136766.0
1,3,6,352321536,hit,0.0,4665910.0,4803880.0,137970.0
1,3,7,352321536,hit,0.0,4803880.0,4941840.0,137970.0
1,4,0,352321536,hit,0.0,5080600.0,5217240.0,136637.0
1,4,1,352321536,hit,0.0,5217240.0,5354230.0,136997.0
1,4,2,352321536,hit,0.0,5354230.0,5490870.0,136637.0
1,4,3,352321536,hit,0.0,5490870.0,5627640.0,136766.0
1,4,4,352321536,hit,0.0,5627640.0,5764630.0,136997.0
1,4,5,352321536,hit,0.0,5764630.0,5901270.0,136637.0
1,4,6,352321536,hit,0.0,5901270.0,6038200.0,136932.0
1,4,7,352321536,hit,0.0,6038200.0,6175130.0,136932.0
1,5,0,352321536,hit,0.0,6313890.0,6450820.0,136932.0
1,5,1,352321536,hit,0.0,6450820.0,6587460.0,136637.0
1,5,2,352321536,hit,0.0,6587460.0,6725430.0,137970.0
1,5,3,352321536,hit,0.0,6725430.0,6862130.0,136701.0
1,5,4,352321536,hit,0.0,6862130.0,6999120.0,136997.0
1,5,5,352321536,hit,0.0,6999120.0,7136060.0,136932.0
1,5,6,352321536,hit,0.0,7136060.0,7272760.0,136701.0
1,5,7,352321536,hit,0.0,7272760.0,7409520.0,136766.0
1,6,0,352321536,hit,0.0,7548280.0,7686250.0,137970.0
1,6,1,352321536,hit,0.0,7686250.0,7823010.0,136766.0
1,6,2,352321536,hit,0.0,7823010.0,7960130.0,137112.0
1,6,3,352321536,hit,0.0,7960130.0,8097060.0,136932.0
1,6,4,352321536,hit,0.0,8097060.0,8233690.0,136637.0
1,6,5,352321536,hit,0.0,8233690.0,8370630.0,136932.0
1,6,6,352321536,hit,0.0,8370630.0,8507210.0,136586.0
1,6,7,352321536,hit,0.0,8507210.0,8643910.0,136701.0
1,7,0,352321536,hit,0.0,8782670.0,8919660.0,136997.0
1,7,1,352321536,hit,0.0,8919660.0,9057630.0,137970.0
1,7,2,352321536,hit,0.0,9057630.0,9194400.0,136766.0
1,7,3,352321536,hit,0.0,9194400.0,9331170.0,136766.0
1,7,4,352321536,hit,0.0,9331170.0,9469140.0,137970.0
1,7,5,352321536,hit,0.0,9469140.0,9605840.0,136701.0
1,7,6,352321536,hit,0.0,9605840.0,9742600.0,136766.0
1,7,7,352321536,hit,0.0,9742600.0,9879890.0,137289.0
1,8,0,352321536,hit,0.0,10018600.0,10155800.0,137112.0
1,8,1,352321536,hit,0.0,10155800.0,10292700.0,136932.0
1,8,2,352321536,hit,0.0,10292700.0,10430700.0,137970.0
1,8,3,352321536,hit,0.0,10430700.0,10567900.0,137289.0
1,8,4,352321536,hit,0.0,10567900.0,10704900.0,136932.0
1,8,5,352321536,hit,0.0,10704900.0,10841500.0,136637.0
1,8,6,352321536,hit,0.0,10841500.0,10978200.0,136701.0
1,8,7,352321536,hit,0.0,10978200.0,11114700.0,136521.0
1,9,0,352321536,hit,0.0,11253500.0,11391500.0,137970.0
1,9,1,352321536,hit,0.0,11391500.0,11528800.0,137289.0
1,9,2,352321536,hit,0.0,11528800.0,11666000.0,137289.0
1,9,3,352321536,hit,0.0,11666000.0,11802800.0,136766.0
1,9,4,352321536,hit,0.0,11802800.0,11940800.0,137970.0
1,9,5,352321536,hit,0.0,11940800.0,12077500.0,136766.0
1,9,6,352321536,hit,0.0,12077500.0,12214200.0,136701.0
1,9,7,352321536,hit,0.0,12214200.0,12351200.0,136932.0
1,10,0,352321536,hit,0.0,12489900.0,12627000.0,137061.0
1,10,1,352321536,hit,0.0,12627000.0,12763500.0,136521.0
1,10,2,352321536,hit,0.0,12763500.0,12900300.0,136766.0
1,10,3,352321536,hit,0.0,12900300.0,13037000.0,136766.0
1,10,4,352321536,hit,0.0,13037000.0,13174100.0,137061.0
1,10,5,352321536,hit,0.0,13174100.0,13310800.0,136701.0
1,10,6,352321536,hit,0.0,13310800.0,13448800.0,137970.0
1,10,7,352321536,hit,0.0,13448800.0,13586100.0,137289.0
1,11,0,352321536,hit,0.0,13724800.0,13861400.0,136586.0
1,11,1,352321536,hit,0.0,13861400.0,13998700.0,137289.0
1,11,2,352321536,hit,0.0,13998700.0,14136700.0,137970.0
1,11,3,352321536,hit,0.0,14136700.0,14274600.0,137970.0
1,11,4,352321536,hit,0.0,14274600.0,14411700.0,137112.0
1,11,5,352321536,hit,0.0,14411700.0,14548500.0,136701.0
1,11,6,352321536,hit,0.0,14548500.0,14685500.0,137061.0
1,11,7,352321536,hit,0.0,14685500.0,14822000.0,136521.0
1,12,0,352321536,hit,0.0,14960800.0,15098100.0,137289.0
1,12,1,352321536,hit,0.0,15098100.0,15235000.0,136932.0
1,12,2,352321536,hit,0.0,15235000.0,15372100.0,137112.0
1,12,3,352321536,hit,0.0,15372100.0,15509200.0,137061.0
1,12,4,352321536,hit,0.0,15509200.0,15645800.0,136637.0
1,12,5,352321536,hit,0.0,15645800.0,15782400.0,136586.0
1,12,6,352321536,hit,0.0,15782400.0,15919200.0,136766.0
1,12,7,352321536,hit,0.0,15919200.0,16055800.0,136637.0
1,13,0,352321536,hit,0.0,16194600.0,16331300.0,136766.0
1,13,1,352321536,hit,0.0,16331300.0,16468300.0,136997.0
1,13,2,352321536,hit,0.0,16468300.0,16605300.0,136932.0
1,13,3,352321536,hit,0.0,16605300.0,16741800.0,136586.0
1,13,4,352321536,hit,0.0,16741800.0,16878600.0,136766.0
1,13,5,352321536,hit,0.0,16878600.0,17015300.0,136701.0
1,13,6,352321536,hit,0.0,17015300.0,17152600.0,137289.0
1,13,7,352321536,hit,0.0,17152600.0,17289600.0,136997.0
1,14,0,352321536,hit,0.0,17428400.0,17565300.0,136932.0
1,14,1,352321536,hit,0.0,17565300.0,17703300.0,137970.0
1,14,2,352321536,hit,0.0,17703300.0,17840300.0,137061.0
1,14,3,352321536,hit,0.0,17840300.0,17977000.0,136701.0
1,14,4,352321536,hit,0.0,17977000.0,18113800.0,136766.0
1,14,5,352321536,hit,0.0,18113800.0,18250500.0,136766.0
1,14,6,352321536,hit,0.0,18250500.0,18387800.0,137289.0
1,14,7,352321536,hit,0.0,18387800.0,18524500.0,136637.0
1,15,0,352321536,hit,0.0,18663200.0,18800500.0,137289.0
1,15,1,352321536,hit,0.0,18800500.0,18938500.0,137970.0
1,15,2,352321536,hit,0.0,18938500.0,19075400.0,136932.0
1,15,3,352321536,hit,0.0,19075400.0,19212100.0,136637.0
1,15,4,352321536,hit,0.0,19212100.0,19348800.0,136701.0
1,15,5,352321536,hit,0.0,19348800.0,19485700.0,136932.0
1,15,6,352321536,hit,0.0,19485700.0,19623700.0,137970.0
1,15,7,352321536,hit,0.0,19623700.0,19760400.0,136766.0
1,16,0,352321536,hit,0.0,19899200.0,20036100.0,136932.0
1,16,1,352321536,hit,0.0,20036100.0,20173400.0,137289.0
1,16,2,352321536,hit,0.0,20173400.0,20310100.0,136701.0
1,16,3,352321536,hit,0.0,20310100.0,20447000.0,136932.0
1,16,4,352321536,hit,0.0,20447000.0,20585000.0,137970.0
1,16,5,352321536,hit,0.0,20585000.0,20721800.0,136766.0
1,16,6,352321536,hit,0.0,20721800.0,20858500.0,136766.0
1,16,7,352321536,hit,0.0,20858500.0,20995300.0,136766.0
1,17,0,352321536,hit,0.0,21134100.0,21271300.0,137289.0
1,17,1,352321536,hit,0.0,21271300.0,21408400.0,137061.0
1,17,2,352321536,hit,0.0,21408400.0,21545100.0,136701.0
1,17,3,352321536,hit,0.0,21545100.0,21683100.0,137970.0
1,17,4,352321536,hit,0.0,21683100.0,21819800.0,136701.0
1,17,5,352321536,hit,0.0,21819800.0,21956800.0,136997.0
1,17,6,352321536,hit,0.0,21956800.0,22093400.0,136586.0
1,17,7,352321536,hit,0.0,22093400.0,22230600.0,137289.0
1,18,0,352321536,hit,0.0,22369400.0,22506700.0,137289.0
1,18,1,352321536,hit,0.0,22506700.0,22644700.0,137970.0
1,18,2,352321536,hit,0.0,22644700.0,22781100.0,136449.0
1,18,3,352321536,hit,0.0,22781100.0,22918400.0,137289.0
1,18,4,352321536,hit,0.0,22918400.0,23055400.0,136997.0
1,18,5,352321536,hit,0.0,23055400.0,23193400.0,137970.0
1,18,6,352321536,hit,0.0,23193400.0,23331300.0,137970.0
1,18,7,352321536,hit,0.0,23331300.0,23468600.0,137289.0
1,19,0,352321536,hit,0.0,23607400.0,23744100.0,136701.0
1,19,1,352321536,hit,0.0,23744100.0,23880800.0,136701.0
1,19,2,352321536,hit,0.0,23880800.0,24017500.0,136766.0
1,19,3,352321536,hit,0.0,24017500.0,24155500.0,137970.0
1,19,4,352321536,hit,0.0,24155500.0,24292800.0,137289.0
1,19,5,352321536,hit,0.0,24292800.0,24429800.0,136997.0
1,19,6,352321536,hit,0.0,24429800.0,24567100.0,137289.0
1,19,7,352321536,hit,0.0,24567100.0,24705100.0,137970.0
1,20,0,352321536,hit,0.0,24843800.0,24981800.0,137970.0
1,20,1,352321536,hit,0.0,24981800.0,25118500.0,136701.0
1,20,2,352321536,hit,0.0,25118500.0,25255300.0,136766.0
1,20,3,352321536,hit,0.0,25255300.0,25392400.0,137112.0
1,20,4,352321536,hit,0.0,25392400.0,25530300.0,137970.0
1,20,5,352321536,hit,0.0,25530300.0,25666900.0,136586.0
1,20,6,352321536,hit,0.0,25666900.0,25803900.0,136997.0
1,20,7,352321536,hit,0.0,25803900.0,25940600.0,136637.0
1,21,0,352321536,hit,0.0,26079300.0,26215800.0,136521.0
1,21,1,352321536,hit,0.0,26215800.0,26352800.0,136997.0
1,21,2,352321536,hit,0.0,26352800.0,26489600.0,136766.0
1,21,3,352321536,hit,0.0,26489600.0,26626500.0,136932.0
1,21,4,352321536,hit,0.0,26626500.0,26763300.0,136766.0
1,21,5,352321536,hit,0.0,26763300.0,26900000.0,136701.0
1,21,6,352321536,hit,0.0,26900000.0,27037100.0,137112.0
1,21,7,352321536,hit,0.0,27037100.0,27173900.0,136766.0
1,22,0,352321536,hit,0.0,27312600.0,27449900.0,137289.0
1,22,1,352321536,hit,0.0,27449900.0,27587200.0,137289.0
1,22,2,352321536,hit,0.0,27587200.0,27724500.0,137289.0
1,22,3,352321536,hit,0.0,27724500.0,27861800.0,137289.0
1,22,4,352321536,hit,0.0,27861800.0,27999800.0,137970.0
1,22,5,352321536,hit,0.0,27999800.0,28136700.0,136932.0
1,22,6,352321536,hit,0.0,28136700.0,28274000.0,137289.0
1,22,7,352321536,hit,0.0,28274000.0,28410600.0,136637.0
1,23,0,352321536,hit,0.0,28549400.0,28686100.0,136766.0
1,23,1,352321536,hit,0.0,28686100.0,28822700.0,136586.0
1,23,2,352321536,hit,0.0,28822700.0,28959600.0,136932.0
1,23,3,352321536,hit,0.0,28959600.0,29096400.0,136766.0
1,23,4,352321536,hit,0.0,29096400.0,29233200.0,136766.0
1,23,5,352321536,hit,0.0,29233200.0,29370200.0,137061.0
1,23,6,352321536,hit,0.0,29370200.0,29508200.0,137970.0
1,23,7,352321536,hit,0.0,29508200.0,29645500.0,137289.0
1,24,0,352321536,hit,0.0,29784300.0,29921200.0,136932.0
1,24,1,352321536,hit,0.0,29921200.0,30058100.0,136932.0
1,24,2,352321536,hit,0.0,30058100.0,30196100.0,137970.0
1,24,3,352321536,hit,0.0,30196100.0,30332800.0,136701.0
1,24,4,352321536,hit,0.0,30332800.0,30469500.0,136701.0
1,24,5,352321536,hit,0.0,30469500.0,30606800.0,137289.0
1,24,6,352321536,hit,0.0,30606800.0,30744700.0,137970.0
1,24,7,352321536,hit,0.0,30744700.0,30881500.0,136701.0
1,25,0,352321536,hit,0.0,31020200.0,31157000.0,136766.0
1,25,1,352321536,hit,0.0,31157000.0,31294600.0,137657.0
1,25,2,352321536,hit,0.0,31294600.0,31431300.0,136637.0
1,25,3,352321536,hit,0.0,31431300.0,31567900.0,136637.0
1,25,4,352321536,hit,0.0,31567900.0,31705200.0,137289.0
1,25,5,352321536,hit,0.0,31705200.0,31842000.0,136766.0
1,25,6,352321536,hit,0.0,31842000.0,31978900.0,136932.0
1,25,7,352321536,hit,0.0,31978900.0,32115600.0,136701.0
1,26,0,352321536,hit,0.0,32254300.0,32391400.0,137061.0
1,26,1,352321536,hit,0.0,32391400.0,32528500.0,137112.0
1,26,2,352321536,hit,0.0,32528500.0,32666500.0,137970.0
1,26,3,352321536,hit,0.0,32666500.0,32803100.0,136586.0
1,26,4,352321536,hit,0.0,32803100.0,32939800.0,136701.0
1,26,5,352321536,hit,0.0,32939800.0,33076400.0,136637.0
1,26,6,352321536,hit,0.0,33076400.0,33213200.0,136766.0
1,26,7,352321536,hit,0.0,33213200.0,33350500.0,137289.0
1,27,0,352321536,hit,0.0,33489200.0,33625900.0,136637.0
1,27,1,352321536,hit,0.0,33625900.0,33762800.0,136932.0
1,27,2,352321536,hit,0.0,33762800.0,33899700.0,136932.0
1,27,3,352321536,hit,0.0,33899700.0,34036400.0,136701.0
1,27,4,352321536,hit,0.0,34036400.0,34173700.0,137289.0
1,27,5,352321536,hit,0.0,34173700.0,34311700.0,137970.0
1,27,6,352321536,hit,0.0,34311700.0,34449000.0,137289.0
1,27,7,352321536,hit,0.0,34449000.0,34586300.0,137289.0
1,28,0,352321536,hit,0.0,34725000.0,34863000.0,137970.0
1,28,1,352321536,hit,0.0,34863000.0,34999900.0,136932.0
1,28,2,352321536,hit,0.0,34999900.0,35136700.0,136766.0
1,28,3,352321536,hit,0.0,35136700.0,35274000.0,137289.0
1,28,4,352321536,hit,0.0,35274000.0,35411300.0,137289.0
1,28,5,352321536,hit,0.0,35411300.0,35548000.0,136766.0
1,28,6,352321536,hit,0.0,35548000.0,35684700.0,136701.0
1,28,7,352321536,hit,0.0,35684700.0,35822700.0,137970.0
1,29,0,352321536,hit,0.0,35961500.0,36098700.0,137289.0
1,29,1,352321536,hit,0.0,36098700.0,36235400.0,136701.0
1,29,2,352321536,hit,0.0,36235400.0,36372500.0,137061.0
1,29,3,352321536,hit,0.0,36372500.0,36509400.0,136932.0
1,29,4,352321536,hit,0.0,36509400.0,36646100.0,136701.0
1,29,5,352321536,hit,0.0,36646100.0,36783400.0,137289.0
1,29,6,352321536,hit,0.0,36783400.0,36920200.0,136766.0
1,29,7,352321536,hit,0.0,36920200.0,37057000.0,136766.0
1,30,0,352321536,hit,0.0,37195700.0,37332800.0,137061.0
1,30,1,352321536,hit,0.0,37332800.0,37469500.0,136701.0
1,30,2,352321536,hit,0.0,37469500.0,37606100.0,136637.0
1,30,3,352321536,hit,0.0,37606100.0,37742900.0,136766.0
1,30,4,352321536,hit,0.0,37742900.0,37879600.0,136766.0
1,30,5,352321536,hit,0.0,37879600.0,38017600.0,137970.0
1,30,6,352321536,hit,0.0,38017600.0,38154400.0,136766.0
1,30,7,352321536,hit,0.0,38154400.0,38291400.0,136997.0
1,31,0,352321536,hit,0.0,38430100.0,38566900.0,136766.0
1,31,1,352321536,hit,0.0,38566900.0,38704900.0,137970.0
1,31,2,352321536,hit,0.0,38704900.0,38841600.0,136701.0
1,31,3,352321536,hit,0.0,38841600.0,38978300.0,136701.0
1,31,4,352321536,hit,0.0,38978300.0,39115300.0,137061.0
1,31,5,352321536,hit,0.0,39115300.0,39252000.0,136701.0
1,31,6,352321536,hit,0.0,39252000.0,39388800.0,136766.0
1,31,7,352321536,hit,0.0,39388800.0,39525800.0,136997.0
