operation,processor,device_id,count,total_duration,average_duration
AttentionGen,Logic,0,32,276029.12,8625.91
AttentionGen,Logic,1,32,276029.12,8625.91
AttentionGen,Logic,2,32,276029.12,8625.91
AttentionGen,Logic,3,32,276029.12,8625.91
AttentionMerge,GPU,0,32,0.0,0.0
AttentionMerge,GPU,1,32,0.0,0.0
AttentionMerge,GPU,2,32,0.0,0.0
AttentionMerge,GPU,3,32,0.0,0.0
AttentionSplit,GPU,0,32,0.0,0.0
AttentionSplit,GPU,1,32,0.0,0.0
AttentionSplit,GPU,2,32,0.0,0.0
AttentionSplit,GPU,3,32,0.0,0.0
AttentionSum,GPU,0,32,0.0,0.0
AttentionSum,GPU,1,32,0.0,0.0
AttentionSum,GPU,2,32,0.0,0.0
AttentionSum,GPU,3,32,0.0,0.0
Linear,GPU,0,246,2516674.404,10230.38375609756
Linear,GPU,1,246,2516674.404,10230.38375609756
Linear,GPU,2,246,2516674.404,10230.38375609756
Linear,GPU,3,246,2516674.404,10230.38375609756
Linear,Logic,0,618,2386241.67,3861.2324757281554
Linear,Logic,1,618,2386241.67,3861.2324757281554
Linear,Logic,2,618,2386241.67,3861.2324757281554
Linear,Logic,3,618,2386241.67,3861.2324757281554
MoE_decoder_0,GPU,0,1,169410.0,169410.0
MoE_decoder_0,GPU,1,1,169410.0,169410.0
MoE_decoder_0,GPU,2,1,169410.0,169410.0
MoE_decoder_0,GPU,3,1,169410.0,169410.0
MoE_decoder_1,GPU,0,1,169344.0,169344.0
MoE_decoder_1,GPU,1,1,169344.0,169344.0
MoE_decoder_1,GPU,2,1,169344.0,169344.0
MoE_decoder_1,GPU,3,1,169344.0,169344.0
MoE_decoder_10,GPU,0,1,169311.0,169311.0
MoE_decoder_10,GPU,1,1,169311.0,169311.0
MoE_decoder_10,GPU,2,1,169311.0,169311.0
MoE_decoder_10,GPU,3,1,169311.0,169311.0
MoE_decoder_11,GPU,0,1,169344.0,169344.0
MoE_decoder_11,GPU,1,1,169344.0,169344.0
MoE_decoder_11,GPU,2,1,169344.0,169344.0
MoE_decoder_11,GPU,3,1,169344.0,169344.0
MoE_decoder_12,GPU,0,1,169543.0,169543.0
MoE_decoder_12,GPU,1,1,169543.0,169543.0
MoE_decoder_12,GPU,2,1,169543.0,169543.0
MoE_decoder_12,GPU,3,1,169543.0,169543.0
MoE_decoder_13,GPU,0,1,169344.0,169344.0
MoE_decoder_13,GPU,1,1,169344.0,169344.0
MoE_decoder_13,GPU,2,1,169344.0,169344.0
MoE_decoder_13,GPU,3,1,169344.0,169344.0
MoE_decoder_14,GPU,0,1,169344.0,169344.0
MoE_decoder_14,GPU,1,1,169344.0,169344.0
MoE_decoder_14,GPU,2,1,169344.0,169344.0
MoE_decoder_14,GPU,3,1,169344.0,169344.0
MoE_decoder_15,GPU,0,1,177129.0,177129.0
MoE_decoder_15,GPU,1,1,177129.0,177129.0
MoE_decoder_15,GPU,2,1,177129.0,177129.0
MoE_decoder_15,GPU,3,1,177129.0,177129.0
MoE_decoder_16,GPU,0,1,175830.0,175830.0
MoE_decoder_16,GPU,1,1,175830.0,175830.0
MoE_decoder_16,GPU,2,1,175830.0,175830.0
MoE_decoder_16,GPU,3,1,175830.0,175830.0
MoE_decoder_17,GPU,0,1,169377.0,169377.0
MoE_decoder_17,GPU,1,1,169377.0,169377.0
MoE_decoder_17,GPU,2,1,169377.0,169377.0
MoE_decoder_17,GPU,3,1,169377.0,169377.0
MoE_decoder_18,GPU,0,1,169377.0,169377.0
MoE_decoder_18,GPU,1,1,169377.0,169377.0
MoE_decoder_18,GPU,2,1,169377.0,169377.0
MoE_decoder_18,GPU,3,1,169377.0,169377.0
MoE_decoder_19,GPU,0,1,169344.0,169344.0
MoE_decoder_19,GPU,1,1,169344.0,169344.0
MoE_decoder_19,GPU,2,1,169344.0,169344.0
MoE_decoder_19,GPU,3,1,169344.0,169344.0
MoE_decoder_2,GPU,0,1,169476.0,169476.0
MoE_decoder_2,GPU,1,1,169476.0,169476.0
MoE_decoder_2,GPU,2,1,169476.0,169476.0
MoE_decoder_2,GPU,3,1,169476.0,169476.0
MoE_decoder_20,GPU,0,1,169377.0,169377.0
MoE_decoder_20,GPU,1,1,169377.0,169377.0
MoE_decoder_20,GPU,2,1,169377.0,169377.0
MoE_decoder_20,GPU,3,1,169377.0,169377.0
MoE_decoder_21,GPU,0,1,169377.0,169377.0
MoE_decoder_21,GPU,1,1,169377.0,169377.0
MoE_decoder_21,GPU,2,1,169377.0,169377.0
MoE_decoder_21,GPU,3,1,169377.0,169377.0
MoE_decoder_22,GPU,0,1,173187.0,173187.0
MoE_decoder_22,GPU,1,1,173187.0,173187.0
MoE_decoder_22,GPU,2,1,173187.0,173187.0
MoE_decoder_22,GPU,3,1,173187.0,173187.0
MoE_decoder_23,GPU,0,1,169344.0,169344.0
MoE_decoder_23,GPU,1,1,169344.0,169344.0
MoE_decoder_23,GPU,2,1,169344.0,169344.0
MoE_decoder_23,GPU,3,1,169344.0,169344.0
MoE_decoder_24,GPU,0,1,177129.0,177129.0
MoE_decoder_24,GPU,1,1,177129.0,177129.0
MoE_decoder_24,GPU,2,1,177129.0,177129.0
MoE_decoder_24,GPU,3,1,177129.0,177129.0
MoE_decoder_25,GPU,0,1,169476.0,169476.0
MoE_decoder_25,GPU,1,1,169476.0,169476.0
MoE_decoder_25,GPU,2,1,169476.0,169476.0
MoE_decoder_25,GPU,3,1,169476.0,169476.0
MoE_decoder_26,GPU,0,1,169543.0,169543.0
MoE_decoder_26,GPU,1,1,169543.0,169543.0
MoE_decoder_26,GPU,2,1,169543.0,169543.0
MoE_decoder_26,GPU,3,1,169543.0,169543.0
MoE_decoder_27,GPU,0,1,175830.0,175830.0
MoE_decoder_27,GPU,1,1,175830.0,175830.0
MoE_decoder_27,GPU,2,1,175830.0,175830.0
MoE_decoder_27,GPU,3,1,175830.0,175830.0
MoE_decoder_28,GPU,0,1,174486.0,174486.0
MoE_decoder_28,GPU,1,1,174486.0,174486.0
MoE_decoder_28,GPU,2,1,174486.0,174486.0
MoE_decoder_28,GPU,3,1,174486.0,174486.0
MoE_decoder_29,GPU,0,1,169443.0,169443.0
MoE_decoder_29,GPU,1,1,169443.0,169443.0
MoE_decoder_29,GPU,2,1,169443.0,169443.0
MoE_decoder_29,GPU,3,1,169443.0,169443.0
MoE_decoder_3,GPU,0,1,169510.0,169510.0
MoE_decoder_3,GPU,1,1,169510.0,169510.0
MoE_decoder_3,GPU,2,1,169510.0,169510.0
MoE_decoder_3,GPU,3,1,169510.0,169510.0
MoE_decoder_30,GPU,0,1,169311.0,169311.0
MoE_decoder_30,GPU,1,1,169311.0,169311.0
MoE_decoder_30,GPU,2,1,169311.0,169311.0
MoE_decoder_30,GPU,3,1,169311.0,169311.0
MoE_decoder_31,GPU,0,1,169311.0,169311.0
MoE_decoder_31,GPU,1,1,169311.0,169311.0
MoE_decoder_31,GPU,2,1,169311.0,169311.0
MoE_decoder_31,GPU,3,1,169311.0,169311.0
MoE_decoder_4,GPU,0,1,169377.0,169377.0
MoE_decoder_4,GPU,1,1,169377.0,169377.0
MoE_decoder_4,GPU,2,1,169377.0,169377.0
MoE_decoder_4,GPU,3,1,169377.0,169377.0
MoE_decoder_5,GPU,0,1,169410.0,169410.0
MoE_decoder_5,GPU,1,1,169410.0,169410.0
MoE_decoder_5,GPU,2,1,169410.0,169410.0
MoE_decoder_5,GPU,3,1,169410.0,169410.0
MoE_decoder_6,GPU,0,1,169476.0,169476.0
MoE_decoder_6,GPU,1,1,169476.0,169476.0
MoE_decoder_6,GPU,2,1,169476.0,169476.0
MoE_decoder_6,GPU,3,1,169476.0,169476.0
MoE_decoder_7,GPU,0,1,169377.0,169377.0
MoE_decoder_7,GPU,1,1,169377.0,169377.0
MoE_decoder_7,GPU,2,1,169377.0,169377.0
MoE_decoder_7,GPU,3,1,169377.0,169377.0
MoE_decoder_8,GPU,0,1,169476.0,169476.0
MoE_decoder_8,GPU,1,1,169476.0,169476.0
MoE_decoder_8,GPU,2,1,169476.0,169476.0
MoE_decoder_8,GPU,3,1,169476.0,169476.0
MoE_decoder_9,GPU,0,1,174486.0,174486.0
MoE_decoder_9,GPU,1,1,174486.0,174486.0
MoE_decoder_9,GPU,2,1,174486.0,174486.0
MoE_decoder_9,GPU,3,1,174486.0,174486.0
activation,GPU,0,50,5463.0076,109.260152
activation,GPU,1,50,5463.0076,109.260152
activation,GPU,2,50,5463.0076,109.260152
activation,GPU,3,50,5463.0076,109.260152
activation,Logic,0,206,4033.97738,19.582414466019415
activation,Logic,1,206,4033.97738,19.582414466019415
activation,Logic,2,206,4033.97738,19.582414466019415
activation,Logic,3,206,4033.97738,19.582414466019415
all_reduce,GPU,0,32,659884.8,20621.4
all_reduce,GPU,1,32,659884.8,20621.4
all_reduce,GPU,2,32,659884.8,20621.4
all_reduce,GPU,3,32,659884.8,20621.4
attention,GPU,0,32,1275840.0,39870.0
attention,GPU,1,32,1275840.0,39870.0
attention,GPU,2,32,1275840.0,39870.0
attention,GPU,3,32,1275840.0,39870.0
attn_o_proj,GPU,0,32,136793.28,4274.79
attn_o_proj,GPU,1,32,136793.28,4274.79
attn_o_proj,GPU,2,32,136793.28,4274.79
attn_o_proj,GPU,3,32,136793.28,4274.79
attn_qkv_proj,GPU,0,32,203132.8,6347.9
attn_qkv_proj,GPU,1,32,203132.8,6347.9
attn_qkv_proj,GPU,2,32,203132.8,6347.9
attn_qkv_proj,GPU,3,32,203132.8,6347.9
down_proj,GPU,0,256,1519279.79,5934.6866796875
down_proj,GPU,1,256,1519279.79,5934.6866796875
down_proj,GPU,2,256,1519279.79,5934.6866796875
down_proj,GPU,3,256,1519279.79,5934.6866796875
expertFFN,GPU,0,32,4153830.0,129807.1875
expertFFN,GPU,1,32,4153830.0,129807.1875
expertFFN,GPU,2,32,4153830.0,129807.1875
expertFFN,GPU,3,32,4153830.0,129807.1875
expert_FFN_0,GPU,0,32,598753.9,18711.059375
expert_FFN_0,GPU,1,32,598753.9,18711.059375
expert_FFN_0,GPU,2,32,598753.9,18711.059375
expert_FFN_0,GPU,3,32,598753.9,18711.059375
expert_FFN_1,GPU,0,32,604180.9,18880.653125
expert_FFN_1,GPU,1,32,604180.9,18880.653125
expert_FFN_1,GPU,2,32,604180.9,18880.653125
expert_FFN_1,GPU,3,32,604180.9,18880.653125
expert_FFN_2,GPU,0,32,533571.7,16674.115625
expert_FFN_2,GPU,1,32,533571.7,16674.115625
expert_FFN_2,GPU,2,32,533571.7,16674.115625
expert_FFN_2,GPU,3,32,533571.7,16674.115625
expert_FFN_3,GPU,0,32,525595.7000000001,16424.865625000002
expert_FFN_3,GPU,1,32,525595.7000000001,16424.865625000002
expert_FFN_3,GPU,2,32,525595.7000000001,16424.865625000002
expert_FFN_3,GPU,3,32,525595.7000000001,16424.865625000002
expert_FFN_4,GPU,0,32,626060.2,19564.38125
expert_FFN_4,GPU,1,32,626060.2,19564.38125
expert_FFN_4,GPU,2,32,626060.2,19564.38125
expert_FFN_4,GPU,3,32,626060.2,19564.38125
expert_FFN_5,GPU,0,32,623155.5,19473.609375
expert_FFN_5,GPU,1,32,623155.5,19473.609375
expert_FFN_5,GPU,2,32,623155.5,19473.609375
expert_FFN_5,GPU,3,32,623155.5,19473.609375
expert_FFN_6,GPU,0,32,530613.4,16581.66875
expert_FFN_6,GPU,1,32,530613.4,16581.66875
expert_FFN_6,GPU,2,32,530613.4,16581.66875
expert_FFN_6,GPU,3,32,530613.4,16581.66875
expert_FFN_7,GPU,0,32,525404.9,16418.903125
expert_FFN_7,GPU,1,32,525404.9,16418.903125
expert_FFN_7,GPU,2,32,525404.9,16418.903125
expert_FFN_7,GPU,3,32,525404.9,16418.903125
gate_fn,GPU,0,32,5150.624,160.957
gate_fn,GPU,1,32,5150.624,160.957
gate_fn,GPU,2,32,5150.624,160.957
gate_fn,GPU,3,32,5150.624,160.957
gate_proj,GPU,0,256,1519279.79,5934.6866796875
gate_proj,GPU,1,256,1519279.79,5934.6866796875
gate_proj,GPU,2,256,1519279.79,5934.6866796875
gate_proj,GPU,3,256,1519279.79,5934.6866796875
gate_update,GPU,0,32,0.0,0.0
gate_update,GPU,1,32,0.0,0.0
gate_update,GPU,2,32,0.0,0.0
gate_update,GPU,3,32,0.0,0.0
input_layer_norm,GPU,0,32,8356.736,261.148
input_layer_norm,GPU,1,32,8356.736,261.148
input_layer_norm,GPU,2,32,8356.736,261.148
input_layer_norm,GPU,3,32,8356.736,261.148
moe_all_reduce_for_e_tp,GPU,0,32,659884.8,20621.4
moe_all_reduce_for_e_tp,GPU,1,32,659884.8,20621.4
moe_all_reduce_for_e_tp,GPU,2,32,659884.8,20621.4
moe_all_reduce_for_e_tp,GPU,3,32,659884.8,20621.4
moe_all_reduce_for_gather,GPU,0,32,659884.8,20621.4
moe_all_reduce_for_gather,GPU,1,32,659884.8,20621.4
moe_all_reduce_for_gather,GPU,2,32,659884.8,20621.4
moe_all_reduce_for_gather,GPU,3,32,659884.8,20621.4
moe_gather,GPU,0,32,0.0,0.0
moe_gather,GPU,1,32,0.0,0.0
moe_gather,GPU,2,32,0.0,0.0
moe_gather,GPU,3,32,0.0,0.0
moe_route,GPU,0,32,0.0,0.0
moe_route,GPU,1,32,0.0,0.0
moe_route,GPU,2,32,0.0,0.0
moe_route,GPU,3,32,0.0,0.0
moe_scatter,GPU,0,32,0.0,0.0
moe_scatter,GPU,1,32,0.0,0.0
moe_scatter,GPU,2,32,0.0,0.0
moe_scatter,GPU,3,32,0.0,0.0
post_attn_layer_norm,GPU,0,32,8356.736,261.148
post_attn_layer_norm,GPU,1,32,8356.736,261.148
post_attn_layer_norm,GPU,2,32,8356.736,261.148
post_attn_layer_norm,GPU,3,32,8356.736,261.148
residual_1,GPU,0,32,8356.736,261.148
residual_1,GPU,1,32,8356.736,261.148
residual_1,GPU,2,32,8356.736,261.148
residual_1,GPU,3,32,8356.736,261.148
residual_2,GPU,0,32,8356.736,261.148
residual_2,GPU,1,32,8356.736,261.148
residual_2,GPU,2,32,8356.736,261.148
residual_2,GPU,3,32,8356.736,261.148
self_attention,GPU,0,32,276029.12,8625.91
self_attention,GPU,1,32,276029.12,8625.91
self_attention,GPU,2,32,276029.12,8625.91
self_attention,GPU,3,32,276029.12,8625.91
sync_0,GPU,0,32,0.0,0.0
sync_0,GPU,1,32,0.0,0.0
sync_0,GPU,2,32,0.0,0.0
sync_0,GPU,3,32,0.0,0.0
sync_2,GPU,0,32,0.0,0.0
sync_2,GPU,1,32,0.0,0.0
sync_2,GPU,2,32,0.0,0.0
sync_2,GPU,3,32,0.0,0.0
sync_3,GPU,0,32,0.0,0.0
sync_3,GPU,1,32,0.0,0.0
sync_3,GPU,2,32,0.0,0.0
sync_3,GPU,3,32,0.0,0.0
sync_5,GPU,0,32,0.0,0.0
sync_5,GPU,1,32,0.0,0.0
sync_5,GPU,2,32,0.0,0.0
sync_5,GPU,3,32,0.0,0.0
sync_6,GPU,0,32,0.0,0.0
sync_6,GPU,1,32,0.0,0.0
sync_6,GPU,2,32,0.0,0.0
sync_6,GPU,3,32,0.0,0.0
sync__,GPU,0,224,0.0,0.0
sync__,GPU,1,224,0.0,0.0
sync__,GPU,2,224,0.0,0.0
sync__,GPU,3,224,0.0,0.0
sync__set,GPU,0,224,0.0,0.0
sync__set,GPU,1,224,0.0,0.0
sync__set,GPU,2,224,0.0,0.0
sync__set,GPU,3,224,0.0,0.0
sync_for_moe_gather,GPU,0,32,0.0,0.0
sync_for_moe_gather,GPU,1,32,0.0,0.0
sync_for_moe_gather,GPU,2,32,0.0,0.0
sync_for_moe_gather,GPU,3,32,0.0,0.0
sync_for_moe_scatter,GPU,0,32,0.0,0.0
sync_for_moe_scatter,GPU,1,32,0.0,0.0
sync_for_moe_scatter,GPU,2,32,0.0,0.0
sync_for_moe_scatter,GPU,3,32,0.0,0.0
up_proj,GPU,0,256,1519279.79,5934.6866796875
up_proj,GPU,1,256,1519279.79,5934.6866796875
up_proj,GPU,2,256,1519279.79,5934.6866796875
up_proj,GPU,3,256,1519279.79,5934.6866796875
