layer_id,expert_id,access_count,access_fraction
0,0,98,0.153125
0,1,66,0.103125
0,2,74,0.115625
0,3,90,0.140625
0,4,80,0.125
0,5,70,0.109375
0,6,78,0.121875
0,7,84,0.13125
1,0,104,0.1625
1,1,44,0.06875
1,2,104,0.1625
1,3,80,0.125
1,4,86,0.134375
1,5,52,0.08125
1,6,80,0.125
1,7,90,0.140625
2,0,74,0.115625
2,1,76,0.11875
2,2,86,0.134375
2,3,70,0.109375
2,4,78,0.121875
2,5,96,0.15
2,6,84,0.13125
2,7,76,0.11875
3,0,96,0.15
3,1,58,0.090625
3,2,80,0.125
3,3,88,0.1375
3,4,86,0.134375
3,5,86,0.134375
3,6,76,0.11875
3,7,70,0.109375
4,0,70,0.109375
4,1,88,0.1375
4,2,66,0.103125
4,3,78,0.121875
4,4,94,0.146875
4,5,80,0.125
4,6,82,0.128125
4,7,82,0.128125
5,0,90,0.140625
5,1,70,0.109375
5,2,80,0.125
5,3,66,0.103125
5,4,104,0.1625
5,5,82,0.128125
5,6,78,0.121875
5,7,70,0.109375
6,0,76,0.11875
6,1,88,0.1375
6,2,80,0.125
6,3,84,0.13125
6,4,68,0.10625
6,5,82,0.128125
6,6,88,0.1375
6,7,74,0.115625
7,0,94,0.146875
7,1,76,0.11875
7,2,62,0.096875
7,3,98,0.153125
7,4,56,0.0875
7,5,80,0.125
7,6,86,0.134375
7,7,88,0.1375
8,0,96,0.15
8,1,70,0.109375
8,2,84,0.13125
8,3,88,0.1375
8,4,88,0.1375
8,5,64,0.1
8,6,82,0.128125
8,7,68,0.10625
9,0,86,0.134375
9,1,90,0.140625
9,2,78,0.121875
9,3,66,0.103125
9,4,78,0.121875
9,5,80,0.125
9,6,92,0.14375
9,7,70,0.109375
10,0,88,0.1375
10,1,62,0.096875
10,2,66,0.103125
10,3,100,0.15625
10,4,84,0.13125
10,5,84,0.13125
10,6,92,0.14375
10,7,64,0.1
11,0,68,0.10625
11,1,64,0.1
11,2,84,0.13125
11,3,74,0.115625
11,4,86,0.134375
11,5,94,0.146875
11,6,94,0.146875
11,7,76,0.11875
12,0,66,0.103125
12,1,88,0.1375
12,2,92,0.14375
12,3,88,0.1375
12,4,104,0.1625
12,5,76,0.11875
12,6,54,0.084375
12,7,72,0.1125
13,0,84,0.13125
13,1,84,0.13125
13,2,84,0.13125
13,3,72,0.1125
13,4,64,0.1
13,5,68,0.10625
13,6,88,0.1375
13,7,96,0.15
14,0,88,0.1375
14,1,84,0.13125
14,2,76,0.11875
14,3,70,0.109375
14,4,76,0.11875
14,5,92,0.14375
14,6,86,0.134375
14,7,68,0.10625
15,0,66,0.103125
15,1,90,0.140625
15,2,86,0.134375
15,3,68,0.10625
15,4,80,0.125
15,5,84,0.13125
15,6,76,0.11875
15,7,90,0.140625
16,0,92,0.14375
16,1,72,0.1125
16,2,78,0.121875
16,3,82,0.128125
16,4,94,0.146875
16,5,54,0.084375
16,6,90,0.140625
16,7,78,0.121875
17,0,66,0.103125
17,1,94,0.146875
17,2,74,0.115625
17,3,72,0.1125
17,4,92,0.14375
17,5,84,0.13125
17,6,70,0.109375
17,7,88,0.1375
18,0,60,0.09375
18,1,96,0.15
18,2,74,0.115625
18,3,68,0.10625
18,4,90,0.140625
18,5,84,0.13125
18,6,84,0.13125
18,7,84,0.13125
19,0,62,0.096875
19,1,66,0.103125
19,2,112,0.175
19,3,74,0.115625
19,4,82,0.128125
19,5,76,0.11875
19,6,96,0.15
19,7,72,0.1125
20,0,94,0.146875
20,1,80,0.125
20,2,74,0.115625
20,3,86,0.134375
20,4,90,0.140625
20,5,72,0.1125
20,6,82,0.128125
20,7,62,0.096875
21,0,76,0.11875
21,1,70,0.109375
21,2,90,0.140625
21,3,70,0.109375
21,4,88,0.1375
21,5,78,0.121875
21,6,82,0.128125
21,7,86,0.134375
22,0,84,0.13125
22,1,92,0.14375
22,2,88,0.1375
22,3,74,0.115625
22,4,72,0.1125
22,5,76,0.11875
22,6,86,0.134375
22,7,68,0.10625
23,0,94,0.146875
23,1,64,0.1
23,2,78,0.121875
23,3,72,0.1125
23,4,78,0.121875
23,5,92,0.14375
23,6,84,0.13125
23,7,78,0.121875
24,0,92,0.14375
24,1,68,0.10625
24,2,72,0.1125
24,3,78,0.121875
24,4,76,0.11875
24,5,88,0.1375
24,6,82,0.128125
24,7,84,0.13125
25,0,82,0.128125
25,1,100,0.15625
25,2,62,0.096875
25,3,72,0.1125
25,4,90,0.140625
25,5,78,0.121875
25,6,80,0.125
25,7,76,0.11875
26,0,92,0.14375
26,1,82,0.128125
26,2,88,0.1375
26,3,66,0.103125
26,4,84,0.13125
26,5,76,0.11875
26,6,80,0.125
26,7,72,0.1125
27,0,72,0.1125
27,1,90,0.140625
27,2,76,0.11875
27,3,84,0.13125
27,4,92,0.14375
27,5,66,0.103125
27,6,86,0.134375
27,7,74,0.115625
28,0,94,0.146875
28,1,78,0.121875
28,2,72,0.1125
28,3,82,0.128125
28,4,76,0.11875
28,5,68,0.10625
28,6,82,0.128125
28,7,88,0.1375
29,0,82,0.128125
29,1,80,0.125
29,2,88,0.1375
29,3,76,0.11875
29,4,76,0.11875
29,5,74,0.115625
29,6,88,0.1375
29,7,76,0.11875
30,0,84,0.13125
30,1,68,0.10625
30,2,86,0.134375
30,3,82,0.128125
30,4,70,0.109375
30,5,100,0.15625
30,6,70,0.109375
30,7,80,0.125
31,0,88,0.1375
31,1,84,0.13125
31,2,80,0.125
31,3,88,0.1375
31,4,88,0.1375
31,5,70,0.109375
31,6,68,0.10625
31,7,74,0.115625
