layer_id,expert_id,count,min,median,mean,max
0,0,70,0.0,0.0,0.5428571428571428,4.0
0,1,46,0.0,0.0,0.5217391304347826,4.0
0,2,51,0.0,0.0,0.47058823529411764,3.0
0,3,63,0.0,0.0,0.36507936507936506,3.0
0,4,56,0.0,0.0,0.5178571428571429,4.0
0,5,46,0.0,0.0,0.3695652173913043,2.0
0,6,55,0.0,0.0,0.4909090909090909,4.0
0,7,60,0.0,0.0,0.5166666666666667,4.0
1,0,78,0.0,0.0,0.5512820512820513,3.0
1,1,28,0.0,0.0,0.4642857142857143,3.0
1,2,74,0.0,0.0,0.4594594594594595,4.0
1,3,55,0.0,0.0,0.5272727272727272,4.0
1,4,63,0.0,0.0,0.6349206349206349,4.0
1,5,36,0.0,0.0,0.4166666666666667,3.0
1,6,57,0.0,0.0,0.47368421052631576,3.0
1,7,64,0.0,0.0,0.5625,4.0
2,0,50,0.0,0.0,0.56,4.0
2,1,51,0.0,0.0,0.43137254901960786,4.0
2,2,59,0.0,0.0,0.5084745762711864,4.0
2,3,46,0.0,0.0,0.41304347826086957,3.0
2,4,54,0.0,0.0,0.46296296296296297,4.0
2,5,70,0.0,0.0,0.6571428571428571,4.0
2,6,57,0.0,0.0,0.543859649122807,4.0
2,7,50,0.0,0.0,0.34,2.0
3,0,69,0.0,0.0,0.5507246376811594,4.0
3,1,40,0.0,0.0,0.475,3.0
3,2,54,0.0,0.0,0.4074074074074074,4.0
3,3,65,0.0,0.0,0.49230769230769234,4.0
3,4,59,0.0,0.0,0.4406779661016949,2.0
3,5,59,0.0,0.0,0.4576271186440678,3.0
3,6,52,0.0,0.0,0.5192307692307693,4.0
3,7,47,0.0,0.0,0.5319148936170213,4.0
4,0,50,0.0,0.0,0.5,3.0
4,1,63,0.0,0.0,0.5079365079365079,4.0
4,2,42,0.0,0.0,0.38095238095238093,4.0
4,3,54,0.0,0.0,0.4074074074074074,3.0
4,4,69,0.0,0.0,0.6086956521739131,4.0
4,5,55,0.0,0.0,0.43636363636363634,3.0
4,6,58,0.0,0.0,0.6551724137931034,4.0
4,7,58,0.0,0.0,0.5517241379310345,4.0
5,0,61,0.0,0.0,0.4098360655737705,3.0
5,1,48,0.0,0.0,0.4166666666666667,3.0
5,2,53,0.0,0.0,0.41509433962264153,4.0
5,3,43,0.0,0.0,0.4186046511627907,4.0
5,4,74,0.0,0.0,0.5540540540540541,4.0
5,5,59,0.0,0.0,0.559322033898305,3.0
5,6,53,0.0,0.0,0.4716981132075472,4.0
5,7,45,0.0,0.0,0.4222222222222222,4.0
6,0,50,0.0,0.0,0.48,4.0
6,1,62,0.0,0.0,0.5806451612903226,4.0
6,2,55,0.0,0.0,0.6545454545454545,4.0
6,3,58,0.0,0.0,0.43103448275862066,3.0
6,4,42,0.0,0.0,0.35714285714285715,3.0
6,5,58,0.0,0.0,0.5344827586206896,4.0
6,6,62,0.0,0.0,0.43548387096774194,3.0
6,7,47,0.0,0.0,0.3404255319148936,3.0
7,0,67,0.0,0.0,0.5522388059701493,4.0
7,1,52,0.0,0.0,0.38461538461538464,2.0
7,2,41,0.0,0.0,0.3902439024390244,3.0
7,3,71,0.0,0.0,0.49295774647887325,3.0
7,4,34,0.0,0.0,0.2647058823529412,2.0
7,5,54,0.0,0.0,0.35185185185185186,3.0
7,6,62,0.0,0.0,0.4838709677419355,4.0
7,7,61,0.0,0.0,0.5081967213114754,4.0
8,0,68,0.0,0.0,0.45588235294117646,3.0
8,1,44,0.0,0.0,0.45454545454545453,4.0
8,2,57,0.0,0.0,0.5614035087719298,4.0
8,3,61,0.0,0.0,0.5245901639344263,4.0
8,4,65,0.0,0.0,0.46153846153846156,3.0
8,5,43,0.0,0.0,0.3953488372093023,3.0
8,6,60,0.0,0.0,0.5166666666666667,4.0
8,7,45,0.0,0.0,0.5111111111111111,3.0
9,0,61,0.0,0.0,0.4426229508196721,3.0
9,1,64,0.0,0.0,0.53125,3.0
9,2,53,0.0,0.0,0.4339622641509434,3.0
9,3,45,0.0,0.0,0.4,4.0
9,4,52,0.0,0.0,0.40384615384615385,3.0
9,5,55,0.0,0.0,0.4727272727272727,3.0
9,6,68,0.0,0.0,0.5588235294117647,4.0
9,7,49,0.0,0.0,0.4897959183673469,3.0
10,0,61,0.0,0.0,0.5081967213114754,4.0
10,1,40,0.0,0.0,0.45,3.0
10,2,45,0.0,0.0,0.5555555555555556,4.0
10,3,72,0.0,0.0,0.4166666666666667,3.0
10,4,59,0.0,0.0,0.6610169491525424,4.0
10,5,56,0.0,0.0,0.39285714285714285,3.0
10,6,68,0.0,0.0,0.6029411764705882,4.0
10,7,43,0.0,0.0,0.4418604651162791,3.0
11,0,47,0.0,0.0,0.425531914893617,3.0
11,1,42,0.0,0.0,0.3333333333333333,4.0
11,2,57,0.0,0.0,0.3684210526315789,3.0
11,3,47,0.0,0.0,0.5106382978723404,4.0
11,4,60,0.0,0.0,0.5833333333333334,4.0
11,5,67,0.0,0.0,0.47761194029850745,3.0
11,6,67,0.0,0.0,0.6268656716417911,4.0
11,7,53,0.0,0.0,0.49056603773584906,3.0
12,0,43,0.0,0.0,0.5116279069767442,4.0
12,1,63,0.0,0.0,0.5396825396825397,4.0
12,2,63,0.0,0.0,0.5555555555555556,3.0
12,3,61,0.0,0.0,0.5409836065573771,4.0
12,4,77,0.0,0.0,0.5194805194805194,3.0
12,5,51,0.0,0.0,0.5098039215686274,4.0
12,6,33,0.0,0.0,0.3939393939393939,4.0
12,7,49,0.0,0.0,0.5102040816326531,3.0
13,0,59,0.0,0.0,0.4576271186440678,4.0
13,1,59,0.0,0.0,0.5423728813559322,4.0
13,2,60,0.0,0.0,0.5333333333333333,3.0
13,3,51,0.0,0.0,0.47058823529411764,3.0
13,4,43,0.0,0.0,0.37209302325581395,3.0
13,5,45,0.0,0.0,0.4444444444444444,3.0
13,6,60,0.0,0.0,0.38333333333333336,2.0
13,7,69,0.0,0.0,0.5507246376811594,4.0
14,0,64,0.0,0.0,0.546875,3.0
14,1,59,0.0,0.0,0.559322033898305,4.0
14,2,51,0.0,0.0,0.5490196078431373,4.0
14,3,48,0.0,0.0,0.4791666666666667,3.0
14,4,55,0.0,0.0,0.6181818181818182,4.0
14,5,66,0.0,0.0,0.5,4.0
14,6,59,0.0,0.0,0.5254237288135594,4.0
14,7,49,0.0,0.0,0.5102040816326531,4.0
15,0,43,0.0,0.0,0.5581395348837209,4.0
15,1,65,0.0,0.0,0.5230769230769231,4.0
15,2,64,0.0,0.0,0.546875,3.0
15,3,46,0.0,0.0,0.5217391304347826,4.0
15,4,56,0.0,0.0,0.44642857142857145,4.0
15,5,58,0.0,0.0,0.5689655172413793,3.0
15,6,55,0.0,0.0,0.4727272727272727,3.0
15,7,62,0.0,0.0,0.41935483870967744,4.0
16,0,65,0.0,0.0,0.47692307692307695,3.0
16,1,50,0.0,0.0,0.44,4.0
16,2,53,0.0,0.0,0.4339622641509434,4.0
16,3,57,0.0,0.0,0.45614035087719296,4.0
16,4,68,0.0,0.0,0.45588235294117646,4.0
16,5,34,0.0,0.0,0.6176470588235294,4.0
16,6,64,0.0,0.0,0.5625,3.0
16,7,54,0.0,0.0,0.5185185185185185,4.0
17,0,45,0.0,0.0,0.5777777777777777,4.0
17,1,71,0.0,0.0,0.5492957746478874,4.0
17,2,52,0.0,0.0,0.4423076923076923,3.0
17,3,51,0.0,0.0,0.5294117647058824,3.0
17,4,68,0.0,0.0,0.5588235294117647,3.0
17,5,60,0.0,0.0,0.55,4.0
17,6,47,0.0,0.0,0.40425531914893614,3.0
17,7,61,0.0,0.0,0.5245901639344263,4.0
18,0,36,0.0,0.0,0.3888888888888889,3.0
18,1,68,0.0,0.0,0.5882352941176471,4.0
18,2,51,0.0,0.0,0.5098039215686274,3.0
18,3,47,0.0,0.0,0.46808510638297873,4.0
18,4,64,0.0,0.0,0.578125,4.0
18,5,58,0.0,0.0,0.4482758620689655,4.0
18,6,60,0.0,0.0,0.5166666666666667,4.0
18,7,58,0.0,0.0,0.3793103448275862,3.0
19,0,45,0.0,0.0,0.5333333333333333,3.0
19,1,43,0.0,0.0,0.46511627906976744,3.0
19,2,84,0.0,0.0,0.5119047619047619,4.0
19,3,48,0.0,0.0,0.375,3.0
19,4,58,0.0,0.0,0.5689655172413793,4.0
19,5,51,0.0,0.0,0.49019607843137253,4.0
19,6,70,0.0,0.0,0.44285714285714284,4.0
19,7,47,0.0,0.0,0.40425531914893614,4.0
20,0,67,0.0,0.0,0.47761194029850745,4.0
20,1,53,0.0,0.0,0.3584905660377358,3.0
20,2,51,0.0,0.0,0.47058823529411764,4.0
20,3,61,0.0,0.0,0.5081967213114754,3.0
20,4,62,0.0,0.0,0.4838709677419355,4.0
20,5,47,0.0,0.0,0.40425531914893614,4.0
20,6,59,0.0,0.0,0.4406779661016949,4.0
20,7,41,0.0,0.0,0.34146341463414637,3.0
21,0,53,0.0,0.0,0.33962264150943394,3.0
21,1,47,0.0,0.0,0.5319148936170213,4.0
21,2,66,0.0,0.0,0.5454545454545454,3.0
21,3,47,0.0,0.0,0.5319148936170213,3.0
21,4,63,0.0,0.0,0.6507936507936508,3.0
21,5,56,0.0,0.0,0.5357142857142857,4.0
21,6,57,0.0,0.0,0.49122807017543857,3.0
21,7,62,0.0,0.0,0.46774193548387094,3.0
22,0,58,0.0,0.0,0.4482758620689655,3.0
22,1,65,0.0,0.0,0.4307692307692308,3.0
22,2,63,0.0,0.0,0.5079365079365079,4.0
22,3,52,0.0,0.0,0.4807692307692308,4.0
22,4,49,0.0,0.0,0.5102040816326531,4.0
22,5,51,0.0,0.0,0.4117647058823529,4.0
22,6,57,0.0,0.0,0.42105263157894735,4.0
22,7,49,0.0,0.0,0.6122448979591837,4.0
23,0,69,0.0,0.0,0.5217391304347826,3.0
23,1,43,0.0,0.0,0.4186046511627907,3.0
23,2,54,0.0,0.0,0.48148148148148145,4.0
23,3,50,0.0,0.0,0.58,4.0
23,4,55,0.0,0.0,0.4909090909090909,4.0
23,5,66,0.0,0.0,0.48484848484848486,3.0
23,6,57,0.0,0.0,0.49122807017543857,4.0
23,7,54,0.0,0.0,0.46296296296296297,4.0
24,0,66,0.0,0.0,0.4393939393939394,3.0
24,1,45,0.0,0.0,0.4666666666666667,4.0
24,2,49,0.0,0.0,0.46938775510204084,4.0
24,3,53,0.0,0.0,0.49056603773584906,4.0
24,4,50,0.0,0.0,0.42,4.0
24,5,65,0.0,0.0,0.676923076923077,4.0
24,6,56,0.0,0.0,0.42857142857142855,3.0
24,7,59,0.0,0.0,0.4745762711864407,3.0
25,0,58,0.0,0.0,0.46551724137931033,3.0
25,1,73,0.0,0.0,0.5753424657534246,4.0
25,2,39,0.0,0.0,0.5128205128205128,4.0
25,3,47,0.0,0.0,0.3617021276595745,3.0
25,4,66,0.0,0.0,0.6363636363636364,4.0
25,5,51,0.0,0.0,0.39215686274509803,3.0
25,6,57,0.0,0.0,0.5789473684210527,4.0
25,7,50,0.0,0.0,0.5,4.0
26,0,68,0.0,0.0,0.5882352941176471,4.0
26,1,60,0.0,0.0,0.6,4.0
26,2,63,0.0,0.0,0.5079365079365079,3.0
26,3,43,0.0,0.0,0.37209302325581395,3.0
26,4,59,0.0,0.0,0.5084745762711864,4.0
26,5,49,0.0,0.0,0.40816326530612246,4.0
26,6,54,0.0,0.0,0.46296296296296297,3.0
26,7,48,0.0,0.0,0.4166666666666667,3.0
27,0,48,0.0,0.0,0.4583333333333333,4.0
27,1,65,0.0,0.0,0.5076923076923077,4.0
27,2,53,0.0,0.0,0.49056603773584906,3.0
27,3,59,0.0,0.0,0.4067796610169492,3.0
27,4,68,0.0,0.0,0.5882352941176471,4.0
27,5,42,0.0,0.0,0.40476190476190477,3.0
27,6,61,0.0,0.0,0.5737704918032787,4.0
27,7,48,0.0,0.0,0.375,3.0
28,0,68,0.0,0.0,0.5,3.0
28,1,55,0.0,0.0,0.5272727272727272,4.0
28,2,46,0.0,0.0,0.41304347826086957,4.0
28,3,59,0.0,0.0,0.4576271186440678,3.0
28,4,50,0.0,0.0,0.38,4.0
28,5,44,0.0,0.0,0.45454545454545453,4.0
28,6,56,0.0,0.0,0.4107142857142857,3.0
28,7,59,0.0,0.0,0.4067796610169492,3.0
29,0,54,0.0,0.0,0.5370370370370371,4.0
29,1,52,0.0,0.0,0.5,4.0
29,2,62,0.0,0.0,0.6612903225806451,4.0
29,3,52,0.0,0.0,0.3269230769230769,2.0
29,4,52,0.0,0.0,0.4807692307692308,3.0
29,5,50,0.0,0.0,0.44,4.0
29,6,61,0.0,0.0,0.39344262295081966,3.0
29,7,55,0.0,0.0,0.4909090909090909,4.0
30,0,58,0.0,0.0,0.3620689655172414,3.0
30,1,46,0.0,0.0,0.41304347826086957,3.0
30,2,61,0.0,0.0,0.4426229508196721,3.0
30,3,56,0.0,0.0,0.5892857142857143,4.0
30,4,47,0.0,0.0,0.46808510638297873,4.0
30,5,73,0.0,0.0,0.5342465753424658,4.0
30,6,47,0.0,0.0,0.44680851063829785,3.0
30,7,56,0.0,0.0,0.5892857142857143,4.0
31,0,63,0.0,0.0,0.6190476190476191,4.0
31,1,59,0.0,0.0,0.5423728813559322,4.0
31,2,55,0.0,0.0,0.43636363636363634,3.0
31,3,65,0.0,0.0,0.4307692307692308,3.0
31,4,61,0.0,0.0,0.5081967213114754,4.0
31,5,47,0.0,0.0,0.5319148936170213,4.0
31,6,47,0.0,0.0,0.46808510638297873,3.0
31,7,52,0.0,0.0,0.5384615384615384,3.0
