expert_pair,count
"(2, 2, 6, 6)",203
"(4, 4, 6, 6)",201
"(0, 0, 5, 5)",201
"(4, 4, 5, 5)",199
"(0, 0, 1, 1)",197
"(3, 3, 6, 6)",195
"(0, 0, 2, 2)",193
"(1, 1, 6, 6)",193
"(0, 0, 3, 3)",191
"(4, 4, 7, 7)",190
"(0, 0, 7, 7)",190
"(2, 2, 4, 4)",190
"(3, 3, 4, 4)",188
"(2, 2, 7, 7)",187
"(0, 0, 4, 4)",187
"(1, 1, 3, 3)",182
"(1, 1, 5, 5)",177
"(5, 5, 6, 6)",176
"(6, 6, 7, 7)",175
"(2, 2, 5, 5)",175
"(3, 3, 7, 7)",172
"(5, 5, 7, 7)",171
"(2, 2, 3, 3)",171
"(1, 1, 4, 4)",170
"(0, 0, 6, 6)",170
"(1, 1, 2, 2)",168
"(3, 3, 5, 5)",154
"(1, 1, 7, 7)",154
