layer_id,entropy,normalized_entropy
0,2.989181220373348,0.9963937401244493
1,2.9488603438049332,0.9829534479349777
2,2.993388176380491,0.997796058793497
3,2.9855009576462335,0.9951669858820779
4,2.991935427729244,0.9973118092430813
5,2.9852452376260734,0.9950817458753578
6,2.9950880110646594,0.9983626703548865
7,2.9775055111102304,0.9925018370367434
8,2.9871037554613236,0.9957012518204412
9,2.9916936193739225,0.9972312064579741
10,2.979767451882244,0.9932558172940813
11,2.9872942670491285,0.9957647556830428
12,2.9740461829434137,0.9913487276478046
13,2.988127397452315,0.9960424658174384
14,2.9924071866846758,0.9974690622282253
15,2.9912699488677994,0.9970899829559331
16,2.982230647345985,0.9940768824486618
17,2.9884942352113693,0.9961647450704564
18,2.985759927266697,0.995253309088899
19,2.9741683464153144,0.9913894488051048
20,2.989076951128306,0.9963589837094354
21,2.993993281046613,0.9979977603488711
22,2.99265430082135,0.9975514336071166
23,2.9902524154405317,0.9967508051468439
24,2.993556926619763,0.9978523088732544
25,2.9872022432348384,0.9957340810782794
26,2.9928140935066874,0.9976046978355625
27,2.9913740900366257,0.9971246966788753
28,2.9930440313608258,0.997681343786942
29,2.9969898152443686,0.9989966050814562
30,2.9889286277900826,0.9963095425966942
31,2.9930285763367928,0.9976761921122642
