logical_expert,next_logical_expert,count
L0_E0,L0_E0,49
L0_E0,L1_E0,15
L0_E0,L1_E1,5
L0_E0,L1_E2,12
L0_E0,L1_E3,7
L0_E0,L1_E4,5
L0_E0,L1_E5,3
L0_E0,L1_E6,2
L0_E1,L0_E1,33
L0_E1,L1_E0,12
L0_E1,L1_E1,1
L0_E1,L1_E2,8
L0_E1,L1_E3,4
L0_E1,L1_E4,3
L0_E1,L1_E5,1
L0_E1,L1_E6,4
L0_E2,L0_E2,37
L0_E2,L1_E0,7
L0_E2,L1_E1,7
L0_E2,L1_E2,6
L0_E2,L1_E3,7
L0_E2,L1_E4,4
L0_E2,L1_E5,1
L0_E2,L1_E6,3
L0_E2,L1_E7,2
L0_E3,L0_E3,45
L0_E3,L1_E0,8
L0_E3,L1_E1,2
L0_E3,L1_E2,6
L0_E3,L1_E3,4
L0_E3,L1_E4,6
L0_E3,L1_E5,4
L0_E3,L1_E6,8
L0_E3,L1_E7,7
L0_E4,L0_E4,40
L0_E4,L1_E0,6
L0_E4,L1_E1,3
L0_E4,L1_E2,10
L0_E4,L1_E3,2
L0_E4,L1_E4,6
L0_E4,L1_E5,3
L0_E4,L1_E6,3
L0_E4,L1_E7,7
L0_E5,L0_E5,35
L0_E5,L1_E0,2
L0_E5,L1_E1,1
L0_E5,L1_E2,5
L0_E5,L1_E3,4
L0_E5,L1_E4,3
L0_E5,L1_E5,4
L0_E5,L1_E6,7
L0_E5,L1_E7,9
L0_E6,L0_E6,39
L0_E6,L1_E0,2
L0_E6,L1_E1,2
L0_E6,L1_E2,3
L0_E6,L1_E3,3
L0_E6,L1_E4,8
L0_E6,L1_E5,6
L0_E6,L1_E6,5
L0_E6,L1_E7,10
L0_E7,L0_E7,42
L0_E7,L1_E1,1
L0_E7,L1_E2,2
L0_E7,L1_E3,9
L0_E7,L1_E4,8
L0_E7,L1_E5,4
L0_E7,L1_E6,8
L0_E7,L1_E7,10
L10_E0,L10_E0,44
L10_E0,L11_E0,10
L10_E0,L11_E1,10
L10_E0,L11_E2,8
L10_E0,L11_E3,7
L10_E0,L11_E4,5
L10_E0,L11_E5,1
L10_E0,L11_E6,3
L10_E1,L10_E1,31
L10_E1,L11_E0,5
L10_E1,L11_E1,3
L10_E1,L11_E2,7
L10_E1,L11_E3,9
L10_E1,L11_E4,2
L10_E1,L11_E5,3
L10_E1,L11_E6,1
L10_E1,L11_E7,1
L10_E2,L10_E2,33
L10_E2,L11_E0,2
L10_E2,L11_E1,2
L10_E2,L11_E2,10
L10_E2,L11_E3,5
L10_E2,L11_E4,7
L10_E2,L11_E5,4
L10_E2,L11_E6,2
L10_E2,L11_E7,1
L10_E3,L10_E3,50
L10_E3,L11_E0,8
L10_E3,L11_E1,5
L10_E3,L11_E2,7
L10_E3,L11_E3,3
L10_E3,L11_E4,4
L10_E3,L11_E5,11
L10_E3,L11_E6,7
L10_E3,L11_E7,5
L10_E4,L10_E4,42
L10_E4,L11_E0,4
L10_E4,L11_E1,5
L10_E4,L11_E2,5
L10_E4,L11_E3,6
L10_E4,L11_E4,9
L10_E4,L11_E5,3
L10_E4,L11_E6,4
L10_E4,L11_E7,6
L10_E5,L10_E5,42
L10_E5,L11_E0,4
L10_E5,L11_E1,4
L10_E5,L11_E2,2
L10_E5,L11_E3,4
L10_E5,L11_E4,5
L10_E5,L11_E5,8
L10_E5,L11_E6,8
L10_E5,L11_E7,7
L10_E6,L10_E6,46
L10_E6,L11_E0,1
L10_E6,L11_E1,1
L10_E6,L11_E2,2
L10_E6,L11_E3,1
L10_E6,L11_E4,8
L10_E6,L11_E5,11
L10_E6,L11_E6,12
L10_E6,L11_E7,10
L10_E7,L10_E7,32
L10_E7,L11_E1,2
L10_E7,L11_E2,1
L10_E7,L11_E3,2
L10_E7,L11_E4,3
L10_E7,L11_E5,6
L10_E7,L11_E6,10
L10_E7,L11_E7,8
L11_E0,L11_E0,34
L11_E0,L12_E0,10
L11_E0,L12_E1,9
L11_E0,L12_E2,7
L11_E0,L12_E3,4
L11_E0,L12_E4,3
L11_E0,L12_E6,1
L11_E1,L11_E1,32
L11_E1,L12_E0,4
L11_E1,L12_E1,10
L11_E1,L12_E2,6
L11_E1,L12_E3,5
L11_E1,L12_E4,6
L11_E1,L12_E5,1
L11_E2,L11_E2,42
L11_E2,L12_E0,5
L11_E2,L12_E1,5
L11_E2,L12_E2,14
L11_E2,L12_E3,4
L11_E2,L12_E4,5
L11_E2,L12_E5,3
L11_E2,L12_E6,5
L11_E2,L12_E7,1
L11_E3,L11_E3,37
L11_E3,L12_E0,7
L11_E3,L12_E1,5
L11_E3,L12_E2,4
L11_E3,L12_E3,5
L11_E3,L12_E4,7
L11_E3,L12_E5,3
L11_E3,L12_E6,4
L11_E3,L12_E7,2
L11_E4,L11_E4,43
L11_E4,L12_E0,4
L11_E4,L12_E1,6
L11_E4,L12_E2,6
L11_E4,L12_E3,5
L11_E4,L12_E4,9
L11_E4,L12_E5,6
L11_E4,L12_E6,3
L11_E4,L12_E7,4
L11_E5,L11_E5,47
L11_E5,L12_E0,1
L11_E5,L12_E1,5
L11_E5,L12_E2,5
L11_E5,L12_E3,10
L11_E5,L12_E4,8
L11_E5,L12_E5,9
L11_E5,L12_E6,4
L11_E5,L12_E7,5
L11_E6,L11_E6,47
L11_E6,L12_E0,2
L11_E6,L12_E1,4
L11_E6,L12_E2,3
L11_E6,L12_E3,8
L11_E6,L12_E4,6
L11_E6,L12_E5,4
L11_E6,L12_E6,7
L11_E6,L12_E7,13
L11_E7,L11_E7,38
L11_E7,L12_E2,1
L11_E7,L12_E3,3
L11_E7,L12_E4,8
L11_E7,L12_E5,12
L11_E7,L12_E6,3
L11_E7,L12_E7,11
L12_E0,L12_E0,33
L12_E0,L13_E0,8
L12_E0,L13_E1,9
L12_E0,L13_E2,6
L12_E0,L13_E3,1
L12_E0,L13_E4,2
L12_E0,L13_E5,4
L12_E0,L13_E6,3
L12_E1,L12_E1,44
L12_E1,L13_E0,12
L12_E1,L13_E1,7
L12_E1,L13_E2,7
L12_E1,L13_E3,5
L12_E1,L13_E4,6
L12_E1,L13_E5,2
L12_E1,L13_E6,5
L12_E2,L12_E2,46
L12_E2,L13_E0,10
L12_E2,L13_E1,10
L12_E2,L13_E2,6
L12_E2,L13_E3,7
L12_E2,L13_E4,8
L12_E2,L13_E5,4
L12_E2,L13_E6,1
L12_E3,L12_E3,44
L12_E3,L13_E0,8
L12_E3,L13_E1,5
L12_E3,L13_E2,7
L12_E3,L13_E3,4
L12_E3,L13_E4,3
L12_E3,L13_E5,6
L12_E3,L13_E6,6
L12_E3,L13_E7,5
L12_E4,L12_E4,52
L12_E4,L13_E0,2
L12_E4,L13_E1,4
L12_E4,L13_E2,9
L12_E4,L13_E3,3
L12_E4,L13_E4,5
L12_E4,L13_E5,4
L12_E4,L13_E6,13
L12_E4,L13_E7,12
L12_E5,L12_E5,38
L12_E5,L13_E0,2
L12_E5,L13_E1,3
L12_E5,L13_E2,4
L12_E5,L13_E3,8
L12_E5,L13_E4,2
L12_E5,L13_E5,7
L12_E5,L13_E6,4
L12_E5,L13_E7,8
L12_E6,L12_E6,27
L12_E6,L13_E1,3
L12_E6,L13_E2,1
L12_E6,L13_E3,2
L12_E6,L13_E4,3
L12_E6,L13_E5,1
L12_E6,L13_E6,8
L12_E6,L13_E7,9
L12_E7,L12_E7,36
L12_E7,L13_E1,1
L12_E7,L13_E2,2
L12_E7,L13_E3,6
L12_E7,L13_E4,3
L12_E7,L13_E5,6
L12_E7,L13_E6,4
L12_E7,L13_E7,14
L13_E0,L13_E0,42
L13_E0,L14_E0,15
L13_E0,L14_E1,9
L13_E0,L14_E2,7
L13_E0,L14_E3,1
L13_E0,L14_E4,8
L13_E0,L14_E5,1
L13_E0,L14_E6,1
L13_E1,L13_E1,42
L13_E1,L14_E0,6
L13_E1,L14_E1,8
L13_E1,L14_E2,8
L13_E1,L14_E3,6
L13_E1,L14_E4,7
L13_E1,L14_E5,5
L13_E1,L14_E7,2
L13_E2,L13_E2,42
L13_E2,L14_E0,12
L13_E2,L14_E1,6
L13_E2,L14_E2,1
L13_E2,L14_E3,5
L13_E2,L14_E4,7
L13_E2,L14_E5,6
L13_E2,L14_E6,4
L13_E2,L14_E7,1
L13_E3,L13_E3,36
L13_E3,L14_E0,6
L13_E3,L14_E1,5
L13_E3,L14_E2,5
L13_E3,L14_E4,1
L13_E3,L14_E5,7
L13_E3,L14_E6,4
L13_E3,L14_E7,8
L13_E4,L13_E4,32
L13_E4,L14_E0,2
L13_E4,L14_E1,5
L13_E4,L14_E2,2
L13_E4,L14_E3,5
L13_E4,L14_E4,4
L13_E4,L14_E5,6
L13_E4,L14_E6,7
L13_E4,L14_E7,1
L13_E5,L13_E5,34
L13_E5,L14_E0,1
L13_E5,L14_E1,4
L13_E5,L14_E2,4
L13_E5,L14_E3,7
L13_E5,L14_E4,3
L13_E5,L14_E5,5
L13_E5,L14_E6,5
L13_E5,L14_E7,5
L13_E6,L13_E6,44
L13_E6,L14_E0,2
L13_E6,L14_E1,2
L13_E6,L14_E2,8
L13_E6,L14_E3,3
L13_E6,L14_E4,5
L13_E6,L14_E5,8
L13_E6,L14_E6,10
L13_E6,L14_E7,6
L13_E7,L13_E7,48
L13_E7,L14_E1,3
L13_E7,L14_E2,3
L13_E7,L14_E3,8
L13_E7,L14_E4,3
L13_E7,L14_E5,8
L13_E7,L14_E6,12
L13_E7,L14_E7,11
L14_E0,L14_E0,44
L14_E0,L15_E0,10
L14_E0,L15_E1,12
L14_E0,L15_E2,11
L14_E0,L15_E3,4
L14_E0,L15_E4,4
L14_E0,L15_E5,2
L14_E0,L15_E6,1
L14_E1,L14_E1,42
L14_E1,L15_E0,6
L14_E1,L15_E1,6
L14_E1,L15_E2,9
L14_E1,L15_E3,6
L14_E1,L15_E4,7
L14_E1,L15_E5,4
L14_E1,L15_E6,2
L14_E1,L15_E7,2
L14_E2,L14_E2,38
L14_E2,L15_E0,3
L14_E2,L15_E1,8
L14_E2,L15_E2,4
L14_E2,L15_E3,2
L14_E2,L15_E4,9
L14_E2,L15_E5,3
L14_E2,L15_E6,6
L14_E2,L15_E7,3
L14_E3,L14_E3,35
L14_E3,L15_E0,5
L14_E3,L15_E1,9
L14_E3,L15_E2,3
L14_E3,L15_E3,2
L14_E3,L15_E4,1
L14_E3,L15_E5,4
L14_E3,L15_E6,3
L14_E3,L15_E7,8
L14_E4,L14_E4,38
L14_E4,L15_E0,5
L14_E4,L15_E1,3
L14_E4,L15_E2,9
L14_E4,L15_E3,4
L14_E4,L15_E4,5
L14_E4,L15_E5,3
L14_E4,L15_E6,4
L14_E4,L15_E7,5
L14_E5,L14_E5,46
L14_E5,L15_E0,4
L14_E5,L15_E1,1
L14_E5,L15_E2,3
L14_E5,L15_E3,4
L14_E5,L15_E4,7
L14_E5,L15_E5,11
L14_E5,L15_E6,6
L14_E5,L15_E7,10
L14_E6,L14_E6,43
L14_E6,L15_E1,4
L14_E6,L15_E2,3
L14_E6,L15_E3,10
L14_E6,L15_E4,3
L14_E6,L15_E5,10
L14_E6,L15_E6,5
L14_E6,L15_E7,8
L14_E7,L14_E7,34
L14_E7,L15_E1,2
L14_E7,L15_E2,1
L14_E7,L15_E3,2
L14_E7,L15_E4,4
L14_E7,L15_E5,5
L14_E7,L15_E6,11
L14_E7,L15_E7,9
L15_E0,L15_E0,33
L15_E0,L16_E0,8
L15_E0,L16_E1,7
L15_E0,L16_E2,5
L15_E0,L16_E3,4
L15_E0,L16_E4,4
L15_E0,L16_E5,4
L15_E0,L16_E6,1
L15_E1,L15_E1,45
L15_E1,L16_E0,9
L15_E1,L16_E1,12
L15_E1,L16_E2,6
L15_E1,L16_E3,4
L15_E1,L16_E4,8
L15_E1,L16_E5,2
L15_E1,L16_E6,3
L15_E1,L16_E7,1
L15_E2,L15_E2,43
L15_E2,L16_E0,12
L15_E2,L16_E1,5
L15_E2,L16_E2,7
L15_E2,L16_E3,5
L15_E2,L16_E4,2
L15_E2,L16_E5,4
L15_E2,L16_E6,7
L15_E2,L16_E7,1
L15_E3,L15_E3,34
L15_E3,L16_E0,4
L15_E3,L16_E1,1
L15_E3,L16_E2,6
L15_E3,L16_E3,7
L15_E3,L16_E4,7
L15_E3,L16_E5,2
L15_E3,L16_E6,4
L15_E3,L16_E7,3
L15_E4,L15_E4,40
L15_E4,L16_E0,5
L15_E4,L16_E1,4
L15_E4,L16_E2,1
L15_E4,L16_E3,5
L15_E4,L16_E4,8
L15_E4,L16_E5,6
L15_E4,L16_E6,9
L15_E4,L16_E7,2
L15_E5,L15_E5,42
L15_E5,L16_E0,4
L15_E5,L16_E1,2
L15_E5,L16_E2,7
L15_E5,L16_E3,7
L15_E5,L16_E4,6
L15_E5,L16_E5,2
L15_E5,L16_E6,5
L15_E5,L16_E7,9
L15_E6,L15_E6,38
L15_E6,L16_E0,4
L15_E6,L16_E1,2
L15_E6,L16_E2,3
L15_E6,L16_E3,7
L15_E6,L16_E4,6
L15_E6,L16_E5,1
L15_E6,L16_E6,7
L15_E6,L16_E7,8
L15_E7,L15_E7,45
L15_E7,L16_E1,3
L15_E7,L16_E2,4
L15_E7,L16_E3,2
L15_E7,L16_E4,6
L15_E7,L16_E5,6
L15_E7,L16_E6,9
L15_E7,L16_E7,15
L16_E0,L16_E0,46
L16_E0,L17_E0,14
L16_E0,L17_E1,11
L16_E0,L17_E2,8
L16_E0,L17_E3,6
L16_E0,L17_E4,3
L16_E0,L17_E5,4
L16_E1,L16_E1,36
L16_E1,L17_E0,6
L16_E1,L17_E1,11
L16_E1,L17_E2,7
L16_E1,L17_E3,3
L16_E1,L17_E4,7
L16_E1,L17_E5,1
L16_E1,L17_E6,1
L16_E2,L16_E2,39
L16_E2,L17_E0,4
L16_E2,L17_E1,4
L16_E2,L17_E2,5
L16_E2,L17_E3,5
L16_E2,L17_E4,4
L16_E2,L17_E5,7
L16_E2,L17_E6,7
L16_E2,L17_E7,3
L16_E3,L16_E3,41
L16_E3,L17_E0,2
L16_E3,L17_E1,4
L16_E3,L17_E2,7
L16_E3,L17_E3,4
L16_E3,L17_E4,4
L16_E3,L17_E5,7
L16_E3,L17_E6,8
L16_E3,L17_E7,5
L16_E4,L16_E4,47
L16_E4,L17_E0,5
L16_E4,L17_E1,7
L16_E4,L17_E2,5
L16_E4,L17_E3,7
L16_E4,L17_E4,7
L16_E4,L17_E5,3
L16_E4,L17_E6,3
L16_E4,L17_E7,10
L16_E5,L16_E5,27
L16_E5,L17_E0,2
L16_E5,L17_E1,6
L16_E5,L17_E3,2
L16_E5,L17_E4,8
L16_E5,L17_E5,4
L16_E5,L17_E6,2
L16_E5,L17_E7,3
L16_E6,L16_E6,45
L16_E6,L17_E1,1
L16_E6,L17_E2,3
L16_E6,L17_E3,7
L16_E6,L17_E4,9
L16_E6,L17_E5,10
L16_E6,L17_E6,5
L16_E6,L17_E7,10
L16_E7,L16_E7,39
L16_E7,L17_E1,3
L16_E7,L17_E2,2
L16_E7,L17_E3,2
L16_E7,L17_E4,4
L16_E7,L17_E5,6
L16_E7,L17_E6,9
L16_E7,L17_E7,13
L17_E0,L17_E0,33
L17_E0,L18_E0,3
L17_E0,L18_E1,13
L17_E0,L18_E2,8
L17_E0,L18_E3,5
L17_E0,L18_E4,1
L17_E0,L18_E5,2
L17_E0,L18_E6,1
L17_E1,L17_E1,47
L17_E1,L18_E0,5
L17_E1,L18_E1,9
L17_E1,L18_E2,4
L17_E1,L18_E3,9
L17_E1,L18_E4,11
L17_E1,L18_E5,5
L17_E1,L18_E6,3
L17_E1,L18_E7,1
L17_E2,L17_E2,37
L17_E2,L18_E0,5
L17_E2,L18_E1,10
L17_E2,L18_E2,7
L17_E2,L18_E3,5
L17_E2,L18_E4,4
L17_E2,L18_E5,3
L17_E2,L18_E6,2
L17_E2,L18_E7,1
L17_E3,L17_E3,36
L17_E3,L18_E0,6
L17_E3,L18_E1,4
L17_E3,L18_E2,2
L17_E3,L18_E3,3
L17_E3,L18_E4,3
L17_E3,L18_E5,7
L17_E3,L18_E6,3
L17_E3,L18_E7,8
L17_E4,L17_E4,46
L17_E4,L18_E0,6
L17_E4,L18_E1,6
L17_E4,L18_E2,7
L17_E4,L18_E3,2
L17_E4,L18_E4,9
L17_E4,L18_E6,7
L17_E4,L18_E7,9
L17_E5,L17_E5,42
L17_E5,L18_E0,3
L17_E5,L18_E1,3
L17_E5,L18_E2,4
L17_E5,L18_E3,4
L17_E5,L18_E4,5
L17_E5,L18_E5,7
L17_E5,L18_E6,10
L17_E5,L18_E7,6
L17_E6,L17_E6,35
L17_E6,L18_E0,2
L17_E6,L18_E1,3
L17_E6,L18_E2,2
L17_E6,L18_E3,1
L17_E6,L18_E4,5
L17_E6,L18_E5,4
L17_E6,L18_E6,9
L17_E6,L18_E7,9
L17_E7,L17_E7,44
L17_E7,L18_E2,3
L17_E7,L18_E3,5
L17_E7,L18_E4,7
L17_E7,L18_E5,14
L17_E7,L18_E6,7
L17_E7,L18_E7,8
L18_E0,L18_E0,30
L18_E0,L19_E0,7
L18_E0,L19_E1,10
L18_E0,L19_E2,5
L18_E0,L19_E3,3
L18_E0,L19_E4,4
L18_E0,L19_E6,1
L18_E1,L18_E1,48
L18_E1,L19_E0,6
L18_E1,L19_E1,8
L18_E1,L19_E2,11
L18_E1,L19_E3,8
L18_E1,L19_E4,6
L18_E1,L19_E5,5
L18_E1,L19_E6,2
L18_E1,L19_E7,2
L18_E2,L18_E2,37
L18_E2,L19_E0,3
L18_E2,L19_E1,4
L18_E2,L19_E2,9
L18_E2,L19_E3,5
L18_E2,L19_E4,9
L18_E2,L19_E5,2
L18_E2,L19_E6,2
L18_E2,L19_E7,3
L18_E3,L18_E3,34
L18_E3,L19_E0,4
L18_E3,L19_E1,5
L18_E3,L19_E2,11
L18_E3,L19_E3,2
L18_E3,L19_E4,5
L18_E3,L19_E5,2
L18_E3,L19_E6,3
L18_E3,L19_E7,2
L18_E4,L18_E4,45
L18_E4,L19_E0,5
L18_E4,L19_E1,3
L18_E4,L19_E2,7
L18_E4,L19_E3,7
L18_E4,L19_E4,3
L18_E4,L19_E5,6
L18_E4,L19_E6,6
L18_E4,L19_E7,8
L18_E5,L18_E5,42
L18_E5,L19_E0,3
L18_E5,L19_E2,5
L18_E5,L19_E3,6
L18_E5,L19_E4,4
L18_E5,L19_E5,9
L18_E5,L19_E6,10
L18_E5,L19_E7,5
L18_E6,L18_E6,42
L18_E6,L19_E0,3
L18_E6,L19_E1,1
L18_E6,L19_E2,7
L18_E6,L19_E3,1
L18_E6,L19_E4,4
L18_E6,L19_E5,9
L18_E6,L19_E6,8
L18_E6,L19_E7,9
L18_E7,L18_E7,42
L18_E7,L19_E1,2
L18_E7,L19_E2,1
L18_E7,L19_E3,5
L18_E7,L19_E4,6
L18_E7,L19_E5,5
L18_E7,L19_E6,16
L18_E7,L19_E7,7
L19_E0,L19_E0,31
L19_E0,L20_E0,9
L19_E0,L20_E1,7
L19_E0,L20_E2,3
L19_E0,L20_E3,5
L19_E0,L20_E4,3
L19_E0,L20_E5,3
L19_E0,L20_E6,1
L19_E1,L19_E1,33
L19_E1,L20_E0,8
L19_E1,L20_E1,6
L19_E1,L20_E2,6
L19_E1,L20_E3,5
L19_E1,L20_E4,3
L19_E1,L20_E5,3
L19_E1,L20_E6,1
L19_E1,L20_E7,1
L19_E2,L19_E2,56
L19_E2,L20_E0,12
L19_E2,L20_E1,10
L19_E2,L20_E2,8
L19_E2,L20_E3,8
L19_E2,L20_E4,5
L19_E2,L20_E5,7
L19_E2,L20_E6,2
L19_E2,L20_E7,4
L19_E3,L19_E3,37
L19_E3,L20_E0,7
L19_E3,L20_E1,7
L19_E3,L20_E2,4
L19_E3,L20_E3,6
L19_E3,L20_E4,3
L19_E3,L20_E5,3
L19_E3,L20_E6,5
L19_E3,L20_E7,2
L19_E4,L19_E4,41
L19_E4,L20_E0,7
L19_E4,L20_E1,6
L19_E4,L20_E2,5
L19_E4,L20_E3,4
L19_E4,L20_E4,3
L19_E4,L20_E5,6
L19_E4,L20_E6,4
L19_E4,L20_E7,6
L19_E5,L19_E5,38
L19_E5,L20_E0,2
L19_E5,L20_E1,2
L19_E5,L20_E2,6
L19_E5,L20_E3,5
L19_E5,L20_E4,6
L19_E5,L20_E5,7
L19_E5,L20_E6,6
L19_E5,L20_E7,4
L19_E6,L19_E6,48
L19_E6,L20_E0,2
L19_E6,L20_E1,2
L19_E6,L20_E2,1
L19_E6,L20_E3,6
L19_E6,L20_E4,13
L19_E6,L20_E5,7
L19_E6,L20_E6,9
L19_E6,L20_E7,8
L19_E7,L19_E7,36
L19_E7,L20_E2,4
L19_E7,L20_E3,4
L19_E7,L20_E4,9
L19_E7,L20_E6,13
L19_E7,L20_E7,6
L1_E0,L1_E0,52
L1_E0,L2_E0,12
L1_E0,L2_E1,7
L1_E0,L2_E2,12
L1_E0,L2_E3,7
L1_E0,L2_E4,4
L1_E0,L2_E5,5
L1_E0,L2_E6,5
L1_E1,L1_E1,22
L1_E1,L2_E0,3
L1_E1,L2_E1,3
L1_E1,L2_E3,3
L1_E1,L2_E4,3
L1_E1,L2_E5,5
L1_E1,L2_E6,4
L1_E1,L2_E7,1
L1_E2,L1_E2,52
L1_E2,L2_E0,7
L1_E2,L2_E1,11
L1_E2,L2_E2,7
L1_E2,L2_E3,6
L1_E2,L2_E4,10
L1_E2,L2_E5,5
L1_E2,L2_E6,3
L1_E2,L2_E7,3
L1_E3,L1_E3,40
L1_E3,L2_E0,3
L1_E3,L2_E1,8
L1_E3,L2_E2,6
L1_E3,L2_E3,4
L1_E3,L2_E4,5
L1_E3,L2_E5,4
L1_E3,L2_E6,6
L1_E3,L2_E7,4
L1_E4,L1_E4,43
L1_E4,L2_E0,7
L1_E4,L2_E1,5
L1_E4,L2_E2,6
L1_E4,L2_E3,2
L1_E4,L2_E4,2
L1_E4,L2_E5,8
L1_E4,L2_E6,5
L1_E4,L2_E7,8
L1_E5,L1_E5,26
L1_E5,L2_E0,2
L1_E5,L2_E1,1
L1_E5,L2_E2,2
L1_E5,L2_E3,2
L1_E5,L2_E4,8
L1_E5,L2_E5,5
L1_E5,L2_E6,4
L1_E5,L2_E7,2
L1_E6,L1_E6,40
L1_E6,L2_E0,3
L1_E6,L2_E2,5
L1_E6,L2_E3,5
L1_E6,L2_E4,5
L1_E6,L2_E5,5
L1_E6,L2_E6,10
L1_E6,L2_E7,7
L1_E7,L1_E7,45
L1_E7,L2_E1,3
L1_E7,L2_E2,5
L1_E7,L2_E3,6
L1_E7,L2_E4,2
L1_E7,L2_E5,11
L1_E7,L2_E6,5
L1_E7,L2_E7,13
L20_E0,L20_E0,47
L20_E0,L21_E0,13
L20_E0,L21_E1,11
L20_E0,L21_E2,8
L20_E0,L21_E3,6
L20_E0,L21_E4,7
L20_E0,L21_E6,2
L20_E1,L20_E1,40
L20_E1,L21_E0,7
L20_E1,L21_E1,4
L20_E1,L21_E2,8
L20_E1,L21_E3,4
L20_E1,L21_E4,5
L20_E1,L21_E5,7
L20_E1,L21_E6,3
L20_E1,L21_E7,2
L20_E2,L20_E2,37
L20_E2,L21_E0,4
L20_E2,L21_E1,7
L20_E2,L21_E2,6
L20_E2,L21_E3,5
L20_E2,L21_E4,3
L20_E2,L21_E5,4
L20_E2,L21_E6,4
L20_E2,L21_E7,4
L20_E3,L20_E3,43
L20_E3,L21_E0,5
L20_E3,L21_E1,6
L20_E3,L21_E2,6
L20_E3,L21_E3,7
L20_E3,L21_E4,5
L20_E3,L21_E5,5
L20_E3,L21_E6,3
L20_E3,L21_E7,6
L20_E4,L20_E4,45
L20_E4,L21_E0,2
L20_E4,L21_E1,3
L20_E4,L21_E2,6
L20_E4,L21_E3,4
L20_E4,L21_E4,7
L20_E4,L21_E5,8
L20_E4,L21_E6,8
L20_E4,L21_E7,7
L20_E5,L20_E5,36
L20_E5,L21_E0,5
L20_E5,L21_E1,2
L20_E5,L21_E2,5
L20_E5,L21_E3,2
L20_E5,L21_E4,8
L20_E5,L21_E5,5
L20_E5,L21_E6,5
L20_E5,L21_E7,4
L20_E6,L20_E6,41
L20_E6,L21_E0,2
L20_E6,L21_E1,1
L20_E6,L21_E2,3
L20_E6,L21_E3,4
L20_E6,L21_E4,5
L20_E6,L21_E5,4
L20_E6,L21_E6,9
L20_E6,L21_E7,13
L20_E7,L20_E7,31
L20_E7,L21_E1,1
L20_E7,L21_E2,3
L20_E7,L21_E3,3
L20_E7,L21_E4,4
L20_E7,L21_E5,6
L20_E7,L21_E6,7
L20_E7,L21_E7,7
L21_E0,L21_E0,38
L21_E0,L22_E0,8
L21_E0,L22_E1,13
L21_E0,L22_E2,4
L21_E0,L22_E3,7
L21_E0,L22_E4,5
L21_E0,L22_E5,1
L21_E1,L21_E1,35
L21_E1,L22_E0,12
L21_E1,L22_E1,6
L21_E1,L22_E2,4
L21_E1,L22_E3,5
L21_E1,L22_E4,4
L21_E1,L22_E5,3
L21_E1,L22_E6,1
L21_E2,L21_E2,45
L21_E2,L22_E0,5
L21_E2,L22_E1,5
L21_E2,L22_E2,11
L21_E2,L22_E3,3
L21_E2,L22_E4,6
L21_E2,L22_E5,6
L21_E2,L22_E6,6
L21_E2,L22_E7,3
L21_E3,L21_E3,35
L21_E3,L22_E0,7
L21_E3,L22_E1,5
L21_E3,L22_E2,4
L21_E3,L22_E3,3
L21_E3,L22_E4,1
L21_E3,L22_E5,6
L21_E3,L22_E6,5
L21_E3,L22_E7,4
L21_E4,L21_E4,44
L21_E4,L22_E0,6
L21_E4,L22_E1,6
L21_E4,L22_E2,6
L21_E4,L22_E3,4
L21_E4,L22_E4,6
L21_E4,L22_E5,4
L21_E4,L22_E6,7
L21_E4,L22_E7,5
L21_E5,L21_E5,39
L21_E5,L22_E0,1
L21_E5,L22_E1,3
L21_E5,L22_E2,4
L21_E5,L22_E3,3
L21_E5,L22_E4,5
L21_E5,L22_E5,6
L21_E5,L22_E6,8
L21_E5,L22_E7,9
L21_E6,L21_E6,41
L21_E6,L22_E0,3
L21_E6,L22_E1,4
L21_E6,L22_E2,4
L21_E6,L22_E3,8
L21_E6,L22_E4,7
L21_E6,L22_E5,6
L21_E6,L22_E6,4
L21_E6,L22_E7,5
L21_E7,L21_E7,43
L21_E7,L22_E1,4
L21_E7,L22_E2,7
L21_E7,L22_E3,4
L21_E7,L22_E4,2
L21_E7,L22_E5,6
L21_E7,L22_E6,12
L21_E7,L22_E7,8
L22_E0,L22_E0,42
L22_E0,L23_E0,17
L22_E0,L23_E1,8
L22_E0,L23_E2,7
L22_E0,L23_E3,3
L22_E0,L23_E4,4
L22_E0,L23_E5,2
L22_E0,L23_E6,1
L22_E1,L22_E1,46
L22_E1,L23_E0,10
L22_E1,L23_E1,9
L22_E1,L23_E2,6
L22_E1,L23_E3,6
L22_E1,L23_E4,4
L22_E1,L23_E5,5
L22_E1,L23_E6,5
L22_E1,L23_E7,1
L22_E2,L22_E2,44
L22_E2,L23_E0,7
L22_E2,L23_E1,6
L22_E2,L23_E2,10
L22_E2,L23_E3,7
L22_E2,L23_E4,4
L22_E2,L23_E5,7
L22_E2,L23_E7,3
L22_E3,L22_E3,37
L22_E3,L23_E0,4
L22_E3,L23_E1,3
L22_E3,L23_E2,4
L22_E3,L23_E3,4
L22_E3,L23_E4,5
L22_E3,L23_E5,7
L22_E3,L23_E6,3
L22_E3,L23_E7,7
L22_E4,L22_E4,36
L22_E4,L23_E0,6
L22_E4,L23_E1,1
L22_E4,L23_E2,3
L22_E4,L23_E3,7
L22_E4,L23_E4,6
L22_E4,L23_E5,4
L22_E4,L23_E6,6
L22_E4,L23_E7,3
L22_E5,L22_E5,38
L22_E5,L23_E0,2
L22_E5,L23_E1,2
L22_E5,L23_E2,6
L22_E5,L23_E3,2
L22_E5,L23_E4,1
L22_E5,L23_E5,7
L22_E5,L23_E6,11
L22_E5,L23_E7,7
L22_E6,L22_E6,43
L22_E6,L23_E0,1
L22_E6,L23_E1,2
L22_E6,L23_E2,2
L22_E6,L23_E3,5
L22_E6,L23_E4,8
L22_E6,L23_E5,7
L22_E6,L23_E6,5
L22_E6,L23_E7,13
L22_E7,L22_E7,34
L22_E7,L23_E1,1
L22_E7,L23_E2,1
L22_E7,L23_E3,2
L22_E7,L23_E4,7
L22_E7,L23_E5,7
L22_E7,L23_E6,11
L22_E7,L23_E7,5
L23_E0,L23_E0,47
L23_E0,L24_E0,11
L23_E0,L24_E1,10
L23_E0,L24_E2,8
L23_E0,L24_E3,7
L23_E0,L24_E4,5
L23_E0,L24_E5,6
L23_E1,L23_E1,32
L23_E1,L24_E0,7
L23_E1,L24_E1,3
L23_E1,L24_E2,5
L23_E1,L24_E3,5
L23_E1,L24_E4,5
L23_E1,L24_E5,4
L23_E1,L24_E6,2
L23_E1,L24_E7,1
L23_E2,L23_E2,39
L23_E2,L24_E0,9
L23_E2,L24_E1,7
L23_E2,L24_E2,7
L23_E2,L24_E3,6
L23_E2,L24_E4,4
L23_E2,L24_E5,3
L23_E2,L24_E6,3
L23_E3,L23_E3,36
L23_E3,L24_E0,9
L23_E3,L24_E1,3
L23_E3,L24_E2,2
L23_E3,L24_E3,6
L23_E3,L24_E4,3
L23_E3,L24_E5,3
L23_E3,L24_E6,6
L23_E3,L24_E7,4
L23_E4,L23_E4,39
L23_E4,L24_E0,6
L23_E4,L24_E1,3
L23_E4,L24_E2,5
L23_E4,L24_E3,3
L23_E4,L24_E4,6
L23_E4,L24_E5,5
L23_E4,L24_E6,4
L23_E4,L24_E7,7
L23_E5,L23_E5,46
L23_E5,L24_E0,3
L23_E5,L24_E1,4
L23_E5,L24_E2,5
L23_E5,L24_E3,7
L23_E5,L24_E4,6
L23_E5,L24_E5,3
L23_E5,L24_E6,9
L23_E5,L24_E7,9
L23_E6,L23_E6,42
L23_E6,L24_E0,1
L23_E6,L24_E1,3
L23_E6,L24_E2,1
L23_E6,L24_E3,3
L23_E6,L24_E4,6
L23_E6,L24_E5,9
L23_E6,L24_E6,5
L23_E6,L24_E7,14
L23_E7,L23_E7,39
L23_E7,L24_E1,1
L23_E7,L24_E2,3
L23_E7,L24_E3,2
L23_E7,L24_E4,3
L23_E7,L24_E5,11
L23_E7,L24_E6,12
L23_E7,L24_E7,7
L24_E0,L24_E0,46
L24_E0,L25_E0,14
L24_E0,L25_E1,14
L24_E0,L25_E2,7
L24_E0,L25_E3,6
L24_E0,L25_E4,3
L24_E0,L25_E5,1
L24_E0,L25_E6,1
L24_E1,L24_E1,34
L24_E1,L25_E0,3
L24_E1,L25_E1,7
L24_E1,L25_E2,5
L24_E1,L25_E3,8
L24_E1,L25_E4,4
L24_E1,L25_E5,5
L24_E1,L25_E6,1
L24_E1,L25_E7,1
L24_E2,L24_E2,36
L24_E2,L25_E0,5
L24_E2,L25_E1,9
L24_E2,L25_E2,2
L24_E2,L25_E3,3
L24_E2,L25_E4,6
L24_E2,L25_E5,2
L24_E2,L25_E6,2
L24_E2,L25_E7,7
L24_E3,L24_E3,39
L24_E3,L25_E0,7
L24_E3,L25_E1,5
L24_E3,L25_E2,3
L24_E3,L25_E3,4
L24_E3,L25_E4,7
L24_E3,L25_E5,4
L24_E3,L25_E6,6
L24_E3,L25_E7,3
L24_E4,L24_E4,38
L24_E4,L25_E0,8
L24_E4,L25_E1,4
L24_E4,L25_E2,4
L24_E4,L25_E3,4
L24_E4,L25_E4,6
L24_E4,L25_E5,3
L24_E4,L25_E6,6
L24_E4,L25_E7,3
L24_E5,L24_E5,44
L24_E5,L25_E0,4
L24_E5,L25_E1,2
L24_E5,L25_E2,3
L24_E5,L25_E3,4
L24_E5,L25_E4,4
L24_E5,L25_E5,8
L24_E5,L25_E6,12
L24_E5,L25_E7,7
L24_E6,L24_E6,41
L24_E6,L25_E1,5
L24_E6,L25_E2,2
L24_E6,L25_E3,4
L24_E6,L25_E4,5
L24_E6,L25_E5,11
L24_E6,L25_E6,7
L24_E6,L25_E7,7
L24_E7,L24_E7,42
L24_E7,L25_E1,4
L24_E7,L25_E2,5
L24_E7,L25_E3,3
L24_E7,L25_E4,10
L24_E7,L25_E5,5
L24_E7,L25_E6,5
L24_E7,L25_E7,10
L25_E0,L25_E0,41
L25_E0,L26_E0,12
L25_E0,L26_E1,8
L25_E0,L26_E2,8
L25_E0,L26_E3,6
L25_E0,L26_E4,4
L25_E0,L26_E5,1
L25_E0,L26_E6,2
L25_E1,L25_E1,50
L25_E1,L26_E0,11
L25_E1,L26_E1,9
L25_E1,L26_E2,9
L25_E1,L26_E3,4
L25_E1,L26_E4,7
L25_E1,L26_E5,6
L25_E1,L26_E6,2
L25_E1,L26_E7,2
L25_E2,L25_E2,31
L25_E2,L26_E0,6
L25_E2,L26_E1,9
L25_E2,L26_E2,4
L25_E2,L26_E3,2
L25_E2,L26_E4,4
L25_E2,L26_E5,4
L25_E2,L26_E6,2
L25_E3,L25_E3,36
L25_E3,L26_E0,5
L25_E3,L26_E1,2
L25_E3,L26_E2,6
L25_E3,L26_E3,3
L25_E3,L26_E4,6
L25_E3,L26_E5,6
L25_E3,L26_E6,5
L25_E3,L26_E7,3
L25_E4,L25_E4,45
L25_E4,L26_E0,5
L25_E4,L26_E1,2
L25_E4,L26_E2,7
L25_E4,L26_E3,7
L25_E4,L26_E4,8
L25_E4,L26_E5,7
L25_E4,L26_E6,6
L25_E4,L26_E7,3
L25_E5,L25_E5,39
L25_E5,L26_E0,6
L25_E5,L26_E1,4
L25_E5,L26_E2,5
L25_E5,L26_E3,5
L25_E5,L26_E4,1
L25_E5,L26_E5,2
L25_E5,L26_E6,9
L25_E5,L26_E7,7
L25_E6,L25_E6,40
L25_E6,L26_E0,1
L25_E6,L26_E1,6
L25_E6,L26_E2,2
L25_E6,L26_E3,3
L25_E6,L26_E4,5
L25_E6,L26_E5,9
L25_E6,L26_E6,10
L25_E6,L26_E7,4
L25_E7,L25_E7,38
L25_E7,L26_E1,1
L25_E7,L26_E2,3
L25_E7,L26_E3,3
L25_E7,L26_E4,7
L25_E7,L26_E5,3
L25_E7,L26_E6,4
L25_E7,L26_E7,17
L26_E0,L26_E0,46
L26_E0,L27_E0,13
L26_E0,L27_E1,11
L26_E0,L27_E2,10
L26_E0,L27_E3,5
L26_E0,L27_E4,4
L26_E0,L27_E6,3
L26_E1,L26_E1,41
L26_E1,L27_E0,6
L26_E1,L27_E1,7
L26_E1,L27_E2,6
L26_E1,L27_E3,5
L26_E1,L27_E4,4
L26_E1,L27_E5,3
L26_E1,L27_E6,7
L26_E1,L27_E7,3
L26_E2,L26_E2,44
L26_E2,L27_E0,2
L26_E2,L27_E1,11
L26_E2,L27_E2,6
L26_E2,L27_E3,10
L26_E2,L27_E4,8
L26_E2,L27_E5,3
L26_E2,L27_E6,2
L26_E2,L27_E7,2
L26_E3,L26_E3,33
L26_E3,L27_E0,3
L26_E3,L27_E1,3
L26_E3,L27_E2,3
L26_E3,L27_E3,5
L26_E3,L27_E4,4
L26_E3,L27_E5,6
L26_E3,L27_E6,6
L26_E3,L27_E7,3
L26_E4,L26_E4,42
L26_E4,L27_E0,7
L26_E4,L27_E1,5
L26_E4,L27_E2,3
L26_E4,L27_E3,4
L26_E4,L27_E4,10
L26_E4,L27_E5,3
L26_E4,L27_E6,6
L26_E4,L27_E7,4
L26_E5,L26_E5,38
L26_E5,L27_E0,3
L26_E5,L27_E1,4
L26_E5,L27_E2,2
L26_E5,L27_E3,5
L26_E5,L27_E4,6
L26_E5,L27_E5,4
L26_E5,L27_E6,9
L26_E5,L27_E7,5
L26_E6,L26_E6,40
L26_E6,L27_E0,2
L26_E6,L27_E1,2
L26_E6,L27_E2,3
L26_E6,L27_E3,5
L26_E6,L27_E4,4
L26_E6,L27_E5,7
L26_E6,L27_E6,7
L26_E6,L27_E7,10
L26_E7,L26_E7,36
L26_E7,L27_E1,2
L26_E7,L27_E2,5
L26_E7,L27_E3,3
L26_E7,L27_E4,6
L26_E7,L27_E5,7
L26_E7,L27_E6,3
L26_E7,L27_E7,10
L27_E0,L27_E0,36
L27_E0,L28_E0,11
L27_E0,L28_E1,2
L27_E0,L28_E2,12
L27_E0,L28_E3,4
L27_E0,L28_E4,2
L27_E0,L28_E5,4
L27_E0,L28_E6,1
L27_E1,L27_E1,45
L27_E1,L28_E0,15
L27_E1,L28_E1,7
L27_E1,L28_E2,4
L27_E1,L28_E3,6
L27_E1,L28_E4,3
L27_E1,L28_E5,2
L27_E1,L28_E6,4
L27_E1,L28_E7,4
L27_E2,L27_E2,38
L27_E2,L28_E0,7
L27_E2,L28_E1,9
L27_E2,L28_E3,6
L27_E2,L28_E4,8
L27_E2,L28_E5,2
L27_E2,L28_E6,3
L27_E2,L28_E7,3
L27_E3,L27_E3,42
L27_E3,L28_E0,7
L27_E3,L28_E1,5
L27_E3,L28_E2,7
L27_E3,L28_E3,6
L27_E3,L28_E4,4
L27_E3,L28_E5,4
L27_E3,L28_E6,3
L27_E3,L28_E7,6
L27_E4,L27_E4,46
L27_E4,L28_E0,5
L27_E4,L28_E1,5
L27_E4,L28_E2,6
L27_E4,L28_E3,4
L27_E4,L28_E4,4
L27_E4,L28_E5,4
L27_E4,L28_E6,9
L27_E4,L28_E7,9
L27_E5,L27_E5,33
L27_E5,L28_E0,1
L27_E5,L28_E1,5
L27_E5,L28_E2,1
L27_E5,L28_E3,2
L27_E5,L28_E4,5
L27_E5,L28_E5,5
L27_E5,L28_E6,7
L27_E5,L28_E7,7
L27_E6,L27_E6,43
L27_E6,L28_E0,1
L27_E6,L28_E1,4
L27_E6,L28_E2,3
L27_E6,L28_E3,8
L27_E6,L28_E4,7
L27_E6,L28_E5,8
L27_E6,L28_E6,5
L27_E6,L28_E7,7
L27_E7,L27_E7,37
L27_E7,L28_E1,2
L27_E7,L28_E2,3
L27_E7,L28_E3,5
L27_E7,L28_E4,5
L27_E7,L28_E5,5
L27_E7,L28_E6,9
L27_E7,L28_E7,8
L28_E0,L28_E0,47
L28_E0,L29_E0,12
L28_E0,L29_E1,9
L28_E0,L29_E2,5
L28_E0,L29_E3,7
L28_E0,L29_E4,9
L28_E0,L29_E5,3
L28_E0,L29_E6,2
L28_E1,L28_E1,39
L28_E1,L29_E0,10
L28_E1,L29_E1,5
L28_E1,L29_E2,8
L28_E1,L29_E3,7
L28_E1,L29_E4,4
L28_E1,L29_E5,3
L28_E1,L29_E6,1
L28_E1,L29_E7,1
L28_E2,L28_E2,36
L28_E2,L29_E0,2
L28_E2,L29_E1,8
L28_E2,L29_E2,10
L28_E2,L29_E3,6
L28_E2,L29_E4,4
L28_E2,L29_E5,2
L28_E2,L29_E6,1
L28_E2,L29_E7,3
L28_E3,L28_E3,41
L28_E3,L29_E0,5
L28_E3,L29_E1,7
L28_E3,L29_E2,7
L28_E3,L29_E3,4
L28_E3,L29_E4,3
L28_E3,L29_E5,7
L28_E3,L29_E6,6
L28_E3,L29_E7,2
L28_E4,L28_E4,38
L28_E4,L29_E0,7
L28_E4,L29_E1,4
L28_E4,L29_E2,3
L28_E4,L29_E3,4
L28_E4,L29_E4,2
L28_E4,L29_E5,7
L28_E4,L29_E6,9
L28_E4,L29_E7,2
L28_E5,L28_E5,34
L28_E5,L29_E0,2
L28_E5,L29_E1,1
L28_E5,L29_E2,4
L28_E5,L29_E3,1
L28_E5,L29_E4,3
L28_E5,L29_E5,8
L28_E5,L29_E6,7
L28_E5,L29_E7,8
L28_E6,L28_E6,41
L28_E6,L29_E0,3
L28_E6,L29_E1,5
L28_E6,L29_E2,2
L28_E6,L29_E3,3
L28_E6,L29_E4,7
L28_E6,L29_E5,4
L28_E6,L29_E6,9
L28_E6,L29_E7,8
L28_E7,L28_E7,44
L28_E7,L29_E1,1
L28_E7,L29_E2,5
L28_E7,L29_E3,6
L28_E7,L29_E4,6
L28_E7,L29_E5,3
L28_E7,L29_E6,9
L28_E7,L29_E7,14
L29_E0,L29_E0,41
L29_E0,L30_E0,10
L29_E0,L30_E1,9
L29_E0,L30_E2,8
L29_E0,L30_E3,8
L29_E0,L30_E4,2
L29_E0,L30_E5,3
L29_E0,L30_E6,1
L29_E1,L29_E1,40
L29_E1,L30_E0,10
L29_E1,L30_E1,8
L29_E1,L30_E2,7
L29_E1,L30_E3,8
L29_E1,L30_E4,2
L29_E1,L30_E5,2
L29_E1,L30_E6,1
L29_E1,L30_E7,2
L29_E2,L29_E2,44
L29_E2,L30_E0,6
L29_E2,L30_E1,4
L29_E2,L30_E2,5
L29_E2,L30_E3,4
L29_E2,L30_E4,9
L29_E2,L30_E5,11
L29_E2,L30_E6,4
L29_E2,L30_E7,1
L29_E3,L29_E3,38
L29_E3,L30_E0,6
L29_E3,L30_E1,3
L29_E3,L30_E2,10
L29_E3,L30_E3,5
L29_E3,L30_E4,1
L29_E3,L30_E5,4
L29_E3,L30_E6,5
L29_E3,L30_E7,4
L29_E4,L29_E4,38
L29_E4,L30_E0,5
L29_E4,L30_E1,4
L29_E4,L30_E2,3
L29_E4,L30_E3,5
L29_E4,L30_E4,3
L29_E4,L30_E5,5
L29_E4,L30_E6,6
L29_E4,L30_E7,7
L29_E5,L29_E5,37
L29_E5,L30_E0,5
L29_E5,L30_E1,4
L29_E5,L30_E2,7
L29_E5,L30_E3,1
L29_E5,L30_E4,2
L29_E5,L30_E5,4
L29_E5,L30_E6,4
L29_E5,L30_E7,10
L29_E6,L29_E6,44
L29_E6,L30_E1,1
L29_E6,L30_E2,2
L29_E6,L30_E3,8
L29_E6,L30_E4,7
L29_E6,L30_E5,11
L29_E6,L30_E6,6
L29_E6,L30_E7,9
L29_E7,L29_E7,38
L29_E7,L30_E1,1
L29_E7,L30_E2,1
L29_E7,L30_E3,2
L29_E7,L30_E4,9
L29_E7,L30_E5,10
L29_E7,L30_E6,8
L29_E7,L30_E7,7
L2_E0,L2_E0,37
L2_E0,L3_E0,9
L2_E0,L3_E1,1
L2_E0,L3_E2,10
L2_E0,L3_E3,6
L2_E0,L3_E4,6
L2_E0,L3_E5,3
L2_E0,L3_E6,2
L2_E1,L2_E1,38
L2_E1,L3_E0,7
L2_E1,L3_E1,8
L2_E1,L3_E2,4
L2_E1,L3_E3,5
L2_E1,L3_E4,4
L2_E1,L3_E5,7
L2_E1,L3_E6,1
L2_E1,L3_E7,2
L2_E2,L2_E2,43
L2_E2,L3_E0,12
L2_E2,L3_E1,4
L2_E2,L3_E2,8
L2_E2,L3_E3,2
L2_E2,L3_E4,4
L2_E2,L3_E5,4
L2_E2,L3_E6,5
L2_E2,L3_E7,4
L2_E3,L2_E3,35
L2_E3,L3_E0,4
L2_E3,L3_E1,7
L2_E3,L3_E2,3
L2_E3,L3_E3,4
L2_E3,L3_E4,5
L2_E3,L3_E5,5
L2_E3,L3_E6,3
L2_E3,L3_E7,4
L2_E4,L2_E4,39
L2_E4,L3_E0,8
L2_E4,L3_E1,3
L2_E4,L3_E2,1
L2_E4,L3_E3,5
L2_E4,L3_E4,6
L2_E4,L3_E5,4
L2_E4,L3_E6,6
L2_E4,L3_E7,6
L2_E5,L2_E5,48
L2_E5,L3_E0,4
L2_E5,L3_E1,1
L2_E5,L3_E2,7
L2_E5,L3_E3,7
L2_E5,L3_E4,7
L2_E5,L3_E5,8
L2_E5,L3_E6,7
L2_E5,L3_E7,7
L2_E6,L2_E6,42
L2_E6,L3_E0,4
L2_E6,L3_E1,4
L2_E6,L3_E2,4
L2_E6,L3_E3,11
L2_E6,L3_E4,6
L2_E6,L3_E5,2
L2_E6,L3_E6,5
L2_E6,L3_E7,6
L2_E7,L2_E7,38
L2_E7,L3_E1,1
L2_E7,L3_E2,3
L2_E7,L3_E3,4
L2_E7,L3_E4,5
L2_E7,L3_E5,10
L2_E7,L3_E6,9
L2_E7,L3_E7,6
L30_E0,L30_E0,42
L30_E0,L31_E0,14
L30_E0,L31_E1,7
L30_E0,L31_E2,8
L30_E0,L31_E3,9
L30_E0,L31_E4,2
L30_E0,L31_E5,1
L30_E0,L31_E6,1
L30_E1,L30_E1,34
L30_E1,L31_E0,11
L30_E1,L31_E1,5
L30_E1,L31_E2,4
L30_E1,L31_E3,6
L30_E1,L31_E4,3
L30_E1,L31_E5,3
L30_E1,L31_E7,2
L30_E2,L30_E2,43
L30_E2,L31_E0,4
L30_E2,L31_E1,14
L30_E2,L31_E2,7
L30_E2,L31_E3,6
L30_E2,L31_E4,3
L30_E2,L31_E5,4
L30_E2,L31_E6,3
L30_E2,L31_E7,2
L30_E3,L30_E3,41
L30_E3,L31_E0,8
L30_E3,L31_E1,6
L30_E3,L31_E2,5
L30_E3,L31_E3,5
L30_E3,L31_E4,7
L30_E3,L31_E5,3
L30_E3,L31_E6,4
L30_E3,L31_E7,3
L30_E4,L30_E4,35
L30_E4,L31_E0,2
L30_E4,L31_E1,6
L30_E4,L31_E2,6
L30_E4,L31_E3,6
L30_E4,L31_E4,6
L30_E4,L31_E5,2
L30_E4,L31_E6,4
L30_E4,L31_E7,3
L30_E5,L30_E5,50
L30_E5,L31_E0,2
L30_E5,L31_E1,2
L30_E5,L31_E2,5
L30_E5,L31_E3,4
L30_E5,L31_E4,12
L30_E5,L31_E5,10
L30_E5,L31_E6,7
L30_E5,L31_E7,8
L30_E6,L30_E6,35
L30_E6,L31_E0,3
L30_E6,L31_E1,1
L30_E6,L31_E2,2
L30_E6,L31_E3,6
L30_E6,L31_E4,3
L30_E6,L31_E5,5
L30_E6,L31_E6,6
L30_E6,L31_E7,9
L30_E7,L30_E7,40
L30_E7,L31_E1,1
L30_E7,L31_E2,3
L30_E7,L31_E3,2
L30_E7,L31_E4,8
L30_E7,L31_E5,7
L30_E7,L31_E6,9
L30_E7,L31_E7,10
L31_E0,L31_E0,44
L31_E1,L31_E1,42
L31_E2,L31_E2,40
L31_E3,L31_E3,44
L31_E4,L31_E4,44
L31_E5,L31_E5,35
L31_E6,L31_E6,34
L31_E7,L31_E7,37
L3_E0,L3_E0,48
L3_E0,L4_E0,10
L3_E0,L4_E1,10
L3_E0,L4_E2,6
L3_E0,L4_E3,11
L3_E0,L4_E4,7
L3_E0,L4_E5,2
L3_E0,L4_E6,2
L3_E1,L3_E1,29
L3_E1,L4_E0,5
L3_E1,L4_E1,6
L3_E1,L4_E2,3
L3_E1,L4_E3,8
L3_E1,L4_E4,4
L3_E1,L4_E5,1
L3_E1,L4_E6,2
L3_E2,L3_E2,40
L3_E2,L4_E0,8
L3_E2,L4_E1,7
L3_E2,L4_E2,2
L3_E2,L4_E3,6
L3_E2,L4_E4,7
L3_E2,L4_E5,3
L3_E2,L4_E6,3
L3_E2,L4_E7,4
L3_E3,L3_E3,44
L3_E3,L4_E0,7
L3_E3,L4_E1,3
L3_E3,L4_E2,5
L3_E3,L4_E3,3
L3_E3,L4_E4,11
L3_E3,L4_E5,7
L3_E3,L4_E6,4
L3_E3,L4_E7,4
L3_E4,L3_E4,43
L3_E4,L4_E0,4
L3_E4,L4_E1,5
L3_E4,L4_E2,4
L3_E4,L4_E3,1
L3_E4,L4_E4,5
L3_E4,L4_E5,8
L3_E4,L4_E6,9
L3_E4,L4_E7,7
L3_E5,L3_E5,43
L3_E5,L4_E0,1
L3_E5,L4_E1,5
L3_E5,L4_E2,7
L3_E5,L4_E3,5
L3_E5,L4_E4,2
L3_E5,L4_E5,7
L3_E5,L4_E6,8
L3_E5,L4_E7,8
L3_E6,L3_E6,38
L3_E6,L4_E1,6
L3_E6,L4_E2,3
L3_E6,L4_E3,3
L3_E6,L4_E4,4
L3_E6,L4_E5,8
L3_E6,L4_E6,5
L3_E6,L4_E7,9
L3_E7,L3_E7,35
L3_E7,L4_E1,2
L3_E7,L4_E2,3
L3_E7,L4_E3,2
L3_E7,L4_E4,7
L3_E7,L4_E5,4
L3_E7,L4_E6,8
L3_E7,L4_E7,9
L4_E0,L4_E0,35
L4_E0,L5_E0,12
L4_E0,L5_E1,7
L4_E0,L5_E2,5
L4_E0,L5_E3,4
L4_E0,L5_E4,5
L4_E0,L5_E5,2
L4_E1,L4_E1,44
L4_E1,L5_E0,10
L4_E1,L5_E1,7
L4_E1,L5_E2,8
L4_E1,L5_E3,6
L4_E1,L5_E4,6
L4_E1,L5_E5,4
L4_E1,L5_E6,3
L4_E2,L4_E2,33
L4_E2,L5_E0,5
L4_E2,L5_E1,4
L4_E2,L5_E2,7
L4_E2,L5_E3,2
L4_E2,L5_E4,7
L4_E2,L5_E5,4
L4_E2,L5_E6,3
L4_E2,L5_E7,1
L4_E3,L4_E3,39
L4_E3,L5_E0,9
L4_E3,L5_E1,6
L4_E3,L5_E2,4
L4_E3,L5_E3,5
L4_E3,L5_E4,5
L4_E3,L5_E5,2
L4_E3,L5_E6,4
L4_E3,L5_E7,4
L4_E4,L4_E4,47
L4_E4,L5_E0,3
L4_E4,L5_E1,4
L4_E4,L5_E2,6
L4_E4,L5_E3,9
L4_E4,L5_E4,6
L4_E4,L5_E5,7
L4_E4,L5_E6,7
L4_E4,L5_E7,5
L4_E5,L4_E5,40
L4_E5,L5_E0,5
L4_E5,L5_E1,6
L4_E5,L5_E2,4
L4_E5,L5_E3,2
L4_E5,L5_E4,5
L4_E5,L5_E5,4
L4_E5,L5_E6,6
L4_E5,L5_E7,8
L4_E6,L4_E6,41
L4_E6,L5_E0,1
L4_E6,L5_E2,3
L4_E6,L5_E3,4
L4_E6,L5_E4,10
L4_E6,L5_E5,6
L4_E6,L5_E6,8
L4_E6,L5_E7,9
L4_E7,L4_E7,41
L4_E7,L5_E1,1
L4_E7,L5_E2,3
L4_E7,L5_E3,1
L4_E7,L5_E4,8
L4_E7,L5_E5,12
L4_E7,L5_E6,8
L4_E7,L5_E7,8
L5_E0,L5_E0,45
L5_E0,L6_E0,13
L5_E0,L6_E1,9
L5_E0,L6_E2,5
L5_E0,L6_E3,6
L5_E0,L6_E4,4
L5_E0,L6_E5,7
L5_E0,L6_E6,1
L5_E1,L5_E1,35
L5_E1,L6_E0,4
L5_E1,L6_E1,8
L5_E1,L6_E2,9
L5_E1,L6_E3,5
L5_E1,L6_E4,3
L5_E1,L6_E5,2
L5_E1,L6_E6,4
L5_E2,L5_E2,40
L5_E2,L6_E0,8
L5_E2,L6_E1,8
L5_E2,L6_E2,3
L5_E2,L6_E3,5
L5_E2,L6_E4,3
L5_E2,L6_E5,6
L5_E2,L6_E6,5
L5_E2,L6_E7,2
L5_E3,L5_E3,33
L5_E3,L6_E0,5
L5_E3,L6_E1,5
L5_E3,L6_E2,2
L5_E3,L6_E3,6
L5_E3,L6_E4,3
L5_E3,L6_E5,3
L5_E3,L6_E6,8
L5_E3,L6_E7,1
L5_E4,L5_E4,52
L5_E4,L6_E0,5
L5_E4,L6_E1,8
L5_E4,L6_E2,7
L5_E4,L6_E3,6
L5_E4,L6_E4,5
L5_E4,L6_E5,5
L5_E4,L6_E6,6
L5_E4,L6_E7,10
L5_E5,L5_E5,41
L5_E5,L6_E0,2
L5_E5,L6_E1,3
L5_E5,L6_E2,7
L5_E5,L6_E3,3
L5_E5,L6_E4,7
L5_E5,L6_E5,7
L5_E5,L6_E6,5
L5_E5,L6_E7,7
L5_E6,L5_E6,39
L5_E6,L6_E0,1
L5_E6,L6_E1,2
L5_E6,L6_E2,3
L5_E6,L6_E3,5
L5_E6,L6_E4,3
L5_E6,L6_E5,3
L5_E6,L6_E6,11
L5_E6,L6_E7,11
L5_E7,L5_E7,35
L5_E7,L6_E1,1
L5_E7,L6_E2,4
L5_E7,L6_E3,6
L5_E7,L6_E4,6
L5_E7,L6_E5,8
L5_E7,L6_E6,4
L5_E7,L6_E7,6
L6_E0,L6_E0,38
L6_E0,L7_E0,6
L6_E0,L7_E1,12
L6_E0,L7_E2,4
L6_E0,L7_E3,10
L6_E0,L7_E4,5
L6_E0,L7_E6,1
L6_E1,L6_E1,44
L6_E1,L7_E0,7
L6_E1,L7_E1,8
L6_E1,L7_E2,4
L6_E1,L7_E3,10
L6_E1,L7_E4,3
L6_E1,L7_E5,3
L6_E1,L7_E6,6
L6_E1,L7_E7,3
L6_E2,L6_E2,40
L6_E2,L7_E0,12
L6_E2,L7_E1,4
L6_E2,L7_E2,3
L6_E2,L7_E3,4
L6_E2,L7_E4,4
L6_E2,L7_E5,6
L6_E2,L7_E6,4
L6_E2,L7_E7,3
L6_E3,L6_E3,42
L6_E3,L7_E0,11
L6_E3,L7_E1,4
L6_E3,L7_E2,2
L6_E3,L7_E3,4
L6_E3,L7_E4,3
L6_E3,L7_E5,5
L6_E3,L7_E6,6
L6_E3,L7_E7,7
L6_E4,L6_E4,34
L6_E4,L7_E0,5
L6_E4,L7_E1,3
L6_E4,L7_E2,8
L6_E4,L7_E3,3
L6_E4,L7_E4,3
L6_E4,L7_E5,2
L6_E4,L7_E6,5
L6_E4,L7_E7,5
L6_E5,L6_E5,41
L6_E5,L7_E0,2
L6_E5,L7_E1,2
L6_E5,L7_E2,3
L6_E5,L7_E3,8
L6_E5,L7_E4,4
L6_E5,L7_E5,9
L6_E5,L7_E6,5
L6_E5,L7_E7,8
L6_E6,L6_E6,44
L6_E6,L7_E0,4
L6_E6,L7_E1,4
L6_E6,L7_E2,6
L6_E6,L7_E3,4
L6_E6,L7_E4,3
L6_E6,L7_E5,8
L6_E6,L7_E6,7
L6_E6,L7_E7,8
L6_E7,L6_E7,37
L6_E7,L7_E1,1
L6_E7,L7_E2,1
L6_E7,L7_E3,6
L6_E7,L7_E4,3
L6_E7,L7_E5,7
L6_E7,L7_E6,9
L6_E7,L7_E7,10
L7_E0,L7_E0,47
L7_E0,L8_E0,14
L7_E0,L8_E1,7
L7_E0,L8_E2,6
L7_E0,L8_E3,9
L7_E0,L8_E4,8
L7_E0,L8_E5,1
L7_E0,L8_E6,2
L7_E1,L7_E1,38
L7_E1,L8_E0,12
L7_E1,L8_E1,6
L7_E1,L8_E2,6
L7_E1,L8_E3,4
L7_E1,L8_E4,4
L7_E1,L8_E5,5
L7_E1,L8_E7,1
L7_E2,L7_E2,31
L7_E2,L8_E0,5
L7_E2,L8_E1,5
L7_E2,L8_E2,8
L7_E2,L8_E3,3
L7_E2,L8_E4,4
L7_E2,L8_E6,6
L7_E3,L7_E3,49
L7_E3,L8_E0,7
L7_E3,L8_E1,6
L7_E3,L8_E2,3
L7_E3,L8_E3,13
L7_E3,L8_E4,6
L7_E3,L8_E5,5
L7_E3,L8_E6,6
L7_E3,L8_E7,3
L7_E4,L7_E4,28
L7_E4,L8_E0,3
L7_E4,L8_E1,3
L7_E4,L8_E2,6
L7_E4,L8_E3,4
L7_E4,L8_E4,3
L7_E4,L8_E5,4
L7_E4,L8_E7,5
L7_E5,L7_E5,40
L7_E5,L8_E0,5
L7_E5,L8_E1,3
L7_E5,L8_E2,5
L7_E5,L8_E3,2
L7_E5,L8_E4,3
L7_E5,L8_E5,3
L7_E5,L8_E6,8
L7_E5,L8_E7,11
L7_E6,L7_E6,43
L7_E6,L8_E0,2
L7_E6,L8_E1,4
L7_E6,L8_E2,6
L7_E6,L8_E3,3
L7_E6,L8_E4,3
L7_E6,L8_E5,6
L7_E6,L8_E6,9
L7_E6,L8_E7,10
L7_E7,L7_E7,44
L7_E7,L8_E1,1
L7_E7,L8_E2,2
L7_E7,L8_E3,6
L7_E7,L8_E4,13
L7_E7,L8_E5,8
L7_E7,L8_E6,10
L7_E7,L8_E7,4
L8_E0,L8_E0,48
L8_E0,L9_E0,11
L8_E0,L9_E1,8
L8_E0,L9_E2,9
L8_E0,L9_E3,8
L8_E0,L9_E4,4
L8_E0,L9_E5,5
L8_E0,L9_E6,3
L8_E1,L8_E1,35
L8_E1,L9_E0,7
L8_E1,L9_E1,8
L8_E1,L9_E2,7
L8_E1,L9_E3,3
L8_E1,L9_E4,1
L8_E1,L9_E5,3
L8_E1,L9_E6,3
L8_E1,L9_E7,3
L8_E2,L8_E2,42
L8_E2,L9_E0,7
L8_E2,L9_E1,8
L8_E2,L9_E2,5
L8_E2,L9_E3,7
L8_E2,L9_E4,5
L8_E2,L9_E5,2
L8_E2,L9_E6,4
L8_E2,L9_E7,4
L8_E3,L8_E3,44
L8_E3,L9_E0,7
L8_E3,L9_E1,9
L8_E3,L9_E2,2
L8_E3,L9_E3,5
L8_E3,L9_E4,6
L8_E3,L9_E5,4
L8_E3,L9_E6,5
L8_E3,L9_E7,6
L8_E4,L8_E4,44
L8_E4,L9_E0,6
L8_E4,L9_E1,7
L8_E4,L9_E2,9
L8_E4,L9_E3,1
L8_E4,L9_E4,7
L8_E4,L9_E5,6
L8_E4,L9_E6,2
L8_E4,L9_E7,6
L8_E5,L8_E5,32
L8_E5,L9_E0,3
L8_E5,L9_E1,1
L8_E5,L9_E2,1
L8_E5,L9_E3,5
L8_E5,L9_E4,7
L8_E5,L9_E5,3
L8_E5,L9_E6,7
L8_E5,L9_E7,5
L8_E6,L8_E6,41
L8_E6,L9_E0,2
L8_E6,L9_E1,2
L8_E6,L9_E2,4
L8_E6,L9_E3,3
L8_E6,L9_E4,3
L8_E6,L9_E5,8
L8_E6,L9_E6,11
L8_E6,L9_E7,8
L8_E7,L8_E7,34
L8_E7,L9_E1,2
L8_E7,L9_E2,2
L8_E7,L9_E3,1
L8_E7,L9_E4,6
L8_E7,L9_E5,9
L8_E7,L9_E6,11
L8_E7,L9_E7,3
L9_E0,L10_E0,10
L9_E0,L10_E1,8
L9_E0,L10_E2,7
L9_E0,L10_E3,9
L9_E0,L10_E4,5
L9_E0,L10_E5,2
L9_E0,L10_E6,2
L9_E0,L9_E0,43
L9_E1,L10_E0,13
L9_E1,L10_E1,5
L9_E1,L10_E2,3
L9_E1,L10_E3,11
L9_E1,L10_E4,3
L9_E1,L10_E5,6
L9_E1,L10_E6,2
L9_E1,L10_E7,2
L9_E1,L9_E1,45
L9_E2,L10_E0,7
L9_E2,L10_E1,6
L9_E2,L10_E2,6
L9_E2,L10_E3,7
L9_E2,L10_E4,2
L9_E2,L10_E5,3
L9_E2,L10_E6,3
L9_E2,L10_E7,5
L9_E2,L9_E2,39
L9_E3,L10_E0,3
L9_E3,L10_E1,8
L9_E3,L10_E2,4
L9_E3,L10_E3,6
L9_E3,L10_E4,6
L9_E3,L10_E5,3
L9_E3,L10_E6,1
L9_E3,L10_E7,2
L9_E3,L9_E3,33
L9_E4,L10_E0,7
L9_E4,L10_E1,1
L9_E4,L10_E2,5
L9_E4,L10_E3,4
L9_E4,L10_E4,7
L9_E4,L10_E5,7
L9_E4,L10_E6,5
L9_E4,L10_E7,3
L9_E4,L9_E4,39
L9_E5,L10_E0,3
L9_E5,L10_E1,1
L9_E5,L10_E2,3
L9_E5,L10_E3,9
L9_E5,L10_E4,6
L9_E5,L10_E5,3
L9_E5,L10_E6,8
L9_E5,L10_E7,7
L9_E5,L9_E5,40
L9_E6,L10_E0,1
L9_E6,L10_E1,2
L9_E6,L10_E2,4
L9_E6,L10_E3,2
L9_E6,L10_E4,7
L9_E6,L10_E5,9
L9_E6,L10_E6,14
L9_E6,L10_E7,7
L9_E6,L9_E6,46
L9_E7,L10_E2,1
L9_E7,L10_E3,2
L9_E7,L10_E4,6
L9_E7,L10_E5,9
L9_E7,L10_E6,11
L9_E7,L10_E7,6
L9_E7,L9_E7,35
