Configuration,Device_ID,Total_Time,GPU_Time,Logic_Time,MoE_Time,Attention_Time,Comm_Time
gpu_baseline,0,38465194.759599656,38465194.759599656,0.0,13693673.0,2456326.4000000004,335162.2399999998
gpu_baseline,1,38464565.049799636,38464565.049799636,0.0,13692556.0,2456326.4000000004,335162.2399999998
gpu_baseline,2,38464071.75199963,38464071.75199963,0.0,13691678.0,2456326.4000000004,335162.2399999998
gpu_baseline,3,38464037.39899963,38464037.39899963,0.0,13691618.0,2456326.4000000004,335162.2399999998
duplex,0,13224929.718200095,11117364.642200062,2107565.0759999994,4293195.199999996,878075.5199999987,335162.2399999998
duplex,1,13179432.154000102,11117486.788200075,2061945.3657999998,4247574.8999999985,878075.5199999987,335162.2399999998
duplex,2,13169544.60380012,11117582.537200088,2051962.0666000019,4237591.599999999,878075.5199999987,335162.2399999998
duplex,3,13130352.048700111,11117589.147200068,2012762.9015000013,4198392.8999999985,878075.5199999987,335162.2399999998
duplex_pe,0,13224929.718200095,11117364.642200062,2107565.0759999994,4293195.199999996,878075.5199999987,335162.2399999998
duplex_pe,1,13179432.154000102,11117486.788200075,2061945.3657999998,4247574.8999999985,878075.5199999987,335162.2399999998
duplex_pe,2,13169544.60380012,11117582.537200088,2051962.0666000019,4237591.599999999,878075.5199999987,335162.2399999998
duplex_pe,3,13130352.048700111,11117589.147200068,2012762.9015000013,4198392.8999999985,878075.5199999987,335162.2399999998
duplex_pe_et,0,14830835.909370095,13208940.328600105,1621895.5807699962,4837384.050000002,878075.5199999987,502743.359999999
duplex_pe_et,1,14830835.909370095,13208940.328600105,1621895.5807699962,4837384.050000002,878075.5199999987,502743.359999999
duplex_pe_et,2,14830835.909370095,13208940.328600105,1621895.5807699962,4837384.050000002,878075.5199999987,502743.359999999
duplex_pe_et,3,14830835.909370095,13208940.328600105,1621895.5807699962,4837384.050000002,878075.5199999987,502743.359999999
