Configuration,Expert_ID,Top1_Count,Top2_Count,Total_Count,Fraction
gpu_baseline,0,1329,0,1329,0.12978515625
gpu_baseline,1,1044,197,1241,0.12119140625
gpu_baseline,2,926,361,1287,0.12568359375
gpu_baseline,3,709,544,1253,0.12236328125
gpu_baseline,4,590,735,1325,0.12939453125
gpu_baseline,5,347,906,1253,0.12236328125
gpu_baseline,6,175,1138,1313,0.12822265625
gpu_baseline,7,0,1239,1239,0.12099609375
duplex,0,1329,0,1329,0.12978515625
duplex,1,1044,197,1241,0.12119140625
duplex,2,926,361,1287,0.12568359375
duplex,3,709,544,1253,0.12236328125
duplex,4,590,735,1325,0.12939453125
duplex,5,347,906,1253,0.12236328125
duplex,6,175,1138,1313,0.12822265625
duplex,7,0,1239,1239,0.12099609375
duplex_pe,0,1329,0,1329,0.12978515625
duplex_pe,1,1044,197,1241,0.12119140625
duplex_pe,2,926,361,1287,0.12568359375
duplex_pe,3,709,544,1253,0.12236328125
duplex_pe,4,590,735,1325,0.12939453125
duplex_pe,5,347,906,1253,0.12236328125
duplex_pe,6,175,1138,1313,0.12822265625
duplex_pe,7,0,1239,1239,0.12099609375
duplex_pe_et,0,1329,0,1329,0.12978515625
duplex_pe_et,1,1044,197,1241,0.12119140625
duplex_pe_et,2,926,361,1287,0.12568359375
duplex_pe_et,3,709,544,1253,0.12236328125
duplex_pe_et,4,590,735,1325,0.12939453125
duplex_pe_et,5,347,906,1253,0.12236328125
duplex_pe_et,6,175,1138,1313,0.12822265625
duplex_pe_et,7,0,1239,1239,0.12099609375
