configuration,device,execution_time,gpu_time,logic_pim_time,moe_time,attention_time,communication,synchronization
gpu_baseline,0,38465194.7596,38465194.7596,0,13693673.0,2456326.4000000004,335162.24,13021.183799999999
gpu_baseline,1,38464565.0498,38464565.0498,0,13692556.0,2456326.4000000004,335162.24,15250.0314
gpu_baseline,2,38464071.752000004,38464071.752000004,0,13691678.0,2456326.4000000004,335162.24,17009.6516
gpu_baseline,3,38464037.399000004,38464037.399000004,0,13691618.0,2456326.4000000004,335162.24,17126.957200003726
duplex,0,13224929.7182,11117364.6422,2107565.076,4293195.2,878075.52,335162.24,486325.375
duplex,1,13179432.154,11117486.7882,2061945.3658,4247574.9,878075.52,335162.24,577565.641
duplex,2,13169544.6038,11117582.5372,2051962.0666,4237591.6,878075.52,335162.24,597531.76
duplex,3,13130352.0487,11117589.1472,2012762.9015,4198392.9,878075.52,335162.24,675929.82
duplex_pe,0,13224929.7182,11117364.6422,2107565.076,4293195.2,878075.52,335162.24,486325.375
duplex_pe,1,13179432.154,11117486.7882,2061945.3658,4247574.9,878075.52,335162.24,577565.641
duplex_pe,2,13169544.6038,11117582.5372,2051962.0666,4237591.6,878075.52,335162.24,597531.76
duplex_pe,3,13130352.0487,11117589.1472,2012762.9015,4198392.9,878075.52,335162.24,675929.82
duplex_pe_et,0,14830835.90937,13208940.3286,1621895.58077,4837384.05,878075.52,502743.36,0.0
duplex_pe_et,1,14830835.90937,13208940.3286,1621895.58077,4837384.05,878075.52,502743.36,0.0
duplex_pe_et,2,14830835.90937,13208940.3286,1621895.58077,4837384.05,878075.52,502743.36,0.0
duplex_pe_et,3,14830835.90937,13208940.3286,1621895.58077,4837384.05,878075.52,502743.36,0.0
