Layer,Most_Selected,Entropy,Max_Mean_Ratio
0,0,2.989181220373348,1.225
1,0,2.9488603438049337,1.3
2,5,2.993388176380491,1.2
3,0,2.9855009576462335,1.2
4,4,2.991935427729244,1.175
5,4,2.9852452376260734,1.3
6,1,2.9950880110646594,1.1
7,3,2.9775055111102304,1.225
8,0,2.9871037554613236,1.2
9,6,2.991693619373922,1.15
10,3,2.979767451882244,1.25
11,5,2.987294267049128,1.175
12,4,2.9740461829434133,1.3
13,7,2.988127397452315,1.2
14,5,2.9924071866846758,1.15
15,7,2.9912699488677994,1.125
16,4,2.9822306473459856,1.175
17,1,2.9884942352113693,1.175
18,1,2.985759927266697,1.2
19,2,2.974168346415314,1.4
20,0,2.989076951128306,1.175
21,2,2.993993281046613,1.125
22,1,2.99265430082135,1.15
23,0,2.9902524154405317,1.175
24,0,2.993556926619763,1.15
25,1,2.987202243234838,1.25
26,0,2.9928140935066874,1.15
27,4,2.9913740900366257,1.15
28,0,2.993044031360826,1.175
29,2,2.9969898152443686,1.1
30,5,2.9889286277900826,1.25
31,0,2.993028576336793,1.1
