Configuration,Processor,Operation,Executions,Total_Duration,Mean_Duration,Max_Duration,Fraction
gpu_baseline,GPU,MoE_decoder_0,4,1003216.0,250804.0,250804.0,0.006520407482429176
gpu_baseline,GPU,input_layer_norm,128,20333.312,158.854,158.854,0.00013215646451747876
gpu_baseline,GPU,attention,128,4273382.4,33385.8,33385.8,0.027774870592415946
gpu_baseline,GPU,attn_qkv_proj,128,494256.64,3861.38,3861.38,0.003212423539592973
gpu_baseline,GPU,Linear,1152,27814785.1904,24144.77881111111,35211.9,0.18078233748030775
gpu_baseline,GPU,self_attention,128,2775961.6,21687.2,21687.2,0.018042376504736835
gpu_baseline,GPU,AttentionSplit,128,0.0,0.0,0.0,0.0
gpu_baseline,GPU,AttentionSum,128,0.0,0.0,0.0,0.0
gpu_baseline,GPU,AttentionGen,128,2775961.6,21687.2,21687.2,0.018042376504736835
gpu_baseline,GPU,AttentionMerge,128,0.0,0.0,0.0,0.0
gpu_baseline,GPU,attn_o_proj,128,332840.96,2600.32,2600.32,0.002163301508391922
gpu_baseline,GPU,all_reduce,128,670324.48,5236.91,5236.91,0.004356777359060707
gpu_baseline,GPU,residual_1,128,20333.312,158.854,158.854,0.00013215646451747876
gpu_baseline,GPU,post_attn_layer_norm,128,20333.312,158.854,158.854,0.00013215646451747876
gpu_baseline,GPU,expertFFN,128,27741812.0,216732.90625,217017.0,0.18030804785902887
gpu_baseline,GPU,sync_0,128,0.0,0.0,0.0,0.0
gpu_baseline,GPU,sync__set,896,0.0,0.0,0.0,0.0
gpu_baseline,GPU,sync__,896,31203.912000001863,34.82579464285922,938.463,0.00020280998437612012
gpu_baseline,GPU,gate_fn,128,12532.3904,97.9093,97.9093,8.145433499553794e-05
gpu_baseline,GPU,gate_update,128,0.0,0.0,0.0,0.0
gpu_baseline,GPU,moe_scatter,128,0.0,0.0,0.0,0.0
gpu_baseline,GPU,sync_for_moe_scatter,128,0.0,0.0,0.0,0.0
gpu_baseline,GPU,moe_route,128,0.0,0.0,0.0,0.0
gpu_baseline,GPU,expert_FFN_0,32,3379110.0,105597.1875,105870.0,0.021962542590978667
gpu_baseline,GPU,gate_proj,256,8991718.4,35123.9,35211.9,0.058441719365775774
gpu_baseline,GPU,activation,256,52553.9476,205.2888578125,410.578,0.000341574649090755
gpu_baseline,GPU,up_proj,256,8991718.4,35123.9,35211.9,0.058441719365775774
gpu_baseline,GPU,down_proj,256,8991718.4,35123.9,35211.9,0.058441719365775774
gpu_baseline,GPU,expert_FFN_1,32,3379110.0,105597.1875,106046.0,0.021962542590978667
gpu_baseline,GPU,sync_2,128,31203.912000001863,243.78056250001455,938.463,0.00020280998437612012
gpu_baseline,GPU,moe_all_reduce_for_e_tp,128,0.0,0.0,0.0,0.0
gpu_baseline,GPU,sync_3,128,0.0,0.0,0.0,0.0
gpu_baseline,GPU,moe_gather,128,0.0,0.0,0.0,0.0
gpu_baseline,GPU,sync_for_moe_gather,128,0.0,0.0,0.0,0.0
gpu_baseline,GPU,moe_all_reduce_for_gather,128,670324.48,5236.91,5236.91,0.004356777359060707
gpu_baseline,GPU,sync_5,128,0.0,0.0,0.0,0.0
gpu_baseline,GPU,sync_6,128,0.0,0.0,0.0,0.0
gpu_baseline,GPU,residual_2,128,20333.312,158.854,158.854,0.00013215646451747876
gpu_baseline,GPU,MoE_decoder_1,4,1002744.0,250686.0,250686.0,0.006517339716034196
gpu_baseline,GPU,MoE_decoder_2,4,1003684.0,250921.0,250921.0,0.00652344925080386
gpu_baseline,GPU,MoE_decoder_3,4,1003916.0,250979.0,250979.0,0.006524957135981054
gpu_baseline,GPU,MoE_decoder_4,4,1002980.0,250745.0,250745.0,0.0065188735992316865
gpu_baseline,GPU,MoE_decoder_5,4,1003216.0,250804.0,250804.0,0.006520407482429176
gpu_baseline,GPU,MoE_decoder_6,4,1003684.0,250921.0,250921.0,0.00652344925080386
gpu_baseline,GPU,MoE_decoder_7,4,1002980.0,250745.0,250745.0,0.0065188735992316865
gpu_baseline,GPU,MoE_decoder_8,4,1003684.0,250921.0,250921.0,0.00652344925080386
gpu_baseline,GPU,MoE_decoder_9,4,1002276.0,250569.0,250569.0,0.006514297947659512
gpu_baseline,GPU,MoE_decoder_10,4,1002512.0,250628.0,250628.0,0.006515831830857003
gpu_baseline,GPU,MoE_decoder_11,4,1002744.0,250686.0,250686.0,0.006517339716034196
gpu_baseline,GPU,MoE_decoder_12,4,1004152.0,251038.0,251038.0,0.006526491019178544
gpu_baseline,GPU,MoE_decoder_13,4,1002744.0,250686.0,250686.0,0.006517339716034196
gpu_baseline,GPU,MoE_decoder_14,4,1002744.0,250686.0,250686.0,0.006517339716034196
gpu_baseline,GPU,MoE_decoder_15,4,1002276.0,250569.0,250569.0,0.006514297947659512
gpu_baseline,GPU,MoE_decoder_16,4,1002512.0,250628.0,250628.0,0.006515831830857003
gpu_baseline,GPU,MoE_decoder_17,4,1002980.0,250745.0,250745.0,0.0065188735992316865
gpu_baseline,GPU,MoE_decoder_18,4,1002980.0,250745.0,250745.0,0.0065188735992316865
gpu_baseline,GPU,MoE_decoder_19,4,1002744.0,250686.0,250686.0,0.006517339716034196
gpu_baseline,GPU,MoE_decoder_20,4,1002980.0,250745.0,250745.0,0.0065188735992316865
gpu_baseline,GPU,MoE_decoder_21,4,1002980.0,250745.0,250745.0,0.0065188735992316865
gpu_baseline,GPU,MoE_decoder_22,4,1002744.0,250686.0,250686.0,0.006517339716034196
gpu_baseline,GPU,MoE_decoder_23,4,1002744.0,250686.0,250686.0,0.006517339716034196
gpu_baseline,GPU,MoE_decoder_24,4,1002980.0,250745.0,250745.0,0.0065188735992316865
gpu_baseline,GPU,MoE_decoder_25,4,1003684.0,250921.0,250921.0,0.00652344925080386
gpu_baseline,GPU,MoE_decoder_26,4,1004152.0,251038.0,251038.0,0.006526491019178544
gpu_baseline,GPU,MoE_decoder_27,4,1002276.0,250569.0,250569.0,0.006514297947659512
gpu_baseline,GPU,MoE_decoder_28,4,1002744.0,250686.0,250686.0,0.006517339716034196
gpu_baseline,GPU,MoE_decoder_29,4,1003448.0,250862.0,250862.0,0.00652191536760637
gpu_baseline,GPU,MoE_decoder_30,4,1002512.0,250628.0,250628.0,0.006515831830857003
gpu_baseline,GPU,MoE_decoder_31,4,1002512.0,250628.0,250628.0,0.006515831830857003
gpu_baseline,GPU,expert_FFN_2,32,3378874.0,105589.8125,105870.0,0.021961008707781178
gpu_baseline,GPU,expert_FFN_3,32,3378229.0,105569.65625,105870.0,0.021956816527008375
gpu_baseline,GPU,expert_FFN_4,32,3378583.0,105580.71875,105870.0,0.02195911735180461
gpu_baseline,GPU,expert_FFN_5,32,3377642.0,105551.3125,105988.0,0.021953001317529874
gpu_baseline,GPU,expert_FFN_6,32,3378405.0,105575.15625,105870.0,0.02195796043990142
gpu_baseline,GPU,expert_FFN_7,32,3377760.0,105555.0,105870.0,0.021953768259128616
duplex,GPU,MoE_decoder_0,4,368110.8,92027.7,92027.7,0.0069844602752068665
duplex,GPU,input_layer_norm,128,20333.312,158.854,158.854,0.00038580017192483103
duplex,GPU,attention,128,2169049.6,16945.7,16945.7,0.04115511081487787
duplex,GPU,attn_qkv_proj,128,494256.64,3861.38,3861.38,0.00937792606964322
duplex,GPU,Linear,384,839629.9904,2186.536433333333,3861.38,0.015930970549685373
duplex,GPU,self_attention,128,671626.24,5247.08,5247.08,0.012743301182868183
duplex,GPU,AttentionSplit,128,0.0,0.0,0.0,0.0
duplex,Logic,AttentionSum,128,0.0,0.0,0.0,0.0
duplex,Logic,AttentionGen,128,671626.24,5247.08,5247.08,0.012743301182868183
duplex,GPU,AttentionMerge,128,0.0,0.0,0.0,0.0
duplex,GPU,attn_o_proj,128,332840.96,2600.32,2600.32,0.00631525742543201
duplex,GPU,all_reduce,128,670324.48,5236.91,5236.91,0.012718601850471922
duplex,GPU,residual_1,128,20333.312,158.854,158.854,0.00038580017192483103
duplex,GPU,post_attn_layer_norm,128,20333.312,158.854,158.854,0.00038580017192483103
duplex,GPU,expertFFN,128,9414143.2,73547.99375,87610.7,0.1786220594601105
duplex,GPU,sync_0,128,0.0,0.0,0.0,0.0
duplex,GPU,sync__set,896,0.0,0.0,0.0,0.0
duplex,GPU,sync__,896,1168676.298,1304.3262254464285,29590.0,0.02217422900375871
duplex,GPU,gate_fn,128,12532.3904,97.9093,97.9093,0.00023778705461014425
duplex,GPU,gate_update,128,0.0,0.0,0.0,0.0
duplex,GPU,moe_scatter,128,0.0,0.0,0.0,0.0
duplex,GPU,sync_for_moe_scatter,128,0.0,0.0,0.0,0.0
duplex,GPU,moe_route,128,0.0,0.0,0.0,0.0
duplex,GPU,expert_FFN_0,32,958395.4,29949.85625,42783.5,0.018184401542255743
duplex,GPU,gate_proj,256,2516490.23,9830.0399609375,17518.0,0.04774737944222552
duplex,Logic,Linear,768,7549470.69,9830.0399609375,17518.0,0.14324213832667657
duplex,Logic,activation,256,13138.4799,51.322187109375,102.644,0.00024928687487070164
duplex,GPU,up_proj,256,2516490.23,9830.0399609375,17518.0,0.04774737944222552
duplex,GPU,down_proj,256,2516490.23,9830.0399609375,17518.0,0.04774737944222552
duplex,GPU,expert_FFN_1,32,981264.0,30664.5,52656.6,0.01861830575872968
duplex,GPU,sync_2,128,1168676.298,9130.283578125,29590.0,0.02217422900375871
duplex,GPU,moe_all_reduce_for_e_tp,128,0.0,0.0,0.0,0.0
duplex,GPU,sync_3,128,0.0,0.0,0.0,0.0
duplex,GPU,moe_gather,128,0.0,0.0,0.0,0.0
duplex,GPU,sync_for_moe_gather,128,0.0,0.0,0.0,0.0
duplex,GPU,moe_all_reduce_for_gather,128,670324.48,5236.91,5236.91,0.012718601850471922
duplex,GPU,sync_5,128,0.0,0.0,0.0,0.0
duplex,GPU,sync_6,128,0.0,0.0,0.0,0.0
duplex,GPU,residual_2,128,20333.312,158.854,158.854,0.00038580017192483103
duplex,GPU,MoE_decoder_1,4,368257.2,92064.3,92064.3,0.006987238039359101
duplex,GPU,MoE_decoder_2,4,394702.8,98675.7,98675.7,0.007489011534334012
duplex,GPU,MoE_decoder_3,4,407604.0,101901.0,101901.0,0.007733796308110003
duplex,GPU,MoE_decoder_4,4,354946.4,88736.6,88736.6,0.006734681597572488
duplex,GPU,MoE_decoder_5,4,368110.8,92027.7,92027.7,0.0069844602752068665
duplex,GPU,MoE_decoder_6,4,394439.2,98609.8,98609.8,0.007484010040956082
duplex,GPU,MoE_decoder_7,4,354946.4,88736.6,88736.6,0.006734681597572488
duplex,GPU,MoE_decoder_8,4,394439.2,98609.8,98609.8,0.007484010040956082
duplex,GPU,MoE_decoder_9,4,328764.8,82191.2,82191.2,0.006237917185495047
duplex,GPU,MoE_decoder_10,4,355093.2,88773.3,88773.3,0.006737466951244264
duplex,GPU,MoE_decoder_11,4,368257.2,92064.3,92064.3,0.006987238039359101
duplex,GPU,MoE_decoder_12,4,420768.0,105192.0,105192.0,0.00798356739622484
duplex,GPU,MoE_decoder_13,4,342046.4,85511.6,85511.6,0.006489919592355123
duplex,GPU,MoE_decoder_14,4,355093.2,88773.3,88773.3,0.006737466951244264
duplex,GPU,MoE_decoder_15,4,328764.8,82191.2,82191.2,0.006237917185495047
duplex,GPU,MoE_decoder_16,4,328882.4,82220.6,82220.6,0.006240148504240286
duplex,GPU,MoE_decoder_17,4,355210.4,88802.6,88802.6,0.0067396906804699595
duplex,GPU,MoE_decoder_18,4,354946.4,88736.6,88736.6,0.006734681597572488
duplex,GPU,MoE_decoder_19,4,342046.4,85511.6,85511.6,0.006489919592355123
duplex,GPU,MoE_decoder_20,4,368316.0,92079.0,92079.0,0.006988353698731719
duplex,GPU,MoE_decoder_21,4,368316.0,92079.0,92079.0,0.006988353698731719
duplex,GPU,MoE_decoder_22,4,341782.4,85445.6,85445.6,0.0064849105094576505
duplex,GPU,MoE_decoder_23,4,355152.0,88788.0,88788.0,0.0067385826106168825
duplex,GPU,MoE_decoder_24,4,354946.4,88736.6,88736.6,0.006734681597572488
duplex,GPU,MoE_decoder_25,4,407808.0,101952.0,101952.0,0.0077376669630762306
duplex,GPU,MoE_decoder_26,4,420768.0,105192.0,105192.0,0.00798356739622484
duplex,GPU,MoE_decoder_27,4,328764.8,82191.2,82191.2,0.006237917185495047
duplex,GPU,MoE_decoder_28,4,341782.4,85445.6,85445.6,0.0064849105094576505
duplex,GPU,MoE_decoder_29,4,381274.8,95318.7,95318.7,0.007234231363321703
duplex,GPU,MoE_decoder_30,4,355093.2,88773.3,88773.3,0.006737466951244264
duplex,GPU,MoE_decoder_31,4,355093.2,88773.3,88773.3,0.006737466951244264
duplex,GPU,expert_FFN_2,32,958468.6,29952.14375,42783.5,0.018185790424331858
duplex,GPU,expert_FFN_3,32,935570.5,29236.578125,42783.5,0.017751326480791724
duplex,GPU,expert_FFN_4,32,948632.0,29644.75,42783.5,0.017999152754524017
duplex,GPU,expert_FFN_5,32,935423.8,29231.99375,49365.5,0.01774854302449983
duplex,GPU,expert_FFN_6,32,922443.0,28826.34375,42783.5,0.01750224793633506
duplex,GPU,expert_FFN_7,32,922414.1,28825.440625,42783.5,0.017501699593548175
duplex_pe,GPU,MoE_decoder_0,4,368110.8,92027.7,92027.7,0.0069844602752068665
duplex_pe,GPU,input_layer_norm,128,20333.312,158.854,158.854,0.00038580017192483103
duplex_pe,GPU,attention,128,2169049.6,16945.7,16945.7,0.04115511081487787
duplex_pe,GPU,attn_qkv_proj,128,494256.64,3861.38,3861.38,0.00937792606964322
duplex_pe,GPU,Linear,384,839629.9904,2186.536433333333,3861.38,0.015930970549685373
duplex_pe,GPU,self_attention,128,671626.24,5247.08,5247.08,0.012743301182868183
duplex_pe,GPU,AttentionSplit,128,0.0,0.0,0.0,0.0
duplex_pe,GPU,AttentionSum,128,0.0,0.0,0.0,0.0
duplex_pe,Logic,AttentionGen,128,671626.24,5247.08,5247.08,0.012743301182868183
duplex_pe,GPU,AttentionMerge,128,0.0,0.0,0.0,0.0
duplex_pe,GPU,attn_o_proj,128,332840.96,2600.32,2600.32,0.00631525742543201
duplex_pe,GPU,all_reduce,128,670324.48,5236.91,5236.91,0.012718601850471922
duplex_pe,GPU,residual_1,128,20333.312,158.854,158.854,0.00038580017192483103
duplex_pe,GPU,post_attn_layer_norm,128,20333.312,158.854,158.854,0.00038580017192483103
duplex_pe,GPU,expertFFN,128,9414143.2,73547.99375,87610.7,0.1786220594601105
duplex_pe,GPU,sync_0,128,0.0,0.0,0.0,0.0
duplex_pe,GPU,sync__set,896,0.0,0.0,0.0,0.0
duplex_pe,GPU,sync__,896,1168676.298,1304.3262254464285,29590.0,0.02217422900375871
duplex_pe,GPU,gate_fn,128,12532.3904,97.9093,97.9093,0.00023778705461014425
duplex_pe,GPU,gate_update,128,0.0,0.0,0.0,0.0
duplex_pe,GPU,moe_scatter,128,0.0,0.0,0.0,0.0
duplex_pe,GPU,sync_for_moe_scatter,128,0.0,0.0,0.0,0.0
duplex_pe,GPU,moe_route,128,0.0,0.0,0.0,0.0
duplex_pe,GPU,expert_FFN_0,32,958395.4,29949.85625,42783.5,0.018184401542255743
duplex_pe,GPU,gate_proj,256,2516490.23,9830.0399609375,17518.0,0.04774737944222552
duplex_pe,Logic,Linear,768,7549470.69,9830.0399609375,17518.0,0.14324213832667657
duplex_pe,Logic,activation,256,13138.4799,51.322187109375,102.644,0.00024928687487070164
duplex_pe,GPU,up_proj,256,2516490.23,9830.0399609375,17518.0,0.04774737944222552
duplex_pe,GPU,down_proj,256,2516490.23,9830.0399609375,17518.0,0.04774737944222552
duplex_pe,GPU,expert_FFN_1,32,981264.0,30664.5,52656.6,0.01861830575872968
duplex_pe,GPU,sync_2,128,1168676.298,9130.283578125,29590.0,0.02217422900375871
duplex_pe,GPU,moe_all_reduce_for_e_tp,128,0.0,0.0,0.0,0.0
duplex_pe,GPU,sync_3,128,0.0,0.0,0.0,0.0
duplex_pe,GPU,moe_gather,128,0.0,0.0,0.0,0.0
duplex_pe,GPU,sync_for_moe_gather,128,0.0,0.0,0.0,0.0
duplex_pe,GPU,moe_all_reduce_for_gather,128,670324.48,5236.91,5236.91,0.012718601850471922
duplex_pe,GPU,sync_5,128,0.0,0.0,0.0,0.0
duplex_pe,GPU,sync_6,128,0.0,0.0,0.0,0.0
duplex_pe,GPU,residual_2,128,20333.312,158.854,158.854,0.00038580017192483103
duplex_pe,GPU,MoE_decoder_1,4,368257.2,92064.3,92064.3,0.006987238039359101
duplex_pe,GPU,MoE_decoder_2,4,394702.8,98675.7,98675.7,0.007489011534334012
duplex_pe,GPU,MoE_decoder_3,4,407604.0,101901.0,101901.0,0.007733796308110003
duplex_pe,GPU,MoE_decoder_4,4,354946.4,88736.6,88736.6,0.006734681597572488
duplex_pe,GPU,MoE_decoder_5,4,368110.8,92027.7,92027.7,0.0069844602752068665
duplex_pe,GPU,MoE_decoder_6,4,394439.2,98609.8,98609.8,0.007484010040956082
duplex_pe,GPU,MoE_decoder_7,4,354946.4,88736.6,88736.6,0.006734681597572488
duplex_pe,GPU,MoE_decoder_8,4,394439.2,98609.8,98609.8,0.007484010040956082
duplex_pe,GPU,MoE_decoder_9,4,328764.8,82191.2,82191.2,0.006237917185495047
duplex_pe,GPU,MoE_decoder_10,4,355093.2,88773.3,88773.3,0.006737466951244264
duplex_pe,GPU,MoE_decoder_11,4,368257.2,92064.3,92064.3,0.006987238039359101
duplex_pe,GPU,MoE_decoder_12,4,420768.0,105192.0,105192.0,0.00798356739622484
duplex_pe,GPU,MoE_decoder_13,4,342046.4,85511.6,85511.6,0.006489919592355123
duplex_pe,GPU,MoE_decoder_14,4,355093.2,88773.3,88773.3,0.006737466951244264
duplex_pe,GPU,MoE_decoder_15,4,328764.8,82191.2,82191.2,0.006237917185495047
duplex_pe,GPU,MoE_decoder_16,4,328882.4,82220.6,82220.6,0.006240148504240286
duplex_pe,GPU,MoE_decoder_17,4,355210.4,88802.6,88802.6,0.0067396906804699595
duplex_pe,GPU,MoE_decoder_18,4,354946.4,88736.6,88736.6,0.006734681597572488
duplex_pe,GPU,MoE_decoder_19,4,342046.4,85511.6,85511.6,0.006489919592355123
duplex_pe,GPU,MoE_decoder_20,4,368316.0,92079.0,92079.0,0.006988353698731719
duplex_pe,GPU,MoE_decoder_21,4,368316.0,92079.0,92079.0,0.006988353698731719
duplex_pe,GPU,MoE_decoder_22,4,341782.4,85445.6,85445.6,0.0064849105094576505
duplex_pe,GPU,MoE_decoder_23,4,355152.0,88788.0,88788.0,0.0067385826106168825
duplex_pe,GPU,MoE_decoder_24,4,354946.4,88736.6,88736.6,0.006734681597572488
duplex_pe,GPU,MoE_decoder_25,4,407808.0,101952.0,101952.0,0.0077376669630762306
duplex_pe,GPU,MoE_decoder_26,4,420768.0,105192.0,105192.0,0.00798356739622484
duplex_pe,GPU,MoE_decoder_27,4,328764.8,82191.2,82191.2,0.006237917185495047
duplex_pe,GPU,MoE_decoder_28,4,341782.4,85445.6,85445.6,0.0064849105094576505
duplex_pe,GPU,MoE_decoder_29,4,381274.8,95318.7,95318.7,0.007234231363321703
duplex_pe,GPU,MoE_decoder_30,4,355093.2,88773.3,88773.3,0.006737466951244264
duplex_pe,GPU,MoE_decoder_31,4,355093.2,88773.3,88773.3,0.006737466951244264
duplex_pe,GPU,expert_FFN_2,32,958468.6,29952.14375,42783.5,0.018185790424331858
duplex_pe,GPU,expert_FFN_3,32,935570.5,29236.578125,42783.5,0.017751326480791724
duplex_pe,GPU,expert_FFN_4,32,948632.0,29644.75,42783.5,0.017999152754524017
duplex_pe,GPU,expert_FFN_5,32,935423.8,29231.99375,49365.5,0.01774854302449983
duplex_pe,GPU,expert_FFN_6,32,922443.0,28826.34375,42783.5,0.01750224793633506
duplex_pe,GPU,expert_FFN_7,32,922414.1,28825.440625,42783.5,0.017501699593548175
duplex_pe_et,GPU,MoE_decoder_0,4,324520.8,81130.2,81130.2,0.005470372708307197
duplex_pe_et,GPU,input_layer_norm,128,20333.312,158.854,158.854,0.00034275397766274227
duplex_pe_et,GPU,attention,128,2169049.6,16945.7,16945.7,0.03656317171289065
duplex_pe_et,GPU,attn_qkv_proj,128,494256.64,3861.38,3861.38,0.008331570840314752
duplex_pe_et,GPU,Linear,984,6123506.710399999,6223.075925203251,8832.31,0.10322254840894063
duplex_pe_et,GPU,self_attention,128,671626.24,5247.08,5247.08,0.011321449514111206
duplex_pe_et,GPU,AttentionSplit,128,0.0,0.0,0.0,0.0
duplex_pe_et,GPU,AttentionSum,128,0.0,0.0,0.0,0.0
duplex_pe_et,Logic,AttentionGen,128,671626.24,5247.08,5247.08,0.011321449514111206
duplex_pe_et,GPU,AttentionMerge,128,0.0,0.0,0.0,0.0
duplex_pe_et,GPU,attn_o_proj,128,332840.96,2600.32,2600.32,0.005610623737494692
duplex_pe_et,GPU,all_reduce,128,670324.48,5236.91,5236.91,0.01129950604430352
duplex_pe_et,GPU,residual_1,128,20333.312,158.854,158.854,0.00034275397766274227
duplex_pe_et,GPU,post_attn_layer_norm,128,20333.312,158.854,158.854,0.00034275397766274227
duplex_pe_et,GPU,expertFFN,128,8236411.6,64346.965625,68244.6,0.1388393016134091
duplex_pe_et,GPU,sync_0,128,0.0,0.0,0.0,0.0
duplex_pe_et,GPU,sync__set,896,0.0,0.0,0.0,0.0
duplex_pe_et,GPU,sync__,896,0.0,0.0,0.0,0.0
duplex_pe_et,GPU,gate_fn,128,12532.3904,97.9093,97.9093,0.0002112556311152047
duplex_pe_et,GPU,gate_update,128,0.0,0.0,0.0,0.0
duplex_pe_et,GPU,moe_scatter,128,0.0,0.0,0.0,0.0
duplex_pe_et,GPU,sync_for_moe_scatter,128,0.0,0.0,0.0,0.0
duplex_pe_et,GPU,moe_route,128,0.0,0.0,0.0,0.0
duplex_pe_et,GPU,expert_FFN_0,128,1456873.16,11381.8215625,26539.1,0.024558176776124256
duplex_pe_et,GPU,gate_proj,1024,3696672.48,3610.03171875,8832.31,0.06231396029512525
duplex_pe_et,Logic,Linear,2472,5806140.72,2348.762427184466,3284.62,0.09787278268535976
duplex_pe_et,Logic,activation,824,9815.36308,11.911848398058252,19.2458,0.00016545532463545654
duplex_pe_et,GPU,up_proj,1024,3696672.48,3610.03171875,8832.31,0.06231396029512525
duplex_pe_et,GPU,down_proj,1024,3696672.48,3610.03171875,8832.31,0.06231396029512525
duplex_pe_et,GPU,expert_FFN_1,128,1470077.44,11484.98,26599.6,0.0247807582961527
duplex_pe_et,GPU,expert_FFN_2,128,1298273.04,10142.758125,26539.1,0.021884690922575743
duplex_pe_et,GPU,expert_FFN_3,128,1278865.88,9991.1396875,26539.1,0.02155754887679701
duplex_pe_et,GPU,expert_FFN_4,128,1523313.24,11900.8846875,26539.1,0.02567814196901712
duplex_pe_et,GPU,expert_FFN_5,128,1516244.8,11845.6625,26579.4,0.025558990896832206
duplex_pe_et,GPU,expert_FFN_6,128,1291075.24,10086.5253125,26539.1,0.021763359258534936
duplex_pe_et,GPU,activation,200,13292.4456,66.462228,102.644,0.0002240677073300019
duplex_pe_et,GPU,expert_FFN_7,128,1278401.8,9987.5140625,26539.1,0.021549725986657237
duplex_pe_et,GPU,sync_2,128,0.0,0.0,0.0,0.0
duplex_pe_et,GPU,moe_all_reduce_for_e_tp,128,670324.48,5236.91,5236.91,0.01129950604430352
duplex_pe_et,GPU,sync_3,128,0.0,0.0,0.0,0.0
duplex_pe_et,GPU,moe_gather,128,0.0,0.0,0.0,0.0
duplex_pe_et,GPU,sync_for_moe_gather,128,0.0,0.0,0.0,0.0
duplex_pe_et,GPU,moe_all_reduce_for_gather,128,670324.48,5236.91,5236.91,0.01129950604430352
duplex_pe_et,GPU,sync_5,128,0.0,0.0,0.0,0.0
duplex_pe_et,GPU,sync_6,128,0.0,0.0,0.0,0.0
duplex_pe_et,GPU,residual_2,128,20333.312,158.854,158.854,0.00034275397766274227
duplex_pe_et,GPU,MoE_decoder_1,4,324359.6,81089.9,81089.9,0.005467655396872678
duplex_pe_et,GPU,MoE_decoder_2,4,324682.0,81170.5,81170.5,0.005473090019741716
duplex_pe_et,GPU,MoE_decoder_3,4,324762.8,81190.7,81190.7,0.005474452046813112
duplex_pe_et,GPU,MoE_decoder_4,4,324440.0,81110.0,81110.0,0.005469010681235801
duplex_pe_et,GPU,MoE_decoder_5,4,324520.8,81130.2,81130.2,0.005470372708307197
duplex_pe_et,GPU,MoE_decoder_6,4,324682.0,81170.5,81170.5,0.005473090019741716
duplex_pe_et,GPU,MoE_decoder_7,4,324440.0,81110.0,81110.0,0.005469010681235801
duplex_pe_et,GPU,MoE_decoder_8,4,324682.0,81170.5,81170.5,0.005473090019741716
duplex_pe_et,GPU,MoE_decoder_9,4,336871.2,84217.8,84217.8,0.0056785605689826215
duplex_pe_et,GPU,MoE_decoder_10,4,324278.8,81069.7,81069.7,0.005466293369801282
duplex_pe_et,GPU,MoE_decoder_11,4,324359.6,81089.9,81089.9,0.005467655396872678
duplex_pe_et,GPU,MoE_decoder_12,4,324843.2,81210.8,81210.8,0.005475807331176235
duplex_pe_et,GPU,MoE_decoder_13,4,324359.6,81089.9,81089.9,0.005467655396872678
duplex_pe_et,GPU,MoE_decoder_14,4,324359.6,81089.9,81089.9,0.005467655396872678
duplex_pe_et,GPU,MoE_decoder_15,4,343302.8,85825.7,85825.7,0.005786976575324121
duplex_pe_et,GPU,MoE_decoder_16,4,340142.0,85035.5,85035.5,0.00573369569454108
duplex_pe_et,GPU,MoE_decoder_17,4,324440.0,81110.0,81110.0,0.005469010681235801
duplex_pe_et,GPU,MoE_decoder_18,4,324440.0,81110.0,81110.0,0.005469010681235801
duplex_pe_et,GPU,MoE_decoder_19,4,324359.6,81089.9,81089.9,0.005467655396872678
duplex_pe_et,GPU,MoE_decoder_20,4,324440.0,81110.0,81110.0,0.005469010681235801
duplex_pe_et,GPU,MoE_decoder_21,4,324440.0,81110.0,81110.0,0.005469010681235801
duplex_pe_et,GPU,MoE_decoder_22,4,333710.0,83427.5,83427.5,0.005625272945491306
duplex_pe_et,GPU,MoE_decoder_23,4,324359.6,81089.9,81089.9,0.005467655396872678
duplex_pe_et,GPU,MoE_decoder_24,4,343302.8,85825.7,85825.7,0.005786976575324121
duplex_pe_et,GPU,MoE_decoder_25,4,324682.0,81170.5,81170.5,0.005473090019741716
duplex_pe_et,GPU,MoE_decoder_26,4,324843.2,81210.8,81210.8,0.005475807331176235
duplex_pe_et,GPU,MoE_decoder_27,4,340142.0,85035.5,85035.5,0.00573369569454108
duplex_pe_et,GPU,MoE_decoder_28,4,336871.2,84217.8,84217.8,0.0056785605689826215
duplex_pe_et,GPU,MoE_decoder_29,4,324601.2,81150.3,81150.3,0.00547172799267032
duplex_pe_et,GPU,MoE_decoder_30,4,324278.8,81069.7,81069.7,0.005466293369801282
duplex_pe_et,GPU,MoE_decoder_31,4,324278.8,81069.7,81069.7,0.005466293369801282
