Request,Total_Tokens_Routed,Entropy
2624,160,2.995745882537144
2625,160,2.991776914978052
2626,160,2.9849287582408612
2627,160,2.97622920679273
2628,160,2.9849498764868727
2629,160,2.985798000807335
2630,160,2.9977210889624812
2631,160,2.982497603525646
2632,160,2.991182808931185
2633,160,2.979804194931472
2634,160,2.989389082647189
2635,160,2.9821882230461427
2636,160,2.98431573306733
2637,160,2.9821969064798877
2638,160,2.9887844303000026
2639,160,2.9887903934221303
2640,160,2.968103295544808
2641,160,2.9919220937378594
2642,160,2.9877487405685357
2643,160,2.9940140811327645
2644,160,2.994585100999895
2645,160,2.9851514999498434
2646,160,2.983591227729998
2647,160,2.994761246008207
2648,160,2.9785235128172154
2649,160,2.9875498901417923
2650,160,2.9846074776958305
2651,160,2.9709084348932584
2652,160,2.9750470756459517
2653,160,2.99102873450436
2654,160,2.991677409038089
2655,160,2.9907621582368717
