Scope,Entropy
Global,2.999438341840219
Layer_0,2.989181220373348
Layer_1,2.9488603438049337
Layer_2,2.993388176380491
Layer_3,2.9855009576462335
Layer_4,2.991935427729244
Layer_5,2.9852452376260734
Layer_6,2.9950880110646594
Layer_7,2.9775055111102304
Layer_8,2.9871037554613236
Layer_9,2.991693619373922
Layer_10,2.979767451882244
Layer_11,2.987294267049128
Layer_12,2.9740461829434133
Layer_13,2.988127397452315
Layer_14,2.9924071866846758
Layer_15,2.9912699488677994
Layer_16,2.9822306473459856
Layer_17,2.9884942352113693
Layer_18,2.985759927266697
Layer_19,2.974168346415314
Layer_20,2.989076951128306
Layer_21,2.993993281046613
Layer_22,2.99265430082135
Layer_23,2.9902524154405317
Layer_24,2.993556926619763
Layer_25,2.987202243234838
Layer_26,2.9928140935066874
Layer_27,2.9913740900366257
Layer_28,2.993044031360826
Layer_29,2.9969898152443686
Layer_30,2.9889286277900826
Layer_31,2.993028576336793
