Configuration,Operation,Count,Total Duration,Average Duration,Fraction of Total Comm
A3,all_reduce,128,2639539.2,20621.4,0.49044768150178114
A3,moe_all_reduce_for_e_tp,128,0.0,0.0,0.0
A3,moe_all_reduce_for_gather,128,2639539.2,20621.4,0.49044768150178114
A3,moe_gather,128,0.0,0.0,0.0
A3,sync_0,128,0.0,0.0,0.0
A3,sync_2,128,51297.4150000149,400.7610546876164,0.009531473620013674
A3,sync_3,128,0.0,0.0,0.0
A3,sync_5,128,0.0,0.0,0.0
A3,sync_6,128,0.0,0.0,0.0
A3,sync__,896,51297.4150000149,57.25157924108806,0.009531473620013674
A3,sync__set,896,0.0,0.0,0.0
A3,sync_for_moe_gather,128,0.0,0.0,0.0
A3,sync_for_moe_scatter,128,0.0,0.0,0.0
A4,all_reduce,128,2639539.2,20621.4,0.289370614283196
A4,moe_all_reduce_for_e_tp,128,0.0,0.0,0.0
A4,moe_all_reduce_for_gather,128,2639539.2,20621.4,0.289370614283196
A4,moe_gather,128,0.0,0.0,0.0
A4,sync_0,128,0.0,0.0,0.0
A4,sync_2,128,1921237.6474,15009.6691203125,0.2106237778973467
A4,sync_3,128,0.0,0.0,0.0
A4,sync_5,128,0.0,0.0,0.0
A4,sync_6,128,0.0,0.0,0.0
A4,sync__,896,1921237.6474,2144.2384457589283,0.2106237778973467
A4,sync__set,896,0.0,0.0,0.0
A4,sync_for_moe_gather,128,0.0,0.0,0.0
A4,sync_for_moe_scatter,128,0.0,0.0,0.0
A5,all_reduce,128,2639539.2,20621.4,0.289370614283196
A5,moe_all_reduce_for_e_tp,128,0.0,0.0,0.0
A5,moe_all_reduce_for_gather,128,2639539.2,20621.4,0.289370614283196
A5,moe_gather,128,0.0,0.0,0.0
A5,sync_0,128,0.0,0.0,0.0
A5,sync_2,128,1921237.6474,15009.6691203125,0.2106237778973467
A5,sync_3,128,0.0,0.0,0.0
A5,sync_5,128,0.0,0.0,0.0
A5,sync_6,128,0.0,0.0,0.0
A5,sync__,896,1921237.6474,2144.2384457589283,0.2106237778973467
A5,sync__set,896,0.0,0.0,0.0
A5,sync_for_moe_gather,128,0.0,0.0,0.0
A5,sync_for_moe_scatter,128,0.0,0.0,0.0
A6,all_reduce,128,2639539.2,20621.4,0.3333309591984719
A6,moe_all_reduce_for_e_tp,128,2639539.2,20621.4,0.3333309591984719
A6,moe_all_reduce_for_gather,128,2639539.2,20621.4,0.3333309591984719
A6,moe_gather,128,0.0,0.0,0.0
A6,sync_0,128,0.0,0.0,0.0
A6,sync_2,128,0.0,0.0,0.0
A6,sync_3,128,0.0,0.0,0.0
A6,sync_5,128,0.0,0.0,0.0
A6,sync_6,128,0.0,0.0,0.0
A6,sync__,896,0.0,0.0,0.0
A6,sync__set,896,0.0,0.0,0.0
A6,sync_for_moe_gather,128,0.0,0.0,0.0
A6,sync_for_moe_scatter,128,0.0,0.0,0.0
