Configuration,Device ID,Total Attributed Time,GPU Time,Logic Time,MoE Time,Attention Time,Comm Time,ET Time
A3,0,65541723.20740002,65541723.20740002,0.0,37516083.8,4423027.2,1341175.663400015,0.0
A3,1,65540692.183,65540692.183,0.0,37514248.8,4423027.2,1344839.7562000002,0.0
A3,2,65539878.525600016,65539878.525600016,0.0,37512801.8,4423027.2,1347732.4828000148,0.0
A3,3,65539825.783599995,65539825.783599995,0.0,37512708.8,4423027.2,1347925.3276,0.0
A4,0,24047388.2574,20582670.3912,3464717.8662,13664787.5,1827898.2400000002,2119261.2192,0.0
A4,1,23972590.9927,20582870.4076,3389720.5851,13589791.0,1827898.2400000002,2269254.6355999997,0.0
A4,2,23956338.3037,20583028.711999997,3373309.5916999998,13573379.100000001,1827898.2400000002,2302077.64,0.0
A4,3,23891906.1182,20583038.672,3308867.4462,13508938.100000001,1827898.2400000002,2430960.2,0.0
A5,0,24047388.2574,20582670.3912,3464717.8662,13664787.5,1827898.2400000002,2119261.2192,0.0
A5,1,23972590.9927,20582870.4076,3389720.5851,13589791.0,1827898.2400000002,2269254.6355999997,0.0
A5,2,23956338.3037,20583028.711999997,3373309.5916999998,13573379.100000001,1827898.2400000002,2302077.64,0.0
A5,3,23891906.1182,20583038.672,3308867.4461999997,13508938.100000001,1827898.2400000002,2430960.2,0.0
A6,0,27840573.91698,25174269.149600003,2666304.76738,15504034.8,1827898.2400000002,1979654.4000000001,659884.8
A6,1,27840573.91698,25174269.149600003,2666304.76738,15504034.8,1827898.2400000002,1979654.4000000001,659884.8
A6,2,27840573.91698,25174269.149600003,2666304.76738,15504034.8,1827898.2400000002,1979654.4000000001,659884.8
A6,3,27840573.91698,25174269.149600003,2666304.76738,15504034.8,1827898.2400000002,1979654.4000000001,659884.8
