Configuration,Expert,Count,Total Duration,Average Duration,Devices Used,Processors Used
A3,expert_FFN_0,32,5555067.0,173595.84375,[np.int64(0)],['GPU']
A3,expert_FFN_1,32,5555069.0,173595.90625,[np.int64(0)],['GPU']
A3,expert_FFN_2,32,5554680.0,173583.75,[np.int64(1)],['GPU']
A3,expert_FFN_3,32,5553621.0,173550.65625,[np.int64(1)],['GPU']
A3,expert_FFN_4,32,5554198.0,173568.6875,[np.int64(2)],['GPU']
A3,expert_FFN_5,32,5552656.0,173520.5,[np.int64(2)],['GPU']
A3,expert_FFN_6,32,5553911.0,173559.71875,[np.int64(3)],['GPU']
A3,expert_FFN_7,32,5552850.0,173526.5625,[np.int64(3)],['GPU']
A4,expert_FFN_0,32,1575548.0,49235.875,[np.int64(0)],['GPU']
A4,expert_FFN_1,32,1613142.7,50410.709375,[np.int64(0)],['GPU']
A4,expert_FFN_2,32,1575668.5,49239.640625,[np.int64(1)],['GPU']
A4,expert_FFN_3,32,1538025.7,48063.303125,[np.int64(1)],['GPU']
A4,expert_FFN_4,32,1559497.7,48734.303125,[np.int64(2)],['GPU']
A4,expert_FFN_5,32,1537784.6,48055.76875,[np.int64(2)],['GPU']
A4,expert_FFN_6,32,1516444.8,47388.9,[np.int64(3)],['GPU']
A4,expert_FFN_7,32,1516396.5,47387.390625,[np.int64(3)],['GPU']
A5,expert_FFN_0,32,1575548.0,49235.875,[np.int64(0)],['GPU']
A5,expert_FFN_1,32,1613142.7,50410.709375,[np.int64(0)],['GPU']
A5,expert_FFN_2,32,1575668.5,49239.640625,[np.int64(1)],['GPU']
A5,expert_FFN_3,32,1538025.7,48063.303125,[np.int64(1)],['GPU']
A5,expert_FFN_4,32,1559497.7,48734.303125,[np.int64(2)],['GPU']
A5,expert_FFN_5,32,1537784.6,48055.76875,[np.int64(2)],['GPU']
A5,expert_FFN_6,32,1516444.8,47388.9,[np.int64(3)],['GPU']
A5,expert_FFN_7,32,1516396.5,47387.390625,[np.int64(3)],['GPU']
A6,expert_FFN_0,128,2395015.6,18711.059375,"[np.int64(0), np.int64(1), np.int64(2), np.int64(3)]",['GPU']
A6,expert_FFN_1,128,2416723.6,18880.653125,"[np.int64(0), np.int64(1), np.int64(2), np.int64(3)]",['GPU']
A6,expert_FFN_2,128,2134286.8,16674.115625,"[np.int64(0), np.int64(1), np.int64(2), np.int64(3)]",['GPU']
A6,expert_FFN_3,128,2102382.8000000003,16424.865625000002,"[np.int64(0), np.int64(1), np.int64(2), np.int64(3)]",['GPU']
A6,expert_FFN_4,128,2504240.8,19564.38125,"[np.int64(0), np.int64(1), np.int64(2), np.int64(3)]",['GPU']
A6,expert_FFN_5,128,2492622.0,19473.609375,"[np.int64(0), np.int64(1), np.int64(2), np.int64(3)]",['GPU']
A6,expert_FFN_6,128,2122453.6,16581.66875,"[np.int64(0), np.int64(1), np.int64(2), np.int64(3)]",['GPU']
A6,expert_FFN_7,128,2101619.6,16418.903125,"[np.int64(0), np.int64(1), np.int64(2), np.int64(3)]",['GPU']
