Configuration,Operation,Processor,Count,Total Duration,Average Duration
A3,AttentionGen,GPU,128,4564288.0,35658.5
A3,AttentionMerge,GPU,128,0.0,0.0
A3,AttentionSplit,GPU,128,0.0,0.0
A3,AttentionSum,GPU,128,0.0,0.0
A3,Linear,GPU,1152,45725965.116,39692.67805208333
A3,MoE_decoder_0,GPU,4,1745348.0,436337.0
A3,MoE_decoder_1,GPU,4,1744576.0,436144.0
A3,MoE_decoder_10,GPU,4,1744192.0,436048.0
A3,MoE_decoder_11,GPU,4,1744576.0,436144.0
A3,MoE_decoder_12,GPU,4,1746892.0,436723.0
A3,MoE_decoder_13,GPU,4,1744576.0,436144.0
A3,MoE_decoder_14,GPU,4,1744576.0,436144.0
A3,MoE_decoder_15,GPU,4,1743804.0,435951.0
A3,MoE_decoder_16,GPU,4,1744192.0,436048.0
A3,MoE_decoder_17,GPU,4,1744964.0,436241.0
A3,MoE_decoder_18,GPU,4,1744964.0,436241.0
A3,MoE_decoder_19,GPU,4,1744576.0,436144.0
A3,MoE_decoder_2,GPU,4,1746120.0,436530.0
A3,MoE_decoder_20,GPU,4,1744964.0,436241.0
A3,MoE_decoder_21,GPU,4,1744964.0,436241.0
A3,MoE_decoder_22,GPU,4,1744576.0,436144.0
A3,MoE_decoder_23,GPU,4,1744576.0,436144.0
A3,MoE_decoder_24,GPU,4,1744964.0,436241.0
A3,MoE_decoder_25,GPU,4,1746120.0,436530.0
A3,MoE_decoder_26,GPU,4,1746892.0,436723.0
A3,MoE_decoder_27,GPU,4,1743804.0,435951.0
A3,MoE_decoder_28,GPU,4,1744576.0,436144.0
A3,MoE_decoder_29,GPU,4,1745736.0,436434.0
A3,MoE_decoder_3,GPU,4,1746504.0,436626.0
A3,MoE_decoder_30,GPU,4,1744192.0,436048.0
A3,MoE_decoder_31,GPU,4,1744192.0,436048.0
A3,MoE_decoder_4,GPU,4,1744964.0,436241.0
A3,MoE_decoder_5,GPU,4,1745348.0,436337.0
A3,MoE_decoder_6,GPU,4,1746120.0,436530.0
A3,MoE_decoder_7,GPU,4,1744964.0,436241.0
A3,MoE_decoder_8,GPU,4,1746120.0,436530.0
A3,MoE_decoder_9,GPU,4,1743804.0,435951.0
A3,activation,GPU,256,86395.6616,337.483053125
A3,all_reduce,GPU,128,2639539.2,20621.4
A3,attention,GPU,128,8563532.8,66902.6
A3,attn_o_proj,GPU,128,547173.12,4274.79
A3,attn_qkv_proj,GPU,128,812531.2,6347.9
A3,down_proj,GPU,256,14781886.1,57741.742578125
A3,expertFFN,GPU,128,47143516.0,368308.71875
A3,expert_FFN_0,GPU,32,5555067.0,173595.84375
A3,expert_FFN_1,GPU,32,5555069.0,173595.90625
A3,expert_FFN_2,GPU,32,5554680.0,173583.75
A3,expert_FFN_3,GPU,32,5553621.0,173550.65625
A3,expert_FFN_4,GPU,32,5554198.0,173568.6875
A3,expert_FFN_5,GPU,32,5552656.0,173520.5
A3,expert_FFN_6,GPU,32,5553911.0,173559.71875
A3,expert_FFN_7,GPU,32,5552850.0,173526.5625
A3,gate_fn,GPU,128,20602.496,160.957
A3,gate_proj,GPU,256,14781886.1,57741.742578125
A3,gate_update,GPU,128,0.0,0.0
A3,input_layer_norm,GPU,128,33426.944,261.148
A3,moe_all_reduce_for_e_tp,GPU,128,0.0,0.0
A3,moe_all_reduce_for_gather,GPU,128,2639539.2,20621.4
A3,moe_gather,GPU,128,0.0,0.0
A3,moe_route,GPU,128,0.0,0.0
A3,moe_scatter,GPU,128,0.0,0.0
A3,post_attn_layer_norm,GPU,128,33426.944,261.148
A3,residual_1,GPU,128,33426.944,261.148
A3,residual_2,GPU,128,33426.944,261.148
A3,self_attention,GPU,128,4564288.0,35658.5
A3,sync_0,GPU,128,0.0,0.0
A3,sync_2,GPU,128,51297.4150000149,400.7610546876164
A3,sync_3,GPU,128,0.0,0.0
A3,sync_5,GPU,128,0.0,0.0
A3,sync_6,GPU,128,0.0,0.0
A3,sync__,GPU,896,51297.4150000149,57.25157924108806
A3,sync__set,GPU,896,0.0,0.0
A3,sync_for_moe_gather,GPU,128,0.0,0.0
A3,sync_for_moe_scatter,GPU,128,0.0,0.0
A3,up_proj,GPU,256,14781886.1,57741.742578125
A4,AttentionGen,Logic,128,1104116.48,8625.91
A4,AttentionMerge,GPU,128,0.0,0.0
A4,AttentionSplit,GPU,128,0.0,0.0
A4,AttentionSum,Logic,128,0.0,0.0
A4,Linear,GPU,384,1380306.8159999999,3594.5489999999995
A4,Linear,Logic,768,12410900.1,16160.026171874999
A4,MoE_decoder_0,GPU,4,701252.0,175313.0
A4,MoE_decoder_1,GPU,4,701492.0,175373.0
A4,MoE_decoder_10,GPU,4,679852.0,169963.0
A4,MoE_decoder_11,GPU,4,701492.0,175373.0
A4,MoE_decoder_12,GPU,4,787816.0,196954.0
A4,MoE_decoder_13,GPU,4,658404.0,164601.0
A4,MoE_decoder_14,GPU,4,679852.0,169963.0
A4,MoE_decoder_15,GPU,4,636568.0,159142.0
A4,MoE_decoder_16,GPU,4,636760.0,159190.0
A4,MoE_decoder_17,GPU,4,680044.0,170011.0
A4,MoE_decoder_18,GPU,4,679612.0,169903.0
A4,MoE_decoder_19,GPU,4,658404.0,164601.0
A4,MoE_decoder_2,GPU,4,744968.0,186242.0
A4,MoE_decoder_20,GPU,4,701588.0,175397.0
A4,MoE_decoder_21,GPU,4,701588.0,175397.0
A4,MoE_decoder_22,GPU,4,657968.0,164492.0
A4,MoE_decoder_23,GPU,4,679948.0,169987.0
A4,MoE_decoder_24,GPU,4,679612.0,169903.0
A4,MoE_decoder_25,GPU,4,766512.0,191628.0
A4,MoE_decoder_26,GPU,4,787816.0,196954.0
A4,MoE_decoder_27,GPU,4,636568.0,159142.0
A4,MoE_decoder_28,GPU,4,657968.0,164492.0
A4,MoE_decoder_29,GPU,4,722892.0,180723.0
A4,MoE_decoder_3,GPU,4,766176.0,191544.0
A4,MoE_decoder_30,GPU,4,679852.0,169963.0
A4,MoE_decoder_31,GPU,4,679852.0,169963.0
A4,MoE_decoder_4,GPU,4,679612.0,169903.0
A4,MoE_decoder_5,GPU,4,701252.0,175313.0
A4,MoE_decoder_6,GPU,4,744532.0,186133.0
A4,MoE_decoder_7,GPU,4,679612.0,169903.0
A4,MoE_decoder_8,GPU,4,744532.0,186133.0
A4,MoE_decoder_9,GPU,4,636568.0,159142.0
A4,activation,Logic,256,21598.909200000002,84.37073906250001
A4,all_reduce,GPU,128,2639539.2,20621.4
A4,attention,GPU,128,5103360.0,39870.0
A4,attn_o_proj,GPU,128,547173.12,4274.79
A4,attn_qkv_proj,GPU,128,812531.2,6347.9
A4,down_proj,GPU,256,4136966.6999999997,16160.026171874999
A4,expertFFN,GPU,128,17013884.0,132920.96875
A4,expert_FFN_0,GPU,32,1575548.0,49235.875
A4,expert_FFN_1,GPU,32,1613142.7,50410.709375
A4,expert_FFN_2,GPU,32,1575668.5,49239.640625
A4,expert_FFN_3,GPU,32,1538025.7,48063.303125
A4,expert_FFN_4,GPU,32,1559497.7,48734.303125
A4,expert_FFN_5,GPU,32,1537784.6,48055.76875
A4,expert_FFN_6,GPU,32,1516444.8,47388.9
A4,expert_FFN_7,GPU,32,1516396.5,47387.390625
A4,gate_fn,GPU,128,20602.496,160.957
A4,gate_proj,GPU,256,4136966.6999999997,16160.026171874999
A4,gate_update,GPU,128,0.0,0.0
A4,input_layer_norm,GPU,128,33426.944,261.148
A4,moe_all_reduce_for_e_tp,GPU,128,0.0,0.0
A4,moe_all_reduce_for_gather,GPU,128,2639539.2,20621.4
A4,moe_gather,GPU,128,0.0,0.0
A4,moe_route,GPU,128,0.0,0.0
A4,moe_scatter,GPU,128,0.0,0.0
A4,post_attn_layer_norm,GPU,128,33426.944,261.148
A4,residual_1,GPU,128,33426.944,261.148
A4,residual_2,GPU,128,33426.944,261.148
A4,self_attention,GPU,128,1104116.48,8625.91
A4,sync_0,GPU,128,0.0,0.0
A4,sync_2,GPU,128,1921237.6474,15009.6691203125
A4,sync_3,GPU,128,0.0,0.0
A4,sync_5,GPU,128,0.0,0.0
A4,sync_6,GPU,128,0.0,0.0
A4,sync__,GPU,896,1921237.6474,2144.2384457589283
A4,sync__set,GPU,896,0.0,0.0
A4,sync_for_moe_gather,GPU,128,0.0,0.0
A4,sync_for_moe_scatter,GPU,128,0.0,0.0
A4,up_proj,GPU,256,4136966.6999999997,16160.026171874999
A5,AttentionGen,Logic,128,1104116.48,8625.91
A5,AttentionMerge,GPU,128,0.0,0.0
A5,AttentionSplit,GPU,128,0.0,0.0
A5,AttentionSum,GPU,128,0.0,0.0
A5,Linear,GPU,384,1380306.8159999999,3594.5489999999995
A5,Linear,Logic,768,12410900.1,16160.026171874999
A5,MoE_decoder_0,GPU,4,701252.0,175313.0
A5,MoE_decoder_1,GPU,4,701492.0,175373.0
A5,MoE_decoder_10,GPU,4,679852.0,169963.0
A5,MoE_decoder_11,GPU,4,701492.0,175373.0
A5,MoE_decoder_12,GPU,4,787816.0,196954.0
A5,MoE_decoder_13,GPU,4,658404.0,164601.0
A5,MoE_decoder_14,GPU,4,679852.0,169963.0
A5,MoE_decoder_15,GPU,4,636568.0,159142.0
A5,MoE_decoder_16,GPU,4,636760.0,159190.0
A5,MoE_decoder_17,GPU,4,680044.0,170011.0
A5,MoE_decoder_18,GPU,4,679612.0,169903.0
A5,MoE_decoder_19,GPU,4,658404.0,164601.0
A5,MoE_decoder_2,GPU,4,744968.0,186242.0
A5,MoE_decoder_20,GPU,4,701588.0,175397.0
A5,MoE_decoder_21,GPU,4,701588.0,175397.0
A5,MoE_decoder_22,GPU,4,657968.0,164492.0
A5,MoE_decoder_23,GPU,4,679948.0,169987.0
A5,MoE_decoder_24,GPU,4,679612.0,169903.0
A5,MoE_decoder_25,GPU,4,766512.0,191628.0
A5,MoE_decoder_26,GPU,4,787816.0,196954.0
A5,MoE_decoder_27,GPU,4,636568.0,159142.0
A5,MoE_decoder_28,GPU,4,657968.0,164492.0
A5,MoE_decoder_29,GPU,4,722892.0,180723.0
A5,MoE_decoder_3,GPU,4,766176.0,191544.0
A5,MoE_decoder_30,GPU,4,679852.0,169963.0
A5,MoE_decoder_31,GPU,4,679852.0,169963.0
A5,MoE_decoder_4,GPU,4,679612.0,169903.0
A5,MoE_decoder_5,GPU,4,701252.0,175313.0
A5,MoE_decoder_6,GPU,4,744532.0,186133.0
A5,MoE_decoder_7,GPU,4,679612.0,169903.0
A5,MoE_decoder_8,GPU,4,744532.0,186133.0
A5,MoE_decoder_9,GPU,4,636568.0,159142.0
A5,activation,Logic,256,21598.909200000002,84.37073906250001
A5,all_reduce,GPU,128,2639539.2,20621.4
A5,attention,GPU,128,5103360.0,39870.0
A5,attn_o_proj,GPU,128,547173.12,4274.79
A5,attn_qkv_proj,GPU,128,812531.2,6347.9
A5,down_proj,GPU,256,4136966.6999999997,16160.026171874999
A5,expertFFN,GPU,128,17013884.0,132920.96875
A5,expert_FFN_0,GPU,32,1575548.0,49235.875
A5,expert_FFN_1,GPU,32,1613142.7,50410.709375
A5,expert_FFN_2,GPU,32,1575668.5,49239.640625
A5,expert_FFN_3,GPU,32,1538025.7,48063.303125
A5,expert_FFN_4,GPU,32,1559497.7,48734.303125
A5,expert_FFN_5,GPU,32,1537784.6,48055.76875
A5,expert_FFN_6,GPU,32,1516444.8,47388.9
A5,expert_FFN_7,GPU,32,1516396.5,47387.390625
A5,gate_fn,GPU,128,20602.496,160.957
A5,gate_proj,GPU,256,4136966.6999999997,16160.026171874999
A5,gate_update,GPU,128,0.0,0.0
A5,input_layer_norm,GPU,128,33426.944,261.148
A5,moe_all_reduce_for_e_tp,GPU,128,0.0,0.0
A5,moe_all_reduce_for_gather,GPU,128,2639539.2,20621.4
A5,moe_gather,GPU,128,0.0,0.0
A5,moe_route,GPU,128,0.0,0.0
A5,moe_scatter,GPU,128,0.0,0.0
A5,post_attn_layer_norm,GPU,128,33426.944,261.148
A5,residual_1,GPU,128,33426.944,261.148
A5,residual_2,GPU,128,33426.944,261.148
A5,self_attention,GPU,128,1104116.48,8625.91
A5,sync_0,GPU,128,0.0,0.0
A5,sync_2,GPU,128,1921237.6474,15009.6691203125
A5,sync_3,GPU,128,0.0,0.0
A5,sync_5,GPU,128,0.0,0.0
A5,sync_6,GPU,128,0.0,0.0
A5,sync__,GPU,896,1921237.6474,2144.2384457589283
A5,sync__set,GPU,896,0.0,0.0
A5,sync_for_moe_gather,GPU,128,0.0,0.0
A5,sync_for_moe_scatter,GPU,128,0.0,0.0
A5,up_proj,GPU,256,4136966.6999999997,16160.026171874999
A6,AttentionGen,Logic,128,1104116.48,8625.91
A6,AttentionMerge,GPU,128,0.0,0.0
A6,AttentionSplit,GPU,128,0.0,0.0
A6,AttentionSum,GPU,128,0.0,0.0
A6,Linear,GPU,984,10066697.616,10230.38375609756
A6,Linear,Logic,2472,9544966.68,3861.2324757281554
A6,MoE_decoder_0,GPU,4,677640.0,169410.0
A6,MoE_decoder_1,GPU,4,677376.0,169344.0
A6,MoE_decoder_10,GPU,4,677244.0,169311.0
A6,MoE_decoder_11,GPU,4,677376.0,169344.0
A6,MoE_decoder_12,GPU,4,678172.0,169543.0
A6,MoE_decoder_13,GPU,4,677376.0,169344.0
A6,MoE_decoder_14,GPU,4,677376.0,169344.0
A6,MoE_decoder_15,GPU,4,708516.0,177129.0
A6,MoE_decoder_16,GPU,4,703320.0,175830.0
A6,MoE_decoder_17,GPU,4,677508.0,169377.0
A6,MoE_decoder_18,GPU,4,677508.0,169377.0
A6,MoE_decoder_19,GPU,4,677376.0,169344.0
A6,MoE_decoder_2,GPU,4,677904.0,169476.0
A6,MoE_decoder_20,GPU,4,677508.0,169377.0
A6,MoE_decoder_21,GPU,4,677508.0,169377.0
A6,MoE_decoder_22,GPU,4,692748.0,173187.0
A6,MoE_decoder_23,GPU,4,677376.0,169344.0
A6,MoE_decoder_24,GPU,4,708516.0,177129.0
A6,MoE_decoder_25,GPU,4,677904.0,169476.0
A6,MoE_decoder_26,GPU,4,678172.0,169543.0
A6,MoE_decoder_27,GPU,4,703320.0,175830.0
A6,MoE_decoder_28,GPU,4,697944.0,174486.0
A6,MoE_decoder_29,GPU,4,677772.0,169443.0
A6,MoE_decoder_3,GPU,4,678040.0,169510.0
A6,MoE_decoder_30,GPU,4,677244.0,169311.0
A6,MoE_decoder_31,GPU,4,677244.0,169311.0
A6,MoE_decoder_4,GPU,4,677508.0,169377.0
A6,MoE_decoder_5,GPU,4,677640.0,169410.0
A6,MoE_decoder_6,GPU,4,677904.0,169476.0
A6,MoE_decoder_7,GPU,4,677508.0,169377.0
A6,MoE_decoder_8,GPU,4,677904.0,169476.0
A6,MoE_decoder_9,GPU,4,697944.0,174486.0
A6,activation,GPU,200,21852.0304,109.260152
A6,activation,Logic,824,16135.90952,19.582414466019415
A6,all_reduce,GPU,128,2639539.2,20621.4
A6,attention,GPU,128,5103360.0,39870.0
A6,attn_o_proj,GPU,128,547173.12,4274.79
A6,attn_qkv_proj,GPU,128,812531.2,6347.9
A6,down_proj,GPU,1024,6077119.16,5934.6866796875
A6,expertFFN,GPU,128,16615320.0,129807.1875
A6,expert_FFN_0,GPU,128,2395015.6,18711.059375
A6,expert_FFN_1,GPU,128,2416723.6,18880.653125
A6,expert_FFN_2,GPU,128,2134286.8,16674.115625
A6,expert_FFN_3,GPU,128,2102382.8000000003,16424.865625000002
A6,expert_FFN_4,GPU,128,2504240.8,19564.38125
A6,expert_FFN_5,GPU,128,2492622.0,19473.609375
A6,expert_FFN_6,GPU,128,2122453.6,16581.66875
A6,expert_FFN_7,GPU,128,2101619.6,16418.903125
A6,gate_fn,GPU,128,20602.496,160.957
A6,gate_proj,GPU,1024,6077119.16,5934.6866796875
A6,gate_update,GPU,128,0.0,0.0
A6,input_layer_norm,GPU,128,33426.944,261.148
A6,moe_all_reduce_for_e_tp,GPU,128,2639539.2,20621.4
A6,moe_all_reduce_for_gather,GPU,128,2639539.2,20621.4
A6,moe_gather,GPU,128,0.0,0.0
A6,moe_route,GPU,128,0.0,0.0
A6,moe_scatter,GPU,128,0.0,0.0
A6,post_attn_layer_norm,GPU,128,33426.944,261.148
A6,residual_1,GPU,128,33426.944,261.148
A6,residual_2,GPU,128,33426.944,261.148
A6,self_attention,GPU,128,1104116.48,8625.91
A6,sync_0,GPU,128,0.0,0.0
A6,sync_2,GPU,128,0.0,0.0
A6,sync_3,GPU,128,0.0,0.0
A6,sync_5,GPU,128,0.0,0.0
A6,sync_6,GPU,128,0.0,0.0
A6,sync__,GPU,896,0.0,0.0
A6,sync__set,GPU,896,0.0,0.0
A6,sync_for_moe_gather,GPU,128,0.0,0.0
A6,sync_for_moe_scatter,GPU,128,0.0,0.0
A6,up_proj,GPU,1024,6077119.16,5934.6866796875
