Configuration,Processor,Operation,Count,Total Duration,Average Duration,Percentage
A3,GPU,AttentionGen,128,4564288.0,35658.5,1.74101735415857
A3,GPU,AttentionMerge,128,0.0,0.0,0.0
A3,GPU,AttentionSplit,128,0.0,0.0,0.0
A3,GPU,AttentionSum,128,0.0,0.0,0.0
A3,GPU,Linear,1152,45725965.116,39692.67805208333,17.44186580746118
A3,GPU,MoE_decoder_0,4,1745348.0,436337.0,0.6657514068012256
A3,GPU,MoE_decoder_1,4,1744576.0,436144.0,0.6654569325267252
A3,GPU,MoE_decoder_10,4,1744192.0,436048.0,0.6653104582761965
A3,GPU,MoE_decoder_11,4,1744576.0,436144.0,0.6654569325267252
A3,GPU,MoE_decoder_12,4,1746892.0,436723.0,0.6663403553502261
A3,GPU,MoE_decoder_13,4,1744576.0,436144.0,0.6654569325267252
A3,GPU,MoE_decoder_14,4,1744576.0,436144.0,0.6654569325267252
A3,GPU,MoE_decoder_15,4,1743804.0,435951.0,0.665162458252225
A3,GPU,MoE_decoder_16,4,1744192.0,436048.0,0.6653104582761965
A3,GPU,MoE_decoder_17,4,1744964.0,436241.0,0.6656049325506969
A3,GPU,MoE_decoder_18,4,1744964.0,436241.0,0.6656049325506969
A3,GPU,MoE_decoder_19,4,1744576.0,436144.0,0.6654569325267252
A3,GPU,MoE_decoder_2,4,1746120.0,436530.0,0.6660458810757258
A3,GPU,MoE_decoder_20,4,1744964.0,436241.0,0.6656049325506969
A3,GPU,MoE_decoder_21,4,1744964.0,436241.0,0.6656049325506969
A3,GPU,MoE_decoder_22,4,1744576.0,436144.0,0.6654569325267252
A3,GPU,MoE_decoder_23,4,1744576.0,436144.0,0.6654569325267252
A3,GPU,MoE_decoder_24,4,1744964.0,436241.0,0.6656049325506969
A3,GPU,MoE_decoder_25,4,1746120.0,436530.0,0.6660458810757258
A3,GPU,MoE_decoder_26,4,1746892.0,436723.0,0.6663403553502261
A3,GPU,MoE_decoder_27,4,1743804.0,435951.0,0.665162458252225
A3,GPU,MoE_decoder_28,4,1744576.0,436144.0,0.6654569325267252
A3,GPU,MoE_decoder_29,4,1745736.0,436434.0,0.6658994068251971
A3,GPU,MoE_decoder_3,4,1746504.0,436626.0,0.6661923553262544
A3,GPU,MoE_decoder_30,4,1744192.0,436048.0,0.6653104582761965
A3,GPU,MoE_decoder_31,4,1744192.0,436048.0,0.6653104582761965
A3,GPU,MoE_decoder_4,4,1744964.0,436241.0,0.6656049325506969
A3,GPU,MoE_decoder_5,4,1745348.0,436337.0,0.6657514068012256
A3,GPU,MoE_decoder_6,4,1746120.0,436530.0,0.6660458810757258
A3,GPU,MoE_decoder_7,4,1744964.0,436241.0,0.6656049325506969
A3,GPU,MoE_decoder_8,4,1746120.0,436530.0,0.6660458810757258
A3,GPU,MoE_decoder_9,4,1743804.0,435951.0,0.665162458252225
A3,GPU,activation,256,86395.6616,337.483053125,0.03295505151506899
A3,GPU,all_reduce,128,2639539.2,20621.4,1.0068347032838043
A3,GPU,attention,128,8563532.8,66902.6,3.266502731139256
A3,GPU,attn_o_proj,128,547173.12,4274.79,0.20871555380578302
A3,GPU,attn_qkv_proj,128,812531.2,6347.9,0.3099346316435965
A3,GPU,down_proj,256,14781886.1,57741.742578125,5.638452312232563
A3,GPU,expertFFN,128,47143516.0,368308.71875,17.98258118069066
A3,GPU,expert_FFN_0,32,5555067.0,173595.84375,2.11894342568076
A3,GPU,expert_FFN_1,32,5555069.0,173595.90625,2.118944188567482
A3,GPU,expert_FFN_2,32,5554680.0,173583.75,2.1187958071001494
A3,GPU,expert_FFN_3,32,5553621.0,173550.65625,2.1183918585811132
A3,GPU,expert_FFN_4,32,5554198.0,173568.6875,2.118611951400267
A3,GPU,expert_FFN_5,32,5552656.0,173520.5,2.1180237657379877
A3,GPU,expert_FFN_6,32,5553911.0,173559.71875,2.1185024771557313
A3,GPU,expert_FFN_7,32,5552850.0,173526.5625,2.1180977657499733
A3,GPU,gate_fn,128,20602.496,160.957,0.007858685314113071
A3,GPU,gate_proj,256,14781886.1,57741.742578125,5.638452312232563
A3,GPU,gate_update,128,0.0,0.0,0.0
A3,GPU,input_layer_norm,128,33426.944,261.148,0.01275048585901825
A3,GPU,moe_all_reduce_for_e_tp,128,0.0,0.0,0.0
A3,GPU,moe_all_reduce_for_gather,128,2639539.2,20621.4,1.0068347032838043
A3,GPU,moe_gather,128,0.0,0.0,0.0
A3,GPU,moe_route,128,0.0,0.0,0.0
A3,GPU,moe_scatter,128,0.0,0.0,0.0
A3,GPU,post_attn_layer_norm,128,33426.944,261.148,0.01275048585901825
A3,GPU,residual_1,128,33426.944,261.148,0.01275048585901825
A3,GPU,residual_2,128,33426.944,261.148,0.01275048585901825
A3,GPU,self_attention,128,4564288.0,35658.5,1.74101735415857
A3,GPU,sync_0,128,0.0,0.0,0.0
A3,GPU,sync_2,128,51297.4150000149,400.7610546876164,0.019567058375479392
A3,GPU,sync_3,128,0.0,0.0,0.0
A3,GPU,sync_5,128,0.0,0.0,0.0
A3,GPU,sync_6,128,0.0,0.0,0.0
A3,GPU,sync__,896,51297.4150000149,57.25157924108806,0.019567058375479392
A3,GPU,sync__set,896,0.0,0.0,0.0
A3,GPU,sync_for_moe_gather,128,0.0,0.0,0.0
A3,GPU,sync_for_moe_scatter,128,0.0,0.0,0.0
A3,GPU,up_proj,256,14781886.1,57741.742578125,5.638452312232563
A4,Logic,AttentionGen,128,1104116.48,8625.91,1.1517022405438357
A4,GPU,AttentionMerge,128,0.0,0.0,0.0
A4,GPU,AttentionSplit,128,0.0,0.0,0.0
A4,Logic,AttentionSum,128,0.0,0.0,0.0
A4,GPU,Linear,384,1380306.8159999999,3594.5489999999995,1.4397959648470495
A4,Logic,Linear,768,12410900.1,16160.026171874999,12.945791237837255
A4,GPU,MoE_decoder_0,4,701252.0,175313.0,0.7314749070549567
A4,GPU,MoE_decoder_1,4,701492.0,175373.0,0.7317252506941808
A4,GPU,MoE_decoder_10,4,679852.0,169963.0,0.7091525992241398
A4,GPU,MoE_decoder_11,4,701492.0,175373.0,0.7317252506941808
A4,GPU,MoE_decoder_12,4,787816.0,196954.0,0.8217696853291082
A4,GPU,MoE_decoder_13,4,658404.0,164601.0,0.6867802226654779
A4,GPU,MoE_decoder_14,4,679852.0,169963.0,0.7091525992241398
A4,GPU,MoE_decoder_15,4,636568.0,159142.0,0.6640031238900704
A4,GPU,MoE_decoder_16,4,636760.0,159190.0,0.6642033988014497
A4,GPU,MoE_decoder_17,4,680044.0,170011.0,0.709352874135519
A4,GPU,MoE_decoder_18,4,679612.0,169903.0,0.7089022555849155
A4,GPU,MoE_decoder_19,4,658404.0,164601.0,0.6867802226654779
A4,GPU,MoE_decoder_2,4,744968.0,186242.0,0.7770750009396293
A4,GPU,MoE_decoder_20,4,701588.0,175397.0,0.7318253881498704
A4,GPU,MoE_decoder_21,4,701588.0,175397.0,0.7318253881498704
A4,GPU,MoE_decoder_22,4,657968.0,164492.0,0.6863254317208873
A4,GPU,MoE_decoder_23,4,679948.0,169987.0,0.7092527366798294
A4,GPU,MoE_decoder_24,4,679612.0,169903.0,0.7089022555849155
A4,GPU,MoE_decoder_25,4,766512.0,191628.0,0.7995475149539808
A4,GPU,MoE_decoder_26,4,787816.0,196954.0,0.8217696853291082
A4,GPU,MoE_decoder_27,4,636568.0,159142.0,0.6640031238900704
A4,GPU,MoE_decoder_28,4,657968.0,164492.0,0.6863254317208873
A4,GPU,MoE_decoder_29,4,722892.0,180723.0,0.7540475585249977
A4,GPU,MoE_decoder_3,4,766176.0,191544.0,0.799197033859067
A4,GPU,MoE_decoder_30,4,679852.0,169963.0,0.7091525992241398
A4,GPU,MoE_decoder_31,4,679852.0,169963.0,0.7091525992241398
A4,GPU,MoE_decoder_4,4,679612.0,169903.0,0.7089022555849155
A4,GPU,MoE_decoder_5,4,701252.0,175313.0,0.7314749070549567
A4,GPU,MoE_decoder_6,4,744532.0,186133.0,0.7766202099950389
A4,GPU,MoE_decoder_7,4,679612.0,169903.0,0.7089022555849155
A4,GPU,MoE_decoder_8,4,744532.0,186133.0,0.7766202099950389
A4,GPU,MoE_decoder_9,4,636568.0,159142.0,0.6640031238900704
A4,Logic,activation,256,21598.909200000002,84.37073906250001,0.022529789718330143
A4,GPU,all_reduce,128,2639539.2,20621.4,2.753299371677963
A4,GPU,attention,128,5103360.0,39870.0,5.323307144461597
A4,GPU,attn_o_proj,128,547173.12,4274.79,0.5707554589433907
A4,GPU,attn_qkv_proj,128,812531.2,6347.9,0.8475500732964075
A4,GPU,down_proj,256,4136966.6999999997,16160.026171874999,4.315263745945752
A4,GPU,expertFFN,128,17013884.0,132920.96875,17.747156824570645
A4,GPU,expert_FFN_0,32,1575548.0,49235.875,1.6434517503844879
A4,GPU,expert_FFN_1,32,1613142.7,50410.709375,1.6826667254408998
A4,GPU,expert_FFN_2,32,1575668.5,49239.640625,1.6435774437533481
A4,GPU,expert_FFN_3,32,1538025.7,48063.303125,1.6043122956592417
A4,GPU,expert_FFN_4,32,1559497.7,48734.303125,1.6267097065818261
A4,GPU,expert_FFN_5,32,1537784.6,48055.76875,1.6040608046116713
A4,GPU,expert_FFN_6,32,1516444.8,47388.9,1.5818012913103596
A4,GPU,expert_FFN_7,32,1516396.5,47387.390625,1.581750909652966
A4,GPU,gate_fn,128,20602.496,160.957,0.021490432607251194
A4,GPU,gate_proj,256,4136966.6999999997,16160.026171874999,4.315263745945752
A4,GPU,gate_update,128,0.0,0.0,0.0
A4,GPU,input_layer_norm,128,33426.944,261.148,0.03486759503791967
A4,GPU,moe_all_reduce_for_e_tp,128,0.0,0.0,0.0
A4,GPU,moe_all_reduce_for_gather,128,2639539.2,20621.4,2.753299371677963
A4,GPU,moe_gather,128,0.0,0.0,0.0
A4,GPU,moe_route,128,0.0,0.0,0.0
A4,GPU,moe_scatter,128,0.0,0.0,0.0
A4,GPU,post_attn_layer_norm,128,33426.944,261.148,0.03486759503791967
A4,GPU,residual_1,128,33426.944,261.148,0.03486759503791967
A4,GPU,residual_2,128,33426.944,261.148,0.03486759503791967
A4,GPU,self_attention,128,1104116.48,8625.91,1.1517022405438357
A4,GPU,sync_0,128,0.0,0.0,0.0
A4,GPU,sync_2,128,1921237.6474,15009.6691203125,2.0040401019353933
A4,GPU,sync_3,128,0.0,0.0,0.0
A4,GPU,sync_5,128,0.0,0.0,0.0
A4,GPU,sync_6,128,0.0,0.0,0.0
A4,GPU,sync__,896,1921237.6474,2144.2384457589283,2.0040401019353933
A4,GPU,sync__set,896,0.0,0.0,0.0
A4,GPU,sync_for_moe_gather,128,0.0,0.0,0.0
A4,GPU,sync_for_moe_scatter,128,0.0,0.0,0.0
A4,GPU,up_proj,256,4136966.6999999997,16160.026171874999,4.315263745945752
A5,Logic,AttentionGen,128,1104116.48,8625.91,1.1517022405438357
A5,GPU,AttentionMerge,128,0.0,0.0,0.0
A5,GPU,AttentionSplit,128,0.0,0.0,0.0
A5,GPU,AttentionSum,128,0.0,0.0,0.0
A5,GPU,Linear,384,1380306.8159999999,3594.5489999999995,1.4397959648470495
A5,Logic,Linear,768,12410900.1,16160.026171874999,12.945791237837255
A5,GPU,MoE_decoder_0,4,701252.0,175313.0,0.7314749070549567
A5,GPU,MoE_decoder_1,4,701492.0,175373.0,0.7317252506941808
A5,GPU,MoE_decoder_10,4,679852.0,169963.0,0.7091525992241398
A5,GPU,MoE_decoder_11,4,701492.0,175373.0,0.7317252506941808
A5,GPU,MoE_decoder_12,4,787816.0,196954.0,0.8217696853291082
A5,GPU,MoE_decoder_13,4,658404.0,164601.0,0.6867802226654779
A5,GPU,MoE_decoder_14,4,679852.0,169963.0,0.7091525992241398
A5,GPU,MoE_decoder_15,4,636568.0,159142.0,0.6640031238900704
A5,GPU,MoE_decoder_16,4,636760.0,159190.0,0.6642033988014497
A5,GPU,MoE_decoder_17,4,680044.0,170011.0,0.709352874135519
A5,GPU,MoE_decoder_18,4,679612.0,169903.0,0.7089022555849155
A5,GPU,MoE_decoder_19,4,658404.0,164601.0,0.6867802226654779
A5,GPU,MoE_decoder_2,4,744968.0,186242.0,0.7770750009396293
A5,GPU,MoE_decoder_20,4,701588.0,175397.0,0.7318253881498704
A5,GPU,MoE_decoder_21,4,701588.0,175397.0,0.7318253881498704
A5,GPU,MoE_decoder_22,4,657968.0,164492.0,0.6863254317208873
A5,GPU,MoE_decoder_23,4,679948.0,169987.0,0.7092527366798294
A5,GPU,MoE_decoder_24,4,679612.0,169903.0,0.7089022555849155
A5,GPU,MoE_decoder_25,4,766512.0,191628.0,0.7995475149539808
A5,GPU,MoE_decoder_26,4,787816.0,196954.0,0.8217696853291082
A5,GPU,MoE_decoder_27,4,636568.0,159142.0,0.6640031238900704
A5,GPU,MoE_decoder_28,4,657968.0,164492.0,0.6863254317208873
A5,GPU,MoE_decoder_29,4,722892.0,180723.0,0.7540475585249977
A5,GPU,MoE_decoder_3,4,766176.0,191544.0,0.799197033859067
A5,GPU,MoE_decoder_30,4,679852.0,169963.0,0.7091525992241398
A5,GPU,MoE_decoder_31,4,679852.0,169963.0,0.7091525992241398
A5,GPU,MoE_decoder_4,4,679612.0,169903.0,0.7089022555849155
A5,GPU,MoE_decoder_5,4,701252.0,175313.0,0.7314749070549567
A5,GPU,MoE_decoder_6,4,744532.0,186133.0,0.7766202099950389
A5,GPU,MoE_decoder_7,4,679612.0,169903.0,0.7089022555849155
A5,GPU,MoE_decoder_8,4,744532.0,186133.0,0.7766202099950389
A5,GPU,MoE_decoder_9,4,636568.0,159142.0,0.6640031238900704
A5,Logic,activation,256,21598.909200000002,84.37073906250001,0.022529789718330143
A5,GPU,all_reduce,128,2639539.2,20621.4,2.753299371677963
A5,GPU,attention,128,5103360.0,39870.0,5.323307144461597
A5,GPU,attn_o_proj,128,547173.12,4274.79,0.5707554589433907
A5,GPU,attn_qkv_proj,128,812531.2,6347.9,0.8475500732964075
A5,GPU,down_proj,256,4136966.6999999997,16160.026171874999,4.315263745945752
A5,GPU,expertFFN,128,17013884.0,132920.96875,17.747156824570645
A5,GPU,expert_FFN_0,32,1575548.0,49235.875,1.6434517503844879
A5,GPU,expert_FFN_1,32,1613142.7,50410.709375,1.6826667254408998
A5,GPU,expert_FFN_2,32,1575668.5,49239.640625,1.6435774437533481
A5,GPU,expert_FFN_3,32,1538025.7,48063.303125,1.6043122956592417
A5,GPU,expert_FFN_4,32,1559497.7,48734.303125,1.6267097065818261
A5,GPU,expert_FFN_5,32,1537784.6,48055.76875,1.6040608046116713
A5,GPU,expert_FFN_6,32,1516444.8,47388.9,1.5818012913103596
A5,GPU,expert_FFN_7,32,1516396.5,47387.390625,1.581750909652966
A5,GPU,gate_fn,128,20602.496,160.957,0.021490432607251194
A5,GPU,gate_proj,256,4136966.6999999997,16160.026171874999,4.315263745945752
A5,GPU,gate_update,128,0.0,0.0,0.0
A5,GPU,input_layer_norm,128,33426.944,261.148,0.03486759503791967
A5,GPU,moe_all_reduce_for_e_tp,128,0.0,0.0,0.0
A5,GPU,moe_all_reduce_for_gather,128,2639539.2,20621.4,2.753299371677963
A5,GPU,moe_gather,128,0.0,0.0,0.0
A5,GPU,moe_route,128,0.0,0.0,0.0
A5,GPU,moe_scatter,128,0.0,0.0,0.0
A5,GPU,post_attn_layer_norm,128,33426.944,261.148,0.03486759503791967
A5,GPU,residual_1,128,33426.944,261.148,0.03486759503791967
A5,GPU,residual_2,128,33426.944,261.148,0.03486759503791967
A5,GPU,self_attention,128,1104116.48,8625.91,1.1517022405438357
A5,GPU,sync_0,128,0.0,0.0,0.0
A5,GPU,sync_2,128,1921237.6474,15009.6691203125,2.0040401019353933
A5,GPU,sync_3,128,0.0,0.0,0.0
A5,GPU,sync_5,128,0.0,0.0,0.0
A5,GPU,sync_6,128,0.0,0.0,0.0
A5,GPU,sync__,896,1921237.6474,2144.2384457589283,2.0040401019353933
A5,GPU,sync__set,896,0.0,0.0,0.0
A5,GPU,sync_for_moe_gather,128,0.0,0.0,0.0
A5,GPU,sync_for_moe_scatter,128,0.0,0.0,0.0
A5,GPU,up_proj,256,4136966.6999999997,16160.026171874999,4.315263745945752
A6,Logic,AttentionGen,128,1104116.48,8625.91,0.9914634691910913
A6,GPU,AttentionMerge,128,0.0,0.0,0.0
A6,GPU,AttentionSplit,128,0.0,0.0,0.0
A6,GPU,AttentionSum,128,0.0,0.0,0.0
A6,GPU,Linear,984,10066697.616,10230.38375609756,9.039592400302773
A6,Logic,Linear,2472,9544966.68,3861.2324757281554,8.571093674705564
A6,GPU,MoE_decoder_0,4,677640.0,169410.0,0.6085003868999864
A6,GPU,MoE_decoder_1,4,677376.0,169344.0,0.6082633228215059
A6,GPU,MoE_decoder_10,4,677244.0,169311.0,0.6081447907822655
A6,GPU,MoE_decoder_11,4,677376.0,169344.0,0.6082633228215059
A6,GPU,MoE_decoder_12,4,678172.0,169543.0,0.6089781069369247
A6,GPU,MoE_decoder_13,4,677376.0,169344.0,0.6082633228215059
A6,GPU,MoE_decoder_14,4,677376.0,169344.0,0.6082633228215059
A6,GPU,MoE_decoder_15,4,708516.0,177129.0,0.6362261084422861
A6,GPU,MoE_decoder_16,4,703320.0,175830.0,0.6315602563521906
A6,GPU,MoE_decoder_17,4,677508.0,169377.0,0.6083818548607461
A6,GPU,MoE_decoder_18,4,677508.0,169377.0,0.6083818548607461
A6,GPU,MoE_decoder_19,4,677376.0,169344.0,0.6082633228215059
A6,GPU,MoE_decoder_2,4,677904.0,169476.0,0.6087374509784671
A6,GPU,MoE_decoder_20,4,677508.0,169377.0,0.6083818548607461
A6,GPU,MoE_decoder_21,4,677508.0,169377.0,0.6083818548607461
A6,GPU,MoE_decoder_22,4,692748.0,173187.0,0.6220669175730356
A6,GPU,MoE_decoder_23,4,677376.0,169344.0,0.6082633228215059
A6,GPU,MoE_decoder_24,4,708516.0,177129.0,0.6362261084422861
A6,GPU,MoE_decoder_25,4,677904.0,169476.0,0.6087374509784671
A6,GPU,MoE_decoder_26,4,678172.0,169543.0,0.6089781069369247
A6,GPU,MoE_decoder_27,4,703320.0,175830.0,0.6315602563521906
A6,GPU,MoE_decoder_28,4,697944.0,174486.0,0.6267327696631311
A6,GPU,MoE_decoder_29,4,677772.0,169443.0,0.6086189189392267
A6,GPU,MoE_decoder_3,4,678040.0,169510.0,0.6088595748976844
A6,GPU,MoE_decoder_30,4,677244.0,169311.0,0.6081447907822655
A6,GPU,MoE_decoder_31,4,677244.0,169311.0,0.6081447907822655
A6,GPU,MoE_decoder_4,4,677508.0,169377.0,0.6083818548607461
A6,GPU,MoE_decoder_5,4,677640.0,169410.0,0.6085003868999864
A6,GPU,MoE_decoder_6,4,677904.0,169476.0,0.6087374509784671
A6,GPU,MoE_decoder_7,4,677508.0,169377.0,0.6083818548607461
A6,GPU,MoE_decoder_8,4,677904.0,169476.0,0.6087374509784671
A6,GPU,MoE_decoder_9,4,697944.0,174486.0,0.6267327696631311
A6,GPU,activation,200,21852.0304,109.260152,0.019622467612523266
A6,Logic,activation,824,16135.90952,19.582414466019415,0.014489562578807588
A6,GPU,all_reduce,128,2639539.2,20621.4,2.370227000232691
A6,GPU,attention,128,5103360.0,39870.0,4.582664149828692
A6,GPU,attn_o_proj,128,547173.12,4274.79,0.49134504341726093
A6,GPU,attn_qkv_proj,128,812531.2,6347.9,0.7296286369876486
A6,GPU,down_proj,1024,6077119.16,5934.6866796875,5.457070657129627
A6,GPU,expertFFN,128,16615320.0,129807.1875,14.920058804774044
A6,GPU,expert_FFN_0,128,2395015.6,18711.059375,2.150652144547995
A6,GPU,expert_FFN_1,128,2416723.6,18880.653125,2.1701452771830594
A6,GPU,expert_FFN_2,128,2134286.8,16674.115625,1.9165255055125638
A6,GPU,expert_FFN_3,128,2102382.8000000003,16424.865625000002,1.8878766708161812
A6,GPU,expert_FFN_4,128,2504240.8,19564.38125,2.248733096763372
A6,GPU,expert_FFN_5,128,2492622.0,19473.609375,2.238299762994242
A6,GPU,expert_FFN_6,128,2122453.6,16581.66875,1.9058996469766678
A6,GPU,expert_FFN_7,128,2101619.6,16418.903125,1.8871913401165734
A6,GPU,gate_fn,128,20602.496,160.957,0.018500423214546695
A6,GPU,gate_proj,1024,6077119.16,5934.6866796875,5.457070657129627
A6,GPU,gate_update,128,0.0,0.0,0.0
A6,GPU,input_layer_norm,128,33426.944,261.148,0.030016392711298304
A6,GPU,moe_all_reduce_for_e_tp,128,2639539.2,20621.4,2.370227000232691
A6,GPU,moe_all_reduce_for_gather,128,2639539.2,20621.4,2.370227000232691
A6,GPU,moe_gather,128,0.0,0.0,0.0
A6,GPU,moe_route,128,0.0,0.0,0.0
A6,GPU,moe_scatter,128,0.0,0.0,0.0
A6,GPU,post_attn_layer_norm,128,33426.944,261.148,0.030016392711298304
A6,GPU,residual_1,128,33426.944,261.148,0.030016392711298304
A6,GPU,residual_2,128,33426.944,261.148,0.030016392711298304
A6,GPU,self_attention,128,1104116.48,8625.91,0.9914634691910913
A6,GPU,sync_0,128,0.0,0.0,0.0
A6,GPU,sync_2,128,0.0,0.0,0.0
A6,GPU,sync_3,128,0.0,0.0,0.0
A6,GPU,sync_5,128,0.0,0.0,0.0
A6,GPU,sync_6,128,0.0,0.0,0.0
A6,GPU,sync__,896,0.0,0.0,0.0
A6,GPU,sync__set,896,0.0,0.0,0.0
A6,GPU,sync_for_moe_gather,128,0.0,0.0,0.0
A6,GPU,sync_for_moe_scatter,128,0.0,0.0,0.0
A6,GPU,up_proj,1024,6077119.16,5934.6866796875,5.457070657129627
