Figure ID,Exists,Non-Zero Size,Status,Values Consistent
fig01_total_runtime.png,True,True,PASS,True
fig02_traced_iteration_latency.png,True,True,PASS,True
fig03_speedup_vs_a3.png,True,True,PASS,True
fig04_latency_reduction_vs_a3.png,True,True,PASS,True
fig05_ablation_speedup.png,True,True,PASS,True
fig06_gpu_logic_breakdown.png,True,True,PASS,True
fig07_processor_share.png,True,True,PASS,True
fig08_processor_operation_duration.png,True,True,PASS,True
fig09_major_operation_comparison.png,True,True,PASS,True
fig10_operation_processor_mapping.png,True,True,PASS,True
fig11_moe_time.png,True,True,PASS,True
fig12_expert_execution_time.png,True,True,PASS,True
fig13_expert_execution_distribution.png,True,True,PASS,True
fig14_expert_device_mapping.png,True,True,PASS,True
fig15_et_all_reduce_duration.png,True,True,PASS,True
fig16_et_device_distribution.png,True,True,PASS,True
fig17_moe_device_distribution.png,True,True,PASS,True
fig18_total_communication.png,True,True,PASS,True
fig19_communication_fraction.png,True,True,PASS,True
fig20_communication_operation_breakdown.png,True,True,PASS,True
fig21_a5_vs_a6_communication.png,True,True,PASS,True
fig22_device_total_time.png,True,True,PASS,True
fig23_device_gpu_time.png,True,True,PASS,True
fig24_device_logic_time.png,True,True,PASS,True
fig25_device_moe_time.png,True,True,PASS,True
fig26_device_communication_time.png,True,True,PASS,True
fig27_a6_et_time_per_device.png,True,True,PASS,True
fig28_device_balance_cv.png,True,True,PASS,True
fig29_routing_record_count.png,True,True,PASS,True
fig30_expert_routing_frequency.png,True,True,PASS,True
fig33_architectural_ablation_summary.png,True,True,PASS,True
