Figure ID,Exists,Non-Zero Size,Status
fig01_total_runtime.png,True,True,PASS
fig02_traced_iteration_latency.png,True,True,PASS
fig03_speedup_vs_a3.png,True,True,PASS
fig04_latency_reduction_vs_a3.png,True,True,PASS
fig05_ablation_speedup.png,True,True,PASS
fig06_gpu_logic_breakdown.png,True,True,PASS
fig07_processor_share.png,True,True,PASS
fig08_processor_operation_duration.png,True,True,PASS
fig09_major_operation_comparison.png,True,True,PASS
fig10_operation_processor_mapping.png,True,True,PASS
fig11_moe_time.png,True,True,PASS
fig12_expert_execution_time.png,True,True,PASS
fig13_expert_execution_distribution.png,True,True,PASS
fig14_expert_device_mapping.png,True,True,PASS
fig15_et_all_reduce_duration.png,True,True,PASS
fig16_et_device_distribution.png,True,True,PASS
fig17_moe_device_distribution.png,True,True,PASS
fig18_total_communication.png,True,True,PASS
fig19_communication_fraction.png,True,True,PASS
fig20_communication_operation_breakdown.png,True,True,PASS
fig21_a5_vs_a6_communication.png,True,True,PASS
fig22_device_total_time.png,True,True,PASS
fig23_device_gpu_time.png,True,True,PASS
fig24_device_logic_time.png,True,True,PASS
fig25_device_moe_time.png,True,True,PASS
fig26_device_communication_time.png,True,True,PASS
fig27_a6_et_time_per_device.png,True,True,PASS
fig28_device_balance_cv.png,True,True,PASS
fig29_routing_record_count.png,True,True,PASS
fig30_expert_routing_frequency.png,True,True,PASS
fig33_architectural_ablation_summary.png,True,True,PASS
