request_id,token_id,layer_id,topk_rank,expert_id
16,2058,0,1,1
16,2058,0,2,5
17,2058,0,1,1
17,2058,0,2,2
18,2058,0,1,0
18,2058,0,2,5
19,2058,0,1,1
19,2058,0,2,3
16,2058,1,1,4
16,2058,1,2,6
17,2058,1,1,4
17,2058,1,2,7
18,2058,1,1,5
18,2058,1,2,6
19,2058,1,1,6
19,2058,1,2,7
16,2058,2,1,2
16,2058,2,2,3
17,2058,2,1,2
17,2058,2,2,5
18,2058,2,1,0
18,2058,2,2,3
19,2058,2,1,0
19,2058,2,2,4
16,2058,3,1,3
16,2058,3,2,4
17,2058,3,1,2
17,2058,3,2,7
18,2058,3,1,5
18,2058,3,2,7
19,2058,3,1,3
19,2058,3,2,5
16,2058,4,1,4
16,2058,4,2,7
17,2058,4,1,2
17,2058,4,2,6
18,2058,4,1,0
18,2058,4,2,2
19,2058,4,1,1
19,2058,4,2,6
16,2058,5,1,1
16,2058,5,2,7
17,2058,5,1,1
17,2058,5,2,3
18,2058,5,1,1
18,2058,5,2,4
19,2058,5,1,1
19,2058,5,2,4
16,2058,6,1,1
16,2058,6,2,7
17,2058,6,1,0
17,2058,6,2,4
18,2058,6,1,0
18,2058,6,2,2
19,2058,6,1,1
19,2058,6,2,4
16,2058,7,1,6
16,2058,7,2,7
17,2058,7,1,0
17,2058,7,2,1
18,2058,7,1,4
18,2058,7,2,7
19,2058,7,1,0
19,2058,7,2,4
16,2058,8,1,4
16,2058,8,2,6
17,2058,8,1,4
17,2058,8,2,6
18,2058,8,1,0
18,2058,8,2,4
19,2058,8,1,4
19,2058,8,2,6
16,2058,9,1,6
16,2058,9,2,7
17,2058,9,1,0
17,2058,9,2,4
18,2058,9,1,2
18,2058,9,2,4
19,2058,9,1,4
19,2058,9,2,6
16,2058,10,1,2
16,2058,10,2,5
17,2058,10,1,3
17,2058,10,2,7
18,2058,10,1,4
18,2058,10,2,6
19,2058,10,1,0
19,2058,10,2,1
16,2058,11,1,4
16,2058,11,2,7
17,2058,11,1,4
17,2058,11,2,7
18,2058,11,1,3
18,2058,11,2,4
19,2058,11,1,2
19,2058,11,2,6
16,2058,12,1,0
16,2058,12,2,7
17,2058,12,1,2
17,2058,12,2,5
18,2058,12,1,0
18,2058,12,2,2
19,2058,12,1,2
19,2058,12,2,5
16,2058,13,1,2
16,2058,13,2,3
17,2058,13,1,0
17,2058,13,2,7
18,2058,13,1,3
18,2058,13,2,7
19,2058,13,1,0
19,2058,13,2,7
16,2058,14,1,2
16,2058,14,2,3
17,2058,14,1,2
17,2058,14,2,4
18,2058,14,1,2
18,2058,14,2,7
19,2058,14,1,0
19,2058,14,2,3
16,2058,15,1,0
16,2058,15,2,3
17,2058,15,1,5
17,2058,15,2,6
18,2058,15,1,1
18,2058,15,2,6
19,2058,15,1,3
19,2058,15,2,6
16,2058,16,1,4
16,2058,16,2,5
17,2058,16,1,0
17,2058,16,2,2
18,2058,16,1,0
18,2058,16,2,5
19,2058,16,1,0
19,2058,16,2,7
16,2058,17,1,0
16,2058,17,2,2
17,2058,17,1,6
17,2058,17,2,7
18,2058,17,1,2
18,2058,17,2,7
19,2058,17,1,0
19,2058,17,2,2
16,2058,18,1,1
16,2058,18,2,6
17,2058,18,1,5
17,2058,18,2,6
18,2058,18,1,5
18,2058,18,2,6
19,2058,18,1,2
19,2058,18,2,6
16,2058,19,1,0
16,2058,19,2,4
17,2058,19,1,0
17,2058,19,2,3
18,2058,19,1,4
18,2058,19,2,6
19,2058,19,1,0
19,2058,19,2,6
16,2058,20,1,6
16,2058,20,2,7
17,2058,20,1,1
17,2058,20,2,4
18,2058,20,1,2
18,2058,20,2,6
19,2058,20,1,2
19,2058,20,2,7
16,2058,21,1,4
16,2058,21,2,7
17,2058,21,1,6
17,2058,21,2,7
18,2058,21,1,6
18,2058,21,2,7
19,2058,21,1,0
19,2058,21,2,2
16,2058,22,1,3
16,2058,22,2,7
17,2058,22,1,2
17,2058,22,2,7
18,2058,22,1,1
18,2058,22,2,3
19,2058,22,1,1
19,2058,22,2,5
16,2058,23,1,0
16,2058,23,2,3
17,2058,23,1,1
17,2058,23,2,7
18,2058,23,1,5
18,2058,23,2,6
19,2058,23,1,1
19,2058,23,2,3
16,2058,24,1,0
16,2058,24,2,3
17,2058,24,1,4
17,2058,24,2,5
18,2058,24,1,4
18,2058,24,2,6
19,2058,24,1,3
19,2058,24,2,4
16,2058,25,1,5
16,2058,25,2,6
17,2058,25,1,1
17,2058,25,2,3
18,2058,25,1,0
18,2058,25,2,5
19,2058,25,1,2
19,2058,25,2,4
16,2058,26,1,4
16,2058,26,2,7
17,2058,26,1,2
17,2058,26,2,5
18,2058,26,1,2
18,2058,26,2,3
19,2058,26,1,5
19,2058,26,2,6
16,2058,27,1,3
16,2058,27,2,4
17,2058,27,1,0
17,2058,27,2,4
18,2058,27,1,3
18,2058,27,2,7
19,2058,27,1,4
19,2058,27,2,6
16,2058,28,1,0
16,2058,28,2,1
17,2058,28,1,1
17,2058,28,2,6
18,2058,28,1,4
18,2058,28,2,6
19,2058,28,1,3
19,2058,28,2,4
16,2058,29,1,3
16,2058,29,2,6
17,2058,29,1,0
17,2058,29,2,7
18,2058,29,1,4
18,2058,29,2,6
19,2058,29,1,6
19,2058,29,2,7
16,2058,30,1,3
16,2058,30,2,6
17,2058,30,1,0
17,2058,30,2,3
18,2058,30,1,5
18,2058,30,2,7
19,2058,30,1,0
19,2058,30,2,1
16,2058,31,1,4
16,2058,31,2,6
17,2058,31,1,0
17,2058,31,2,7
18,2058,31,1,0
18,2058,31,2,1
19,2058,31,1,2
19,2058,31,2,3
16,2059,0,1,4
16,2059,0,2,6
17,2059,0,1,0
17,2059,0,2,6
18,2059,0,1,5
18,2059,0,2,7
19,2059,0,1,0
19,2059,0,2,5
16,2059,1,1,6
16,2059,1,2,7
17,2059,1,1,2
17,2059,1,2,6
18,2059,1,1,4
18,2059,1,2,6
19,2059,1,1,6
19,2059,1,2,7
16,2059,2,1,2
16,2059,2,2,5
17,2059,2,1,3
17,2059,2,2,5
18,2059,2,1,4
18,2059,2,2,5
19,2059,2,1,0
19,2059,2,2,5
16,2059,3,1,4
16,2059,3,2,5
17,2059,3,1,6
17,2059,3,2,7
18,2059,3,1,2
18,2059,3,2,4
19,2059,3,1,5
19,2059,3,2,6
16,2059,4,1,1
16,2059,4,2,3
17,2059,4,1,4
17,2059,4,2,7
18,2059,4,1,1
18,2059,4,2,5
19,2059,4,1,1
19,2059,4,2,4
16,2059,5,1,0
16,2059,5,2,4
17,2059,5,1,3
17,2059,5,2,7
18,2059,5,1,1
18,2059,5,2,5
19,2059,5,1,4
19,2059,5,2,6
16,2059,6,1,1
16,2059,6,2,4
17,2059,6,1,3
17,2059,6,2,4
18,2059,6,1,1
18,2059,6,2,4
19,2059,6,1,0
19,2059,6,2,5
16,2059,7,1,0
16,2059,7,2,1
17,2059,7,1,3
17,2059,7,2,4
18,2059,7,1,0
18,2059,7,2,3
19,2059,7,1,0
19,2059,7,2,6
16,2059,8,1,3
16,2059,8,2,7
17,2059,8,1,0
17,2059,8,2,7
18,2059,8,1,0
18,2059,8,2,5
19,2059,8,1,2
19,2059,8,2,6
16,2059,9,1,2
16,2059,9,2,4
17,2059,9,1,0
17,2059,9,2,6
18,2059,9,1,2
18,2059,9,2,4
19,2059,9,1,2
19,2059,9,2,5
16,2059,10,1,2
16,2059,10,2,7
17,2059,10,1,3
17,2059,10,2,4
18,2059,10,1,4
18,2059,10,2,7
19,2059,10,1,5
19,2059,10,2,7
16,2059,11,1,3
16,2059,11,2,4
17,2059,11,1,3
17,2059,11,2,4
18,2059,11,1,3
18,2059,11,2,7
19,2059,11,1,0
19,2059,11,2,3
16,2059,12,1,1
16,2059,12,2,4
17,2059,12,1,1
17,2059,12,2,2
18,2059,12,1,0
18,2059,12,2,1
19,2059,12,1,5
19,2059,12,2,7
16,2059,13,1,0
16,2059,13,2,4
17,2059,13,1,4
17,2059,13,2,6
18,2059,13,1,6
18,2059,13,2,7
19,2059,13,1,2
19,2059,13,2,6
16,2059,14,1,2
16,2059,14,2,3
17,2059,14,1,4
17,2059,14,2,6
18,2059,14,1,1
18,2059,14,2,7
19,2059,14,1,1
19,2059,14,2,6
16,2059,15,1,4
16,2059,15,2,5
17,2059,15,1,1
17,2059,15,2,6
18,2059,15,1,3
18,2059,15,2,6
19,2059,15,1,5
19,2059,15,2,7
16,2059,16,1,0
16,2059,16,2,2
17,2059,16,1,2
17,2059,16,2,3
18,2059,16,1,1
18,2059,16,2,2
19,2059,16,1,3
19,2059,16,2,6
16,2059,17,1,1
16,2059,17,2,7
17,2059,17,1,0
17,2059,17,2,2
18,2059,17,1,2
18,2059,17,2,3
19,2059,17,1,0
19,2059,17,2,4
16,2059,18,1,0
16,2059,18,2,3
17,2059,18,1,2
17,2059,18,2,4
18,2059,18,1,2
18,2059,18,2,5
19,2059,18,1,2
19,2059,18,2,5
16,2059,19,1,1
16,2059,19,2,6
17,2059,19,1,6
17,2059,19,2,7
18,2059,19,1,1
18,2059,19,2,4
19,2059,19,1,0
19,2059,19,2,5
16,2059,20,1,2
16,2059,20,2,4
17,2059,20,1,4
17,2059,20,2,5
18,2059,20,1,0
18,2059,20,2,1
19,2059,20,1,0
19,2059,20,2,1
16,2059,21,1,1
16,2059,21,2,5
17,2059,21,1,0
17,2059,21,2,7
18,2059,21,1,1
18,2059,21,2,3
19,2059,21,1,0
19,2059,21,2,1
16,2059,22,1,1
16,2059,22,2,6
17,2059,22,1,3
17,2059,22,2,6
18,2059,22,1,2
18,2059,22,2,4
19,2059,22,1,4
19,2059,22,2,5
16,2059,23,1,6
16,2059,23,2,7
17,2059,23,1,2
17,2059,23,2,3
18,2059,23,1,0
18,2059,23,2,4
19,2059,23,1,0
19,2059,23,2,6
16,2059,24,1,3
16,2059,24,2,5
17,2059,24,1,5
17,2059,24,2,7
18,2059,24,1,3
18,2059,24,2,6
19,2059,24,1,2
19,2059,24,2,4
16,2059,25,1,0
16,2059,25,2,3
17,2059,25,1,4
17,2059,25,2,7
18,2059,25,1,0
18,2059,25,2,5
19,2059,25,1,0
19,2059,25,2,3
16,2059,26,1,6
16,2059,26,2,7
17,2059,26,1,3
17,2059,26,2,7
18,2059,26,1,0
18,2059,26,2,3
19,2059,26,1,2
19,2059,26,2,4
16,2059,27,1,3
16,2059,27,2,5
17,2059,27,1,2
17,2059,27,2,7
18,2059,27,1,1
18,2059,27,2,7
19,2059,27,1,3
19,2059,27,2,7
16,2059,28,1,0
16,2059,28,2,4
17,2059,28,1,2
17,2059,28,2,3
18,2059,28,1,3
18,2059,28,2,7
19,2059,28,1,1
19,2059,28,2,6
16,2059,29,1,0
16,2059,29,2,5
17,2059,29,1,1
17,2059,29,2,5
18,2059,29,1,0
18,2059,29,2,6
19,2059,29,1,0
19,2059,29,2,6
16,2059,30,1,2
16,2059,30,2,5
17,2059,30,1,0
17,2059,30,2,7
18,2059,30,1,0
18,2059,30,2,6
19,2059,30,1,1
19,2059,30,2,7
16,2059,31,1,0
16,2059,31,2,3
17,2059,31,1,1
17,2059,31,2,5
18,2059,31,1,0
18,2059,31,2,3
19,2059,31,1,0
19,2059,31,2,2
16,2060,0,1,0
16,2060,0,2,1
17,2060,0,1,3
17,2060,0,2,5
18,2060,0,1,2
18,2060,0,2,7
19,2060,0,1,1
19,2060,0,2,2
16,2060,1,1,2
16,2060,1,2,3
17,2060,1,1,2
17,2060,1,2,5
18,2060,1,1,2
18,2060,1,2,7
19,2060,1,1,2
19,2060,1,2,6
16,2060,2,1,5
16,2060,2,2,6
17,2060,2,1,0
17,2060,2,2,7
18,2060,2,1,1
18,2060,2,2,3
19,2060,2,1,6
19,2060,2,2,7
16,2060,3,1,3
16,2060,3,2,6
17,2060,3,1,0
17,2060,3,2,4
18,2060,3,1,1
18,2060,3,2,6
19,2060,3,1,2
19,2060,3,2,3
16,2060,4,1,4
16,2060,4,2,7
17,2060,4,1,4
17,2060,4,2,5
18,2060,4,1,0
18,2060,4,2,4
19,2060,4,1,3
19,2060,4,2,5
16,2060,5,1,5
16,2060,5,2,6
17,2060,5,1,0
17,2060,5,2,6
18,2060,5,1,1
18,2060,5,2,5
19,2060,5,1,0
19,2060,5,2,1
16,2060,6,1,3
16,2060,6,2,7
17,2060,6,1,1
17,2060,6,2,6
18,2060,6,1,4
18,2060,6,2,5
19,2060,6,1,0
19,2060,6,2,7
16,2060,7,1,0
16,2060,7,2,3
17,2060,7,1,5
17,2060,7,2,7
18,2060,7,1,4
18,2060,7,2,7
19,2060,7,1,0
19,2060,7,2,2
16,2060,8,1,6
16,2060,8,2,7
17,2060,8,1,1
17,2060,8,2,7
18,2060,8,1,3
18,2060,8,2,5
19,2060,8,1,2
19,2060,8,2,4
16,2060,9,1,3
16,2060,9,2,4
17,2060,9,1,1
17,2060,9,2,3
18,2060,9,1,0
18,2060,9,2,7
19,2060,9,1,4
19,2060,9,2,5
16,2060,10,1,4
16,2060,10,2,6
17,2060,10,1,2
17,2060,10,2,4
18,2060,10,1,5
18,2060,10,2,6
19,2060,10,1,0
19,2060,10,2,4
16,2060,11,1,1
16,2060,11,2,6
17,2060,11,1,3
17,2060,11,2,6
18,2060,11,1,1
18,2060,11,2,5
19,2060,11,1,4
19,2060,11,2,5
16,2060,12,1,0
16,2060,12,2,3
17,2060,12,1,1
17,2060,12,2,2
18,2060,12,1,1
18,2060,12,2,2
19,2060,12,1,5
19,2060,12,2,6
16,2060,13,1,3
16,2060,13,2,5
17,2060,13,1,6
17,2060,13,2,7
18,2060,13,1,1
18,2060,13,2,6
19,2060,13,1,1
19,2060,13,2,7
16,2060,14,1,4
16,2060,14,2,6
17,2060,14,1,3
17,2060,14,2,7
18,2060,14,1,3
18,2060,14,2,5
19,2060,14,1,0
19,2060,14,2,6
16,2060,15,1,3
16,2060,15,2,6
17,2060,15,1,0
17,2060,15,2,6
18,2060,15,1,1
18,2060,15,2,6
19,2060,15,1,4
19,2060,15,2,6
16,2060,16,1,5
16,2060,16,2,6
17,2060,16,1,4
17,2060,16,2,6
18,2060,16,1,4
18,2060,16,2,6
19,2060,16,1,1
19,2060,16,2,3
16,2060,17,1,3
16,2060,17,2,4
17,2060,17,1,0
17,2060,17,2,1
18,2060,17,1,2
18,2060,17,2,7
19,2060,17,1,0
19,2060,17,2,4
16,2060,18,1,0
16,2060,18,2,1
17,2060,18,1,0
17,2060,18,2,4
18,2060,18,1,1
18,2060,18,2,3
19,2060,18,1,4
19,2060,18,2,5
16,2060,19,1,1
16,2060,19,2,2
17,2060,19,1,2
17,2060,19,2,5
18,2060,19,1,5
18,2060,19,2,6
19,2060,19,1,2
19,2060,19,2,6
16,2060,20,1,3
16,2060,20,2,4
17,2060,20,1,5
17,2060,20,2,7
18,2060,20,1,1
18,2060,20,2,7
19,2060,20,1,3
19,2060,20,2,6
16,2060,21,1,2
16,2060,21,2,3
17,2060,21,1,4
17,2060,21,2,5
18,2060,21,1,5
18,2060,21,2,6
19,2060,21,1,4
19,2060,21,2,5
16,2060,22,1,4
16,2060,22,2,6
17,2060,22,1,1
17,2060,22,2,3
18,2060,22,1,1
18,2060,22,2,3
19,2060,22,1,1
19,2060,22,2,4
16,2060,23,1,2
16,2060,23,2,4
17,2060,23,1,0
17,2060,23,2,6
18,2060,23,1,3
18,2060,23,2,5
19,2060,23,1,2
19,2060,23,2,7
16,2060,24,1,2
16,2060,24,2,5
17,2060,24,1,0
17,2060,24,2,2
18,2060,24,1,1
18,2060,24,2,4
19,2060,24,1,3
19,2060,24,2,7
16,2060,25,1,0
16,2060,25,2,4
17,2060,25,1,6
17,2060,25,2,7
18,2060,25,1,4
18,2060,25,2,6
19,2060,25,1,6
19,2060,25,2,7
16,2060,26,1,1
16,2060,26,2,4
17,2060,26,1,0
17,2060,26,2,1
18,2060,26,1,2
18,2060,26,2,7
19,2060,26,1,0
19,2060,26,2,5
16,2060,27,1,3
16,2060,27,2,5
17,2060,27,1,2
17,2060,27,2,7
18,2060,27,1,1
18,2060,27,2,6
19,2060,27,1,4
19,2060,27,2,7
16,2060,28,1,3
16,2060,28,2,7
17,2060,28,1,5
17,2060,28,2,6
18,2060,28,1,0
18,2060,28,2,1
19,2060,28,1,6
19,2060,28,2,7
16,2060,29,1,3
16,2060,29,2,7
17,2060,29,1,2
17,2060,29,2,4
18,2060,29,1,0
18,2060,29,2,5
19,2060,29,1,2
19,2060,29,2,4
16,2060,30,1,0
16,2060,30,2,4
17,2060,30,1,5
17,2060,30,2,6
18,2060,30,1,2
18,2060,30,2,6
19,2060,30,1,0
19,2060,30,2,3
16,2060,31,1,5
16,2060,31,2,7
17,2060,31,1,0
17,2060,31,2,4
18,2060,31,1,1
18,2060,31,2,5
19,2060,31,1,4
19,2060,31,2,7
16,2058,0,1,1
16,2058,0,2,5
17,2058,0,1,1
17,2058,0,2,2
18,2058,0,1,0
18,2058,0,2,5
19,2058,0,1,1
19,2058,0,2,3
16,2058,1,1,4
16,2058,1,2,6
17,2058,1,1,4
17,2058,1,2,7
18,2058,1,1,5
18,2058,1,2,6
19,2058,1,1,6
19,2058,1,2,7
16,2058,2,1,2
16,2058,2,2,3
17,2058,2,1,2
17,2058,2,2,5
18,2058,2,1,0
18,2058,2,2,3
19,2058,2,1,0
19,2058,2,2,4
16,2058,3,1,3
16,2058,3,2,4
17,2058,3,1,2
17,2058,3,2,7
18,2058,3,1,5
18,2058,3,2,7
19,2058,3,1,3
19,2058,3,2,5
16,2058,4,1,4
16,2058,4,2,7
17,2058,4,1,2
17,2058,4,2,6
18,2058,4,1,0
18,2058,4,2,2
19,2058,4,1,1
19,2058,4,2,6
16,2058,5,1,1
16,2058,5,2,7
17,2058,5,1,1
17,2058,5,2,3
18,2058,5,1,1
18,2058,5,2,4
19,2058,5,1,1
19,2058,5,2,4
16,2058,6,1,1
16,2058,6,2,7
17,2058,6,1,0
17,2058,6,2,4
18,2058,6,1,0
18,2058,6,2,2
19,2058,6,1,1
19,2058,6,2,4
16,2058,7,1,6
16,2058,7,2,7
17,2058,7,1,0
17,2058,7,2,1
18,2058,7,1,4
18,2058,7,2,7
19,2058,7,1,0
19,2058,7,2,4
16,2058,8,1,4
16,2058,8,2,6
17,2058,8,1,4
17,2058,8,2,6
18,2058,8,1,0
18,2058,8,2,4
19,2058,8,1,4
19,2058,8,2,6
16,2058,9,1,6
16,2058,9,2,7
17,2058,9,1,0
17,2058,9,2,4
18,2058,9,1,2
18,2058,9,2,4
19,2058,9,1,4
19,2058,9,2,6
16,2058,10,1,2
16,2058,10,2,5
17,2058,10,1,3
17,2058,10,2,7
18,2058,10,1,4
18,2058,10,2,6
19,2058,10,1,0
19,2058,10,2,1
16,2058,11,1,4
16,2058,11,2,7
17,2058,11,1,4
17,2058,11,2,7
18,2058,11,1,3
18,2058,11,2,4
19,2058,11,1,2
19,2058,11,2,6
16,2058,12,1,0
16,2058,12,2,7
17,2058,12,1,2
17,2058,12,2,5
18,2058,12,1,0
18,2058,12,2,2
19,2058,12,1,2
19,2058,12,2,5
16,2058,13,1,2
16,2058,13,2,3
17,2058,13,1,0
17,2058,13,2,7
18,2058,13,1,3
18,2058,13,2,7
19,2058,13,1,0
19,2058,13,2,7
16,2058,14,1,2
16,2058,14,2,3
17,2058,14,1,2
17,2058,14,2,4
18,2058,14,1,2
18,2058,14,2,7
19,2058,14,1,0
19,2058,14,2,3
16,2058,15,1,0
16,2058,15,2,3
17,2058,15,1,5
17,2058,15,2,6
18,2058,15,1,1
18,2058,15,2,6
19,2058,15,1,3
19,2058,15,2,6
16,2058,16,1,4
16,2058,16,2,5
17,2058,16,1,0
17,2058,16,2,2
18,2058,16,1,0
18,2058,16,2,5
19,2058,16,1,0
19,2058,16,2,7
16,2058,17,1,0
16,2058,17,2,2
17,2058,17,1,6
17,2058,17,2,7
18,2058,17,1,2
18,2058,17,2,7
19,2058,17,1,0
19,2058,17,2,2
16,2058,18,1,1
16,2058,18,2,6
17,2058,18,1,5
17,2058,18,2,6
18,2058,18,1,5
18,2058,18,2,6
19,2058,18,1,2
19,2058,18,2,6
16,2058,19,1,0
16,2058,19,2,4
17,2058,19,1,0
17,2058,19,2,3
18,2058,19,1,4
18,2058,19,2,6
19,2058,19,1,0
19,2058,19,2,6
16,2058,20,1,6
16,2058,20,2,7
17,2058,20,1,1
17,2058,20,2,4
18,2058,20,1,2
18,2058,20,2,6
19,2058,20,1,2
19,2058,20,2,7
16,2058,21,1,4
16,2058,21,2,7
17,2058,21,1,6
17,2058,21,2,7
18,2058,21,1,6
18,2058,21,2,7
19,2058,21,1,0
19,2058,21,2,2
16,2058,22,1,3
16,2058,22,2,7
17,2058,22,1,2
17,2058,22,2,7
18,2058,22,1,1
18,2058,22,2,3
19,2058,22,1,1
19,2058,22,2,5
16,2058,23,1,0
16,2058,23,2,3
17,2058,23,1,1
17,2058,23,2,7
18,2058,23,1,5
18,2058,23,2,6
19,2058,23,1,1
19,2058,23,2,3
16,2058,24,1,0
16,2058,24,2,3
17,2058,24,1,4
17,2058,24,2,5
18,2058,24,1,4
18,2058,24,2,6
19,2058,24,1,3
19,2058,24,2,4
16,2058,25,1,5
16,2058,25,2,6
17,2058,25,1,1
17,2058,25,2,3
18,2058,25,1,0
18,2058,25,2,5
19,2058,25,1,2
19,2058,25,2,4
16,2058,26,1,4
16,2058,26,2,7
17,2058,26,1,2
17,2058,26,2,5
18,2058,26,1,2
18,2058,26,2,3
19,2058,26,1,5
19,2058,26,2,6
16,2058,27,1,3
16,2058,27,2,4
17,2058,27,1,0
17,2058,27,2,4
18,2058,27,1,3
18,2058,27,2,7
19,2058,27,1,4
19,2058,27,2,6
16,2058,28,1,0
16,2058,28,2,1
17,2058,28,1,1
17,2058,28,2,6
18,2058,28,1,4
18,2058,28,2,6
19,2058,28,1,3
19,2058,28,2,4
16,2058,29,1,3
16,2058,29,2,6
17,2058,29,1,0
17,2058,29,2,7
18,2058,29,1,4
18,2058,29,2,6
19,2058,29,1,6
19,2058,29,2,7
16,2058,30,1,3
16,2058,30,2,6
17,2058,30,1,0
17,2058,30,2,3
18,2058,30,1,5
18,2058,30,2,7
19,2058,30,1,0
19,2058,30,2,1
16,2058,31,1,4
16,2058,31,2,6
17,2058,31,1,0
17,2058,31,2,7
18,2058,31,1,0
18,2058,31,2,1
19,2058,31,1,2
19,2058,31,2,3
16,2059,0,1,4
16,2059,0,2,6
17,2059,0,1,0
17,2059,0,2,6
18,2059,0,1,5
18,2059,0,2,7
19,2059,0,1,0
19,2059,0,2,5
16,2059,1,1,6
16,2059,1,2,7
17,2059,1,1,2
17,2059,1,2,6
18,2059,1,1,4
18,2059,1,2,6
19,2059,1,1,6
19,2059,1,2,7
16,2059,2,1,2
16,2059,2,2,5
17,2059,2,1,3
17,2059,2,2,5
18,2059,2,1,4
18,2059,2,2,5
19,2059,2,1,0
19,2059,2,2,5
16,2059,3,1,4
16,2059,3,2,5
17,2059,3,1,6
17,2059,3,2,7
18,2059,3,1,2
18,2059,3,2,4
19,2059,3,1,5
19,2059,3,2,6
16,2059,4,1,1
16,2059,4,2,3
17,2059,4,1,4
17,2059,4,2,7
18,2059,4,1,1
18,2059,4,2,5
19,2059,4,1,1
19,2059,4,2,4
16,2059,5,1,0
16,2059,5,2,4
17,2059,5,1,3
17,2059,5,2,7
18,2059,5,1,1
18,2059,5,2,5
19,2059,5,1,4
19,2059,5,2,6
16,2059,6,1,1
16,2059,6,2,4
17,2059,6,1,3
17,2059,6,2,4
18,2059,6,1,1
18,2059,6,2,4
19,2059,6,1,0
19,2059,6,2,5
16,2059,7,1,0
16,2059,7,2,1
17,2059,7,1,3
17,2059,7,2,4
18,2059,7,1,0
18,2059,7,2,3
19,2059,7,1,0
19,2059,7,2,6
16,2059,8,1,3
16,2059,8,2,7
17,2059,8,1,0
17,2059,8,2,7
18,2059,8,1,0
18,2059,8,2,5
19,2059,8,1,2
19,2059,8,2,6
16,2059,9,1,2
16,2059,9,2,4
17,2059,9,1,0
17,2059,9,2,6
18,2059,9,1,2
18,2059,9,2,4
19,2059,9,1,2
19,2059,9,2,5
16,2059,10,1,2
16,2059,10,2,7
17,2059,10,1,3
17,2059,10,2,4
18,2059,10,1,4
18,2059,10,2,7
19,2059,10,1,5
19,2059,10,2,7
16,2059,11,1,3
16,2059,11,2,4
17,2059,11,1,3
17,2059,11,2,4
18,2059,11,1,3
18,2059,11,2,7
19,2059,11,1,0
19,2059,11,2,3
16,2059,12,1,1
16,2059,12,2,4
17,2059,12,1,1
17,2059,12,2,2
18,2059,12,1,0
18,2059,12,2,1
19,2059,12,1,5
19,2059,12,2,7
16,2059,13,1,0
16,2059,13,2,4
17,2059,13,1,4
17,2059,13,2,6
18,2059,13,1,6
18,2059,13,2,7
19,2059,13,1,2
19,2059,13,2,6
16,2059,14,1,2
16,2059,14,2,3
17,2059,14,1,4
17,2059,14,2,6
18,2059,14,1,1
18,2059,14,2,7
19,2059,14,1,1
19,2059,14,2,6
16,2059,15,1,4
16,2059,15,2,5
17,2059,15,1,1
17,2059,15,2,6
18,2059,15,1,3
18,2059,15,2,6
19,2059,15,1,5
19,2059,15,2,7
16,2059,16,1,0
16,2059,16,2,2
17,2059,16,1,2
17,2059,16,2,3
18,2059,16,1,1
18,2059,16,2,2
19,2059,16,1,3
19,2059,16,2,6
16,2059,17,1,1
16,2059,17,2,7
17,2059,17,1,0
17,2059,17,2,2
18,2059,17,1,2
18,2059,17,2,3
19,2059,17,1,0
19,2059,17,2,4
16,2059,18,1,0
16,2059,18,2,3
17,2059,18,1,2
17,2059,18,2,4
18,2059,18,1,2
18,2059,18,2,5
19,2059,18,1,2
19,2059,18,2,5
16,2059,19,1,1
16,2059,19,2,6
17,2059,19,1,6
17,2059,19,2,7
18,2059,19,1,1
18,2059,19,2,4
19,2059,19,1,0
19,2059,19,2,5
16,2059,20,1,2
16,2059,20,2,4
17,2059,20,1,4
17,2059,20,2,5
18,2059,20,1,0
18,2059,20,2,1
19,2059,20,1,0
19,2059,20,2,1
16,2059,21,1,1
16,2059,21,2,5
17,2059,21,1,0
17,2059,21,2,7
18,2059,21,1,1
18,2059,21,2,3
19,2059,21,1,0
19,2059,21,2,1
16,2059,22,1,1
16,2059,22,2,6
17,2059,22,1,3
17,2059,22,2,6
18,2059,22,1,2
18,2059,22,2,4
19,2059,22,1,4
19,2059,22,2,5
16,2059,23,1,6
16,2059,23,2,7
17,2059,23,1,2
17,2059,23,2,3
18,2059,23,1,0
18,2059,23,2,4
19,2059,23,1,0
19,2059,23,2,6
16,2059,24,1,3
16,2059,24,2,5
17,2059,24,1,5
17,2059,24,2,7
18,2059,24,1,3
18,2059,24,2,6
19,2059,24,1,2
19,2059,24,2,4
16,2059,25,1,0
16,2059,25,2,3
17,2059,25,1,4
17,2059,25,2,7
18,2059,25,1,0
18,2059,25,2,5
19,2059,25,1,0
19,2059,25,2,3
16,2059,26,1,6
16,2059,26,2,7
17,2059,26,1,3
17,2059,26,2,7
18,2059,26,1,0
18,2059,26,2,3
19,2059,26,1,2
19,2059,26,2,4
16,2059,27,1,3
16,2059,27,2,5
17,2059,27,1,2
17,2059,27,2,7
18,2059,27,1,1
18,2059,27,2,7
19,2059,27,1,3
19,2059,27,2,7
16,2059,28,1,0
16,2059,28,2,4
17,2059,28,1,2
17,2059,28,2,3
18,2059,28,1,3
18,2059,28,2,7
19,2059,28,1,1
19,2059,28,2,6
16,2059,29,1,0
16,2059,29,2,5
17,2059,29,1,1
17,2059,29,2,5
18,2059,29,1,0
18,2059,29,2,6
19,2059,29,1,0
19,2059,29,2,6
16,2059,30,1,2
16,2059,30,2,5
17,2059,30,1,0
17,2059,30,2,7
18,2059,30,1,0
18,2059,30,2,6
19,2059,30,1,1
19,2059,30,2,7
16,2059,31,1,0
16,2059,31,2,3
17,2059,31,1,1
17,2059,31,2,5
18,2059,31,1,0
18,2059,31,2,3
19,2059,31,1,0
19,2059,31,2,2
16,2060,0,1,0
16,2060,0,2,1
17,2060,0,1,3
17,2060,0,2,5
18,2060,0,1,2
18,2060,0,2,7
19,2060,0,1,1
19,2060,0,2,2
16,2060,1,1,2
16,2060,1,2,3
17,2060,1,1,2
17,2060,1,2,5
18,2060,1,1,2
18,2060,1,2,7
19,2060,1,1,2
19,2060,1,2,6
16,2060,2,1,5
16,2060,2,2,6
17,2060,2,1,0
17,2060,2,2,7
18,2060,2,1,1
18,2060,2,2,3
19,2060,2,1,6
19,2060,2,2,7
16,2060,3,1,3
16,2060,3,2,6
17,2060,3,1,0
17,2060,3,2,4
18,2060,3,1,1
18,2060,3,2,6
19,2060,3,1,2
19,2060,3,2,3
16,2060,4,1,4
16,2060,4,2,7
17,2060,4,1,4
17,2060,4,2,5
18,2060,4,1,0
18,2060,4,2,4
19,2060,4,1,3
19,2060,4,2,5
16,2060,5,1,5
16,2060,5,2,6
17,2060,5,1,0
17,2060,5,2,6
18,2060,5,1,1
18,2060,5,2,5
19,2060,5,1,0
19,2060,5,2,1
16,2060,6,1,3
16,2060,6,2,7
17,2060,6,1,1
17,2060,6,2,6
18,2060,6,1,4
18,2060,6,2,5
19,2060,6,1,0
19,2060,6,2,7
16,2060,7,1,0
16,2060,7,2,3
17,2060,7,1,5
17,2060,7,2,7
18,2060,7,1,4
18,2060,7,2,7
19,2060,7,1,0
19,2060,7,2,2
16,2060,8,1,6
16,2060,8,2,7
17,2060,8,1,1
17,2060,8,2,7
18,2060,8,1,3
18,2060,8,2,5
19,2060,8,1,2
19,2060,8,2,4
16,2060,9,1,3
16,2060,9,2,4
17,2060,9,1,1
17,2060,9,2,3
18,2060,9,1,0
18,2060,9,2,7
19,2060,9,1,4
19,2060,9,2,5
16,2060,10,1,4
16,2060,10,2,6
17,2060,10,1,2
17,2060,10,2,4
18,2060,10,1,5
18,2060,10,2,6
19,2060,10,1,0
19,2060,10,2,4
16,2060,11,1,1
16,2060,11,2,6
17,2060,11,1,3
17,2060,11,2,6
18,2060,11,1,1
18,2060,11,2,5
19,2060,11,1,4
19,2060,11,2,5
16,2060,12,1,0
16,2060,12,2,3
17,2060,12,1,1
17,2060,12,2,2
18,2060,12,1,1
18,2060,12,2,2
19,2060,12,1,5
19,2060,12,2,6
16,2060,13,1,3
16,2060,13,2,5
17,2060,13,1,6
17,2060,13,2,7
18,2060,13,1,1
18,2060,13,2,6
19,2060,13,1,1
19,2060,13,2,7
16,2060,14,1,4
16,2060,14,2,6
17,2060,14,1,3
17,2060,14,2,7
18,2060,14,1,3
18,2060,14,2,5
19,2060,14,1,0
19,2060,14,2,6
16,2060,15,1,3
16,2060,15,2,6
17,2060,15,1,0
17,2060,15,2,6
18,2060,15,1,1
18,2060,15,2,6
19,2060,15,1,4
19,2060,15,2,6
16,2060,16,1,5
16,2060,16,2,6
17,2060,16,1,4
17,2060,16,2,6
18,2060,16,1,4
18,2060,16,2,6
19,2060,16,1,1
19,2060,16,2,3
16,2060,17,1,3
16,2060,17,2,4
17,2060,17,1,0
17,2060,17,2,1
18,2060,17,1,2
18,2060,17,2,7
19,2060,17,1,0
19,2060,17,2,4
16,2060,18,1,0
16,2060,18,2,1
17,2060,18,1,0
17,2060,18,2,4
18,2060,18,1,1
18,2060,18,2,3
19,2060,18,1,4
19,2060,18,2,5
16,2060,19,1,1
16,2060,19,2,2
17,2060,19,1,2
17,2060,19,2,5
18,2060,19,1,5
18,2060,19,2,6
19,2060,19,1,2
19,2060,19,2,6
16,2060,20,1,3
16,2060,20,2,4
17,2060,20,1,5
17,2060,20,2,7
18,2060,20,1,1
18,2060,20,2,7
19,2060,20,1,3
19,2060,20,2,6
16,2060,21,1,2
16,2060,21,2,3
17,2060,21,1,4
17,2060,21,2,5
18,2060,21,1,5
18,2060,21,2,6
19,2060,21,1,4
19,2060,21,2,5
16,2060,22,1,4
16,2060,22,2,6
17,2060,22,1,1
17,2060,22,2,3
18,2060,22,1,1
18,2060,22,2,3
19,2060,22,1,1
19,2060,22,2,4
16,2060,23,1,2
16,2060,23,2,4
17,2060,23,1,0
17,2060,23,2,6
18,2060,23,1,3
18,2060,23,2,5
19,2060,23,1,2
19,2060,23,2,7
16,2060,24,1,2
16,2060,24,2,5
17,2060,24,1,0
17,2060,24,2,2
18,2060,24,1,1
18,2060,24,2,4
19,2060,24,1,3
19,2060,24,2,7
16,2060,25,1,0
16,2060,25,2,4
17,2060,25,1,6
17,2060,25,2,7
18,2060,25,1,4
18,2060,25,2,6
19,2060,25,1,6
19,2060,25,2,7
16,2060,26,1,1
16,2060,26,2,4
17,2060,26,1,0
17,2060,26,2,1
18,2060,26,1,2
18,2060,26,2,7
19,2060,26,1,0
19,2060,26,2,5
16,2060,27,1,3
16,2060,27,2,5
17,2060,27,1,2
17,2060,27,2,7
18,2060,27,1,1
18,2060,27,2,6
19,2060,27,1,4
19,2060,27,2,7
16,2060,28,1,3
16,2060,28,2,7
17,2060,28,1,5
17,2060,28,2,6
18,2060,28,1,0
18,2060,28,2,1
19,2060,28,1,6
19,2060,28,2,7
16,2060,29,1,3
16,2060,29,2,7
17,2060,29,1,2
17,2060,29,2,4
18,2060,29,1,0
18,2060,29,2,5
19,2060,29,1,2
19,2060,29,2,4
16,2060,30,1,0
16,2060,30,2,4
17,2060,30,1,5
17,2060,30,2,6
18,2060,30,1,2
18,2060,30,2,6
19,2060,30,1,0
19,2060,30,2,3
16,2060,31,1,5
16,2060,31,2,7
17,2060,31,1,0
17,2060,31,2,4
18,2060,31,1,1
18,2060,31,2,5
19,2060,31,1,4
19,2060,31,2,7
