layer_id,operation,processor,count,total_duration,average_duration
0,AttentionGen,Logic,4,34503.64,8625.91
0,AttentionMerge,GPU,4,0.0,0.0
0,AttentionSplit,GPU,4,0.0,0.0
0,AttentionSum,Logic,4,0.0,0.0
0,Linear,GPU,12,43134.587999999996,3594.5489999999995
0,Linear,Logic,24,399878.4,16661.600000000002
0,MoE_decoder_0,GPU,4,701252.0,175313.0
0,activation,Logic,8,674.9656,84.3707
0,all_reduce,GPU,4,82485.6,20621.4
0,attention,GPU,4,159480.0,39870.0
0,attn_o_proj,GPU,4,17099.16,4274.79
0,attn_qkv_proj,GPU,4,25391.6,6347.9
0,down_proj,GPU,8,133292.8,16661.6
0,expertFFN,GPU,4,537592.0,134398.0
0,expert_FFN_0,GPU,1,48692.5,48692.5
0,expert_FFN_1,GPU,1,43318.4,43318.4
0,expert_FFN_2,GPU,1,43366.6,43366.6
0,expert_FFN_3,GPU,1,64923.3,64923.3
0,expert_FFN_4,GPU,1,43318.4,43318.4
0,expert_FFN_5,GPU,1,43318.4,43318.4
0,expert_FFN_6,GPU,1,54102.8,54102.8
0,expert_FFN_7,GPU,1,59513.0,59513.0
0,gate_fn,GPU,4,643.828,160.957
0,gate_proj,GPU,8,133292.8,16661.6
0,gate_update,GPU,4,0.0,0.0
0,input_layer_norm,GPU,4,1044.592,261.148
0,moe_all_reduce_for_e_tp,GPU,4,0.0,0.0
0,moe_all_reduce_for_gather,GPU,4,82485.6,20621.4
0,moe_gather,GPU,4,0.0,0.0
0,moe_route,GPU,4,0.0,0.0
0,moe_scatter,GPU,4,0.0,0.0
0,post_attn_layer_norm,GPU,4,1044.592,261.148
0,residual_1,GPU,4,1044.592,261.148
0,residual_2,GPU,4,1044.592,261.148
0,self_attention,GPU,4,34503.64,8625.91
0,sync_0,GPU,4,0.0,0.0
0,sync_2,GPU,4,53909.9,13477.475
0,sync_3,GPU,4,0.0,0.0
0,sync_5,GPU,4,0.0,0.0
0,sync_6,GPU,4,0.0,0.0
0,sync__,GPU,28,53909.9,1925.3535714285715
0,sync__set,GPU,28,0.0,0.0
0,sync_for_moe_gather,GPU,4,0.0,0.0
0,sync_for_moe_scatter,GPU,4,0.0,0.0
0,up_proj,GPU,8,133292.8,16661.6
1,AttentionGen,Logic,4,34503.64,8625.91
1,AttentionMerge,GPU,4,0.0,0.0
1,AttentionSplit,GPU,4,0.0,0.0
1,AttentionSum,Logic,4,0.0,0.0
1,Linear,GPU,12,43134.587999999996,3594.5489999999995
1,Linear,Logic,24,394600.5,16441.6875
1,MoE_decoder_1,GPU,4,701492.0,175373.0
1,activation,Logic,8,674.9669,84.3708625
1,all_reduce,GPU,4,82485.6,20621.4
1,attention,GPU,4,159480.0,39870.0
1,attn_o_proj,GPU,4,17099.16,4274.79
1,attn_qkv_proj,GPU,4,25391.6,6347.9
1,down_proj,GPU,8,131533.5,16441.6875
1,expertFFN,GPU,4,537832.0,134458.0
1,expert_FFN_0,GPU,1,48692.5,48692.5
1,expert_FFN_1,GPU,1,43318.4,43318.4
1,expert_FFN_2,GPU,1,43390.7,43390.7
1,expert_FFN_3,GPU,1,43390.7,43390.7
1,expert_FFN_4,GPU,1,59513.0,59513.0
1,expert_FFN_5,GPU,1,43294.3,43294.3
1,expert_FFN_6,GPU,1,43342.5,43342.5
1,expert_FFN_7,GPU,1,70333.6,70333.6
1,gate_fn,GPU,4,643.828,160.957
1,gate_proj,GPU,8,131533.5,16441.6875
1,gate_update,GPU,4,0.0,0.0
1,input_layer_norm,GPU,4,1044.592,261.148
1,moe_all_reduce_for_e_tp,GPU,4,0.0,0.0
1,moe_all_reduce_for_gather,GPU,4,82485.6,20621.4
1,moe_gather,GPU,4,0.0,0.0
1,moe_route,GPU,4,0.0,0.0
1,moe_scatter,GPU,4,0.0,0.0
1,post_attn_layer_norm,GPU,4,1044.592,261.148
1,residual_1,GPU,4,1044.592,261.148
1,residual_2,GPU,4,1044.592,261.148
1,self_attention,GPU,4,34503.64,8625.91
1,sync_0,GPU,4,0.0,0.0
1,sync_2,GPU,4,59428.7,14857.175
1,sync_3,GPU,4,0.0,0.0
1,sync_5,GPU,4,0.0,0.0
1,sync_6,GPU,4,0.0,0.0
1,sync__,GPU,28,59428.7,2122.453571428571
1,sync__set,GPU,28,0.0,0.0
1,sync_for_moe_gather,GPU,4,0.0,0.0
1,sync_for_moe_scatter,GPU,4,0.0,0.0
1,up_proj,GPU,8,131533.5,16441.6875
2,AttentionGen,Logic,4,34503.64,8625.91
2,AttentionMerge,GPU,4,0.0,0.0
2,AttentionSplit,GPU,4,0.0,0.0
2,AttentionSum,Logic,4,0.0,0.0
2,Linear,GPU,12,43134.587999999996,3594.5489999999995
2,Linear,Logic,24,389322.6,16221.775
2,MoE_decoder_2,GPU,4,744968.0,186242.0
2,activation,Logic,8,674.966,84.37075
2,all_reduce,GPU,4,82485.6,20621.4
2,attention,GPU,4,159480.0,39870.0
2,attn_o_proj,GPU,4,17099.16,4274.79
2,attn_qkv_proj,GPU,4,25391.6,6347.9
2,down_proj,GPU,8,129774.2,16221.775
2,expertFFN,GPU,4,581308.0,145327.0
2,expert_FFN_0,GPU,1,43318.4,43318.4
2,expert_FFN_1,GPU,1,48692.5,48692.5
2,expert_FFN_2,GPU,1,43390.7,43390.7
2,expert_FFN_3,GPU,1,43342.5,43342.5
2,expert_FFN_4,GPU,1,43390.7,43390.7
2,expert_FFN_5,GPU,1,81154.1,81154.1
2,expert_FFN_6,GPU,1,43390.7,43390.7
2,expert_FFN_7,GPU,1,43318.4,43318.4
2,gate_fn,GPU,4,643.828,160.957
2,gate_proj,GPU,8,129774.2,16221.775
2,gate_update,GPU,4,0.0,0.0
2,input_layer_norm,GPU,4,1044.592,261.148
2,moe_all_reduce_for_e_tp,GPU,4,0.0,0.0
2,moe_all_reduce_for_gather,GPU,4,82485.6,20621.4
2,moe_gather,GPU,4,0.0,0.0
2,moe_route,GPU,4,0.0,0.0
2,moe_scatter,GPU,4,0.0,0.0
2,post_attn_layer_norm,GPU,4,1044.592,261.148
2,residual_1,GPU,4,1044.592,261.148
2,residual_2,GPU,4,1044.592,261.148
2,self_attention,GPU,4,34503.64,8625.91
2,sync_0,GPU,4,0.0,0.0
2,sync_2,GPU,4,108181.5,27045.375
2,sync_3,GPU,4,0.0,0.0
2,sync_5,GPU,4,0.0,0.0
2,sync_6,GPU,4,0.0,0.0
2,sync__,GPU,28,108181.5,3863.625
2,sync__set,GPU,28,0.0,0.0
2,sync_for_moe_gather,GPU,4,0.0,0.0
2,sync_for_moe_scatter,GPU,4,0.0,0.0
2,up_proj,GPU,8,129774.2,16221.775
3,AttentionGen,Logic,4,34503.64,8625.91
3,AttentionMerge,GPU,4,0.0,0.0
3,AttentionSplit,GPU,4,0.0,0.0
3,AttentionSum,Logic,4,0.0,0.0
3,Linear,GPU,12,43134.587999999996,3594.5489999999995
3,Linear,Logic,24,405156.0,16881.5
3,MoE_decoder_3,GPU,4,766176.0,191544.0
3,activation,Logic,8,674.9658,84.370725
3,all_reduce,GPU,4,82485.6,20621.4
3,attention,GPU,4,159480.0,39870.0
3,attn_o_proj,GPU,4,17099.16,4274.79
3,attn_qkv_proj,GPU,4,25391.6,6347.9
3,down_proj,GPU,8,135052.0,16881.5
3,expertFFN,GPU,4,602516.0,150629.0
3,expert_FFN_0,GPU,1,48692.5,48692.5
3,expert_FFN_1,GPU,1,43294.3,43294.3
3,expert_FFN_2,GPU,1,64923.3,64923.3
3,expert_FFN_3,GPU,1,64923.3,64923.3
3,expert_FFN_4,GPU,1,43246.0,43246.0
3,expert_FFN_5,GPU,1,43366.6,43366.6
3,expert_FFN_6,GPU,1,48692.5,48692.5
3,expert_FFN_7,GPU,1,48692.5,48692.5
3,gate_fn,GPU,4,643.828,160.957
3,gate_proj,GPU,8,135052.0,16881.5
3,gate_update,GPU,4,0.0,0.0
3,input_layer_norm,GPU,4,1044.592,261.148
3,moe_all_reduce_for_e_tp,GPU,4,0.0,0.0
3,moe_all_reduce_for_gather,GPU,4,82485.6,20621.4
3,moe_gather,GPU,4,0.0,0.0
3,moe_route,GPU,4,0.0,0.0
3,moe_scatter,GPU,4,0.0,0.0
3,post_attn_layer_norm,GPU,4,1044.592,261.148
3,residual_1,GPU,4,1044.592,261.148
3,residual_2,GPU,4,1044.592,261.148
3,self_attention,GPU,4,34503.64,8625.91
3,sync_0,GPU,4,0.0,0.0
3,sync_2,GPU,4,113555.6,28388.9
3,sync_3,GPU,4,0.0,0.0
3,sync_5,GPU,4,0.0,0.0
3,sync_6,GPU,4,0.0,0.0
3,sync__,GPU,28,113555.6,4055.557142857143
3,sync__set,GPU,28,0.0,0.0
3,sync_for_moe_gather,GPU,4,0.0,0.0
3,sync_for_moe_scatter,GPU,4,0.0,0.0
3,up_proj,GPU,8,135052.0,16881.5
4,AttentionGen,Logic,4,34503.64,8625.91
4,AttentionMerge,GPU,4,0.0,0.0
4,AttentionSplit,GPU,4,0.0,0.0
4,AttentionSum,Logic,4,0.0,0.0
4,Linear,GPU,12,43134.587999999996,3594.5489999999995
4,Linear,Logic,24,399878.39999999997,16661.6
4,MoE_decoder_4,GPU,4,679612.0,169903.0
4,activation,Logic,8,674.9655,84.3706875
4,all_reduce,GPU,4,82485.6,20621.4
4,attention,GPU,4,159480.0,39870.0
4,attn_o_proj,GPU,4,17099.16,4274.79
4,attn_qkv_proj,GPU,4,25391.6,6347.9
4,down_proj,GPU,8,133292.8,16661.6
4,expertFFN,GPU,4,515952.0,128988.0
4,expert_FFN_0,GPU,1,43318.4,43318.4
4,expert_FFN_1,GPU,1,59513.0,59513.0
4,expert_FFN_2,GPU,1,43318.4,43318.4
4,expert_FFN_3,GPU,1,43366.6,43366.6
4,expert_FFN_4,GPU,1,59513.0,59513.0
4,expert_FFN_5,GPU,1,43318.4,43318.4
4,expert_FFN_6,GPU,1,54102.8,54102.8
4,expert_FFN_7,GPU,1,54102.8,54102.8
4,gate_fn,GPU,4,643.828,160.957
4,gate_proj,GPU,8,133292.8,16661.6
4,gate_update,GPU,4,0.0,0.0
4,input_layer_norm,GPU,4,1044.592,261.148
4,moe_all_reduce_for_e_tp,GPU,4,0.0,0.0
4,moe_all_reduce_for_gather,GPU,4,82485.6,20621.4
4,moe_gather,GPU,4,0.0,0.0
4,moe_route,GPU,4,0.0,0.0
4,moe_scatter,GPU,4,0.0,0.0
4,post_attn_layer_norm,GPU,4,1044.592,261.148
4,residual_1,GPU,4,1044.592,261.148
4,residual_2,GPU,4,1044.592,261.148
4,self_attention,GPU,4,34503.64,8625.91
4,sync_0,GPU,4,0.0,0.0
4,sync_2,GPU,4,32268.839999999997,8067.209999999999
4,sync_3,GPU,4,0.0,0.0
4,sync_5,GPU,4,0.0,0.0
4,sync_6,GPU,4,0.0,0.0
4,sync__,GPU,28,32268.839999999997,1152.4585714285713
4,sync__set,GPU,28,0.0,0.0
4,sync_for_moe_gather,GPU,4,0.0,0.0
4,sync_for_moe_scatter,GPU,4,0.0,0.0
4,up_proj,GPU,8,133292.8,16661.6
5,AttentionGen,Logic,4,34503.64,8625.91
5,AttentionMerge,GPU,4,0.0,0.0
5,AttentionSplit,GPU,4,0.0,0.0
5,AttentionSum,Logic,4,0.0,0.0
5,Linear,GPU,12,43134.587999999996,3594.5489999999995
5,Linear,Logic,24,389106.0,16212.75
5,MoE_decoder_5,GPU,4,701252.0,175313.0
5,activation,Logic,8,674.9654,84.370675
5,all_reduce,GPU,4,82485.6,20621.4
5,attention,GPU,4,159480.0,39870.0
5,attn_o_proj,GPU,4,17099.16,4274.79
5,attn_qkv_proj,GPU,4,25391.6,6347.9
5,down_proj,GPU,8,129702.0,16212.75
5,expertFFN,GPU,4,537592.0,134398.0
5,expert_FFN_0,GPU,1,54102.8,54102.8
5,expert_FFN_1,GPU,1,43318.4,43318.4
5,expert_FFN_2,GPU,1,48692.5,48692.5
5,expert_FFN_3,GPU,1,43342.5,43342.5
5,expert_FFN_4,GPU,1,59513.0,59513.0
5,expert_FFN_5,GPU,1,54102.8,54102.8
5,expert_FFN_6,GPU,1,43342.5,43342.5
5,expert_FFN_7,GPU,1,43366.6,43366.6
5,gate_fn,GPU,4,643.828,160.957
5,gate_proj,GPU,8,129702.0,16212.75
5,gate_update,GPU,4,0.0,0.0
5,input_layer_norm,GPU,4,1044.592,261.148
5,moe_all_reduce_for_e_tp,GPU,4,0.0,0.0
5,moe_all_reduce_for_gather,GPU,4,82485.6,20621.4
5,moe_gather,GPU,4,0.0,0.0
5,moe_route,GPU,4,0.0,0.0
5,moe_scatter,GPU,4,0.0,0.0
5,post_attn_layer_norm,GPU,4,1044.592,261.148
5,residual_1,GPU,4,1044.592,261.148
5,residual_2,GPU,4,1044.592,261.148
5,self_attention,GPU,4,34503.64,8625.91
5,sync_0,GPU,4,0.0,0.0
5,sync_2,GPU,4,64682.2,16170.55
5,sync_3,GPU,4,0.0,0.0
5,sync_5,GPU,4,0.0,0.0
5,sync_6,GPU,4,0.0,0.0
5,sync__,GPU,28,64682.2,2310.078571428571
5,sync__set,GPU,28,0.0,0.0
5,sync_for_moe_gather,GPU,4,0.0,0.0
5,sync_for_moe_scatter,GPU,4,0.0,0.0
5,up_proj,GPU,8,129702.0,16212.75
6,AttentionGen,Logic,4,34503.64,8625.91
6,AttentionMerge,GPU,4,0.0,0.0
6,AttentionSplit,GPU,4,0.0,0.0
6,AttentionSum,Logic,4,0.0,0.0
6,Linear,GPU,12,43134.587999999996,3594.5489999999995
6,Linear,Logic,24,399878.39999999997,16661.6
6,MoE_decoder_6,GPU,4,744532.0,186133.0
6,activation,Logic,8,674.9657,84.3707125
6,all_reduce,GPU,4,82485.6,20621.4
6,attention,GPU,4,159480.0,39870.0
6,attn_o_proj,GPU,4,17099.16,4274.79
6,attn_qkv_proj,GPU,4,25391.6,6347.9
6,down_proj,GPU,8,133292.8,16661.6
6,expertFFN,GPU,4,580876.0,145219.0
6,expert_FFN_0,GPU,1,48692.5,48692.5
6,expert_FFN_1,GPU,1,43366.6,43366.6
6,expert_FFN_2,GPU,1,70333.6,70333.6
6,expert_FFN_3,GPU,1,54102.8,54102.8
6,expert_FFN_4,GPU,1,43318.4,43318.4
6,expert_FFN_5,GPU,1,54102.8,54102.8
6,expert_FFN_6,GPU,1,43294.3,43294.3
6,expert_FFN_7,GPU,1,43342.5,43342.5
6,gate_fn,GPU,4,643.828,160.957
6,gate_proj,GPU,8,133292.8,16661.6
6,gate_update,GPU,4,0.0,0.0
6,input_layer_norm,GPU,4,1044.592,261.148
6,moe_all_reduce_for_e_tp,GPU,4,0.0,0.0
6,moe_all_reduce_for_gather,GPU,4,82485.6,20621.4
6,moe_gather,GPU,4,0.0,0.0
6,moe_route,GPU,4,0.0,0.0
6,moe_scatter,GPU,4,0.0,0.0
6,post_attn_layer_norm,GPU,4,1044.592,261.148
6,residual_1,GPU,4,1044.592,261.148
6,residual_2,GPU,4,1044.592,261.148
6,self_attention,GPU,4,34503.64,8625.91
6,sync_0,GPU,4,0.0,0.0
6,sync_2,GPU,4,97192.1,24298.025
6,sync_3,GPU,4,0.0,0.0
6,sync_5,GPU,4,0.0,0.0
6,sync_6,GPU,4,0.0,0.0
6,sync__,GPU,28,97192.1,3471.1464285714287
6,sync__set,GPU,28,0.0,0.0
6,sync_for_moe_gather,GPU,4,0.0,0.0
6,sync_for_moe_scatter,GPU,4,0.0,0.0
6,up_proj,GPU,8,133292.8,16661.6
7,AttentionGen,Logic,4,34503.64,8625.91
7,AttentionMerge,GPU,4,0.0,0.0
7,AttentionSplit,GPU,4,0.0,0.0
7,AttentionSum,Logic,4,0.0,0.0
7,Linear,GPU,12,43134.587999999996,3594.5489999999995
7,Linear,Logic,24,373055.7,15543.987500000001
7,MoE_decoder_7,GPU,4,679612.0,169903.0
7,activation,Logic,8,674.9663,84.3707875
7,all_reduce,GPU,4,82485.6,20621.4
7,attention,GPU,4,159480.0,39870.0
7,attn_o_proj,GPU,4,17099.16,4274.79
7,attn_qkv_proj,GPU,4,25391.6,6347.9
7,down_proj,GPU,8,124351.9,15543.9875
7,expertFFN,GPU,4,515952.0,128988.0
7,expert_FFN_0,GPU,1,59513.0,59513.0
7,expert_FFN_1,GPU,1,48692.5,48692.5
7,expert_FFN_2,GPU,1,43366.6,43366.6
7,expert_FFN_3,GPU,1,43366.6,43366.6
7,expert_FFN_4,GPU,1,48692.5,48692.5
7,expert_FFN_5,GPU,1,43342.5,43342.5
7,expert_FFN_6,GPU,1,43366.6,43366.6
7,expert_FFN_7,GPU,1,43390.7,43390.7
7,gate_fn,GPU,4,643.828,160.957
7,gate_proj,GPU,8,124351.9,15543.9875
7,gate_update,GPU,4,0.0,0.0
7,input_layer_norm,GPU,4,1044.592,261.148
7,moe_all_reduce_for_e_tp,GPU,4,0.0,0.0
7,moe_all_reduce_for_gather,GPU,4,82485.6,20621.4
7,moe_gather,GPU,4,0.0,0.0
7,moe_route,GPU,4,0.0,0.0
7,moe_scatter,GPU,4,0.0,0.0
7,post_attn_layer_norm,GPU,4,1044.592,261.148
7,residual_1,GPU,4,1044.592,261.148
7,residual_2,GPU,4,1044.592,261.148
7,self_attention,GPU,4,34503.64,8625.91
7,sync_0,GPU,4,0.0,0.0
7,sync_2,GPU,4,59091.3,14772.825
7,sync_3,GPU,4,0.0,0.0
7,sync_5,GPU,4,0.0,0.0
7,sync_6,GPU,4,0.0,0.0
7,sync__,GPU,28,59091.3,2110.4035714285715
7,sync__set,GPU,28,0.0,0.0
7,sync_for_moe_gather,GPU,4,0.0,0.0
7,sync_for_moe_scatter,GPU,4,0.0,0.0
7,up_proj,GPU,8,124351.9,15543.9875
8,AttentionGen,Logic,4,34503.64,8625.91
8,AttentionMerge,GPU,4,0.0,0.0
8,AttentionSplit,GPU,4,0.0,0.0
8,AttentionSum,Logic,4,0.0,0.0
8,Linear,GPU,12,43134.587999999996,3594.5489999999995
8,Linear,Logic,24,399878.1,16661.587499999998
8,MoE_decoder_8,GPU,4,744532.0,186133.0
8,activation,Logic,8,674.9657,84.3707125
8,all_reduce,GPU,4,82485.6,20621.4
8,attention,GPU,4,159480.0,39870.0
8,attn_o_proj,GPU,4,17099.16,4274.79
8,attn_qkv_proj,GPU,4,25391.6,6347.9
8,down_proj,GPU,8,133292.7,16661.5875
8,expertFFN,GPU,4,580876.0,145219.0
8,expert_FFN_0,GPU,1,70333.6,70333.6
8,expert_FFN_1,GPU,1,54102.8,54102.8
8,expert_FFN_2,GPU,1,48692.5,48692.5
8,expert_FFN_3,GPU,1,43390.7,43390.7
8,expert_FFN_4,GPU,1,54102.8,54102.8
8,expert_FFN_5,GPU,1,43318.4,43318.4
8,expert_FFN_6,GPU,1,43342.5,43342.5
8,expert_FFN_7,GPU,1,43270.2,43270.2
8,gate_fn,GPU,4,643.828,160.957
8,gate_proj,GPU,8,133292.7,16661.5875
8,gate_update,GPU,4,0.0,0.0
8,input_layer_norm,GPU,4,1044.592,261.148
8,moe_all_reduce_for_e_tp,GPU,4,0.0,0.0
8,moe_all_reduce_for_gather,GPU,4,82485.6,20621.4
8,moe_gather,GPU,4,0.0,0.0
8,moe_route,GPU,4,0.0,0.0
8,moe_scatter,GPU,4,0.0,0.0
8,post_attn_layer_norm,GPU,4,1044.592,261.148
8,residual_1,GPU,4,1044.592,261.148
8,residual_2,GPU,4,1044.592,261.148
8,self_attention,GPU,4,34503.64,8625.91
8,sync_0,GPU,4,0.0,0.0
8,sync_2,GPU,4,97192.1,24298.025
8,sync_3,GPU,4,0.0,0.0
8,sync_5,GPU,4,0.0,0.0
8,sync_6,GPU,4,0.0,0.0
8,sync__,GPU,28,97192.1,3471.1464285714287
8,sync__set,GPU,28,0.0,0.0
8,sync_for_moe_gather,GPU,4,0.0,0.0
8,sync_for_moe_scatter,GPU,4,0.0,0.0
8,up_proj,GPU,8,133292.7,16661.5875
9,AttentionGen,Logic,4,34503.64,8625.91
9,AttentionMerge,GPU,4,0.0,0.0
9,AttentionSplit,GPU,4,0.0,0.0
9,AttentionSum,Logic,4,0.0,0.0
9,Linear,GPU,12,43134.587999999996,3594.5489999999995
9,Linear,Logic,24,367669.5,15319.5625
9,MoE_decoder_9,GPU,4,636568.0,159142.0
9,activation,Logic,8,674.9657,84.3707125
9,all_reduce,GPU,4,82485.6,20621.4
9,attention,GPU,4,159480.0,39870.0
9,attn_o_proj,GPU,4,17099.16,4274.79
9,attn_qkv_proj,GPU,4,25391.6,6347.9
9,down_proj,GPU,8,122556.5,15319.5625
9,expertFFN,GPU,4,472912.0,118228.0
9,expert_FFN_0,GPU,1,48692.5,48692.5
9,expert_FFN_1,GPU,1,43390.7,43390.7
9,expert_FFN_2,GPU,1,43390.7,43390.7
9,expert_FFN_3,GPU,1,43366.6,43366.6
9,expert_FFN_4,GPU,1,48692.5,48692.5
9,expert_FFN_5,GPU,1,43366.6,43366.6
9,expert_FFN_6,GPU,1,43342.5,43342.5
9,expert_FFN_7,GPU,1,54102.8,54102.8
9,gate_fn,GPU,4,643.828,160.957
9,gate_proj,GPU,8,122556.5,15319.5625
9,gate_update,GPU,4,0.0,0.0
9,input_layer_norm,GPU,4,1044.592,261.148
9,moe_all_reduce_for_e_tp,GPU,4,0.0,0.0
9,moe_all_reduce_for_gather,GPU,4,82485.6,20621.4
9,moe_gather,GPU,4,0.0,0.0
9,moe_route,GPU,4,0.0,0.0
9,moe_scatter,GPU,4,0.0,0.0
9,post_attn_layer_norm,GPU,4,1044.592,261.148
9,residual_1,GPU,4,1044.592,261.148
9,residual_2,GPU,4,1044.592,261.148
9,self_attention,GPU,4,34503.64,8625.91
9,sync_0,GPU,4,0.0,0.0
9,sync_2,GPU,4,21436.230000000003,5359.057500000001
9,sync_3,GPU,4,0.0,0.0
9,sync_5,GPU,4,0.0,0.0
9,sync_6,GPU,4,0.0,0.0
9,sync__,GPU,28,21436.230000000003,765.579642857143
9,sync__set,GPU,28,0.0,0.0
9,sync_for_moe_gather,GPU,4,0.0,0.0
9,sync_for_moe_scatter,GPU,4,0.0,0.0
9,up_proj,GPU,8,122556.5,15319.5625
10,AttentionGen,Logic,4,34503.64,8625.91
10,AttentionMerge,GPU,4,0.0,0.0
10,AttentionSplit,GPU,4,0.0,0.0
10,AttentionSum,Logic,4,0.0,0.0
10,Linear,GPU,12,43134.587999999996,3594.5489999999995
10,Linear,Logic,24,394600.2,16441.675
10,MoE_decoder_10,GPU,4,679852.0,169963.0
10,activation,Logic,8,674.9658,84.370725
10,all_reduce,GPU,4,82485.6,20621.4
10,attention,GPU,4,159480.0,39870.0
10,attn_o_proj,GPU,4,17099.16,4274.79
10,attn_qkv_proj,GPU,4,25391.6,6347.9
10,down_proj,GPU,8,131533.4,16441.675
10,expertFFN,GPU,4,516192.0,129048.0
10,expert_FFN_0,GPU,1,64923.3,64923.3
10,expert_FFN_1,GPU,1,43270.2,43270.2
10,expert_FFN_2,GPU,1,43366.6,43366.6
10,expert_FFN_3,GPU,1,43366.6,43366.6
10,expert_FFN_4,GPU,1,64923.3,64923.3
10,expert_FFN_5,GPU,1,43342.5,43342.5
10,expert_FFN_6,GPU,1,48692.5,48692.5
10,expert_FFN_7,GPU,1,43390.7,43390.7
10,gate_fn,GPU,4,643.828,160.957
10,gate_proj,GPU,8,131533.4,16441.675
10,gate_update,GPU,4,0.0,0.0
10,input_layer_norm,GPU,4,1044.592,261.148
10,moe_all_reduce_for_e_tp,GPU,4,0.0,0.0
10,moe_all_reduce_for_gather,GPU,4,82485.6,20621.4
10,moe_gather,GPU,4,0.0,0.0
10,moe_route,GPU,4,0.0,0.0
10,moe_scatter,GPU,4,0.0,0.0
10,post_attn_layer_norm,GPU,4,1044.592,261.148
10,residual_1,GPU,4,1044.592,261.148
10,residual_2,GPU,4,1044.592,261.148
10,self_attention,GPU,4,34503.64,8625.91
10,sync_0,GPU,4,0.0,0.0
10,sync_2,GPU,4,37787.5178,9446.87945
10,sync_3,GPU,4,0.0,0.0
10,sync_5,GPU,4,0.0,0.0
10,sync_6,GPU,4,0.0,0.0
10,sync__,GPU,28,37787.5178,1349.5542071428572
10,sync__set,GPU,28,0.0,0.0
10,sync_for_moe_gather,GPU,4,0.0,0.0
10,sync_for_moe_scatter,GPU,4,0.0,0.0
10,up_proj,GPU,8,131533.4,16441.675
11,AttentionGen,Logic,4,34503.64,8625.91
11,AttentionMerge,GPU,4,0.0,0.0
11,AttentionSplit,GPU,4,0.0,0.0
11,AttentionSum,Logic,4,0.0,0.0
11,Linear,GPU,12,43134.587999999996,3594.5489999999995
11,Linear,Logic,24,405264.3,16886.0125
11,MoE_decoder_11,GPU,4,701492.0,175373.0
11,activation,Logic,8,674.9665,84.3708125
11,all_reduce,GPU,4,82485.6,20621.4
11,attention,GPU,4,159480.0,39870.0
11,attn_o_proj,GPU,4,17099.16,4274.79
11,attn_qkv_proj,GPU,4,25391.6,6347.9
11,down_proj,GPU,8,135088.1,16886.0125
11,expertFFN,GPU,4,537832.0,134458.0
11,expert_FFN_0,GPU,1,43294.3,43294.3
11,expert_FFN_1,GPU,1,43390.7,43390.7
11,expert_FFN_2,GPU,1,48692.5,48692.5
11,expert_FFN_3,GPU,1,48692.5,48692.5
11,expert_FFN_4,GPU,1,70333.6,70333.6
11,expert_FFN_5,GPU,1,43342.5,43342.5
11,expert_FFN_6,GPU,1,64923.3,64923.3
11,expert_FFN_7,GPU,1,43270.2,43270.2
11,gate_fn,GPU,4,643.828,160.957
11,gate_proj,GPU,8,135088.1,16886.0125
11,gate_update,GPU,4,0.0,0.0
11,input_layer_norm,GPU,4,1044.592,261.148
11,moe_all_reduce_for_e_tp,GPU,4,0.0,0.0
11,moe_all_reduce_for_gather,GPU,4,82485.6,20621.4
11,moe_gather,GPU,4,0.0,0.0
11,moe_route,GPU,4,0.0,0.0
11,moe_scatter,GPU,4,0.0,0.0
11,post_attn_layer_norm,GPU,4,1044.592,261.148
11,residual_1,GPU,4,1044.592,261.148
11,residual_2,GPU,4,1044.592,261.148
11,self_attention,GPU,4,34503.64,8625.91
11,sync_0,GPU,4,0.0,0.0
11,sync_2,GPU,4,48764.79,12191.1975
11,sync_3,GPU,4,0.0,0.0
11,sync_5,GPU,4,0.0,0.0
11,sync_6,GPU,4,0.0,0.0
11,sync__,GPU,28,48764.79,1741.599642857143
11,sync__set,GPU,28,0.0,0.0
11,sync_for_moe_gather,GPU,4,0.0,0.0
11,sync_for_moe_scatter,GPU,4,0.0,0.0
11,up_proj,GPU,8,135088.1,16886.0125
12,AttentionGen,Logic,4,34503.64,8625.91
12,AttentionMerge,GPU,4,0.0,0.0
12,AttentionSplit,GPU,4,0.0,0.0
12,AttentionSum,Logic,4,0.0,0.0
12,Linear,GPU,12,43134.587999999996,3594.5489999999995
12,Linear,Logic,24,405372.89999999997,16890.5375
12,MoE_decoder_12,GPU,4,787816.0,196954.0
12,activation,Logic,8,674.966,84.37075
12,all_reduce,GPU,4,82485.6,20621.4
12,attention,GPU,4,159480.0,39870.0
12,attn_o_proj,GPU,4,17099.16,4274.79
12,attn_qkv_proj,GPU,4,25391.6,6347.9
12,down_proj,GPU,8,135124.3,16890.5375
12,expertFFN,GPU,4,624156.0,156039.0
12,expert_FFN_0,GPU,1,43390.7,43390.7
12,expert_FFN_1,GPU,1,54102.8,54102.8
12,expert_FFN_2,GPU,1,70333.6,70333.6
12,expert_FFN_3,GPU,1,64923.3,64923.3
12,expert_FFN_4,GPU,1,43318.4,43318.4
12,expert_FFN_5,GPU,1,43294.3,43294.3
12,expert_FFN_6,GPU,1,43366.6,43366.6
12,expert_FFN_7,GPU,1,43318.4,43318.4
12,gate_fn,GPU,4,643.828,160.957
12,gate_proj,GPU,8,135124.3,16890.5375
12,gate_update,GPU,4,0.0,0.0
12,input_layer_norm,GPU,4,1044.592,261.148
12,moe_all_reduce_for_e_tp,GPU,4,0.0,0.0
12,moe_all_reduce_for_gather,GPU,4,82485.6,20621.4
12,moe_gather,GPU,4,0.0,0.0
12,moe_route,GPU,4,0.0,0.0
12,moe_scatter,GPU,4,0.0,0.0
12,post_attn_layer_norm,GPU,4,1044.592,261.148
12,residual_1,GPU,4,1044.592,261.148
12,residual_2,GPU,4,1044.592,261.148
12,self_attention,GPU,4,34503.64,8625.91
12,sync_0,GPU,4,0.0,0.0
12,sync_2,GPU,4,134979.8,33744.95
12,sync_3,GPU,4,0.0,0.0
12,sync_5,GPU,4,0.0,0.0
12,sync_6,GPU,4,0.0,0.0
12,sync__,GPU,28,134979.8,4820.707142857143
12,sync__set,GPU,28,0.0,0.0
12,sync_for_moe_gather,GPU,4,0.0,0.0
12,sync_for_moe_scatter,GPU,4,0.0,0.0
12,up_proj,GPU,8,135124.3,16890.5375
13,AttentionGen,Logic,4,34503.64,8625.91
13,AttentionMerge,GPU,4,0.0,0.0
13,AttentionSplit,GPU,4,0.0,0.0
13,AttentionSum,Logic,4,0.0,0.0
13,Linear,GPU,12,43134.587999999996,3594.5489999999995
13,Linear,Logic,24,389214.3,16217.262499999999
13,MoE_decoder_13,GPU,4,658404.0,164601.0
13,activation,Logic,8,674.9661,84.3707625
13,all_reduce,GPU,4,82485.6,20621.4
13,attention,GPU,4,159480.0,39870.0
13,attn_o_proj,GPU,4,17099.16,4274.79
13,attn_qkv_proj,GPU,4,25391.6,6347.9
13,down_proj,GPU,8,129738.1,16217.2625
13,expertFFN,GPU,4,494744.0,123686.0
13,expert_FFN_0,GPU,1,43366.6,43366.6
13,expert_FFN_1,GPU,1,59513.0,59513.0
13,expert_FFN_2,GPU,1,54102.8,54102.8
13,expert_FFN_3,GPU,1,43294.3,43294.3
13,expert_FFN_4,GPU,1,43366.6,43366.6
13,expert_FFN_5,GPU,1,43342.5,43342.5
13,expert_FFN_6,GPU,1,43390.7,43390.7
13,expert_FFN_7,GPU,1,59513.0,59513.0
13,gate_fn,GPU,4,643.828,160.957
13,gate_proj,GPU,8,129738.1,16217.2625
13,gate_update,GPU,4,0.0,0.0
13,input_layer_norm,GPU,4,1044.592,261.148
13,moe_all_reduce_for_e_tp,GPU,4,0.0,0.0
13,moe_all_reduce_for_gather,GPU,4,82485.6,20621.4
13,moe_gather,GPU,4,0.0,0.0
13,moe_route,GPU,4,0.0,0.0
13,moe_scatter,GPU,4,0.0,0.0
13,post_attn_layer_norm,GPU,4,1044.592,261.148
13,residual_1,GPU,4,1044.592,261.148
13,residual_2,GPU,4,1044.592,261.148
13,self_attention,GPU,4,34503.64,8625.91
13,sync_0,GPU,4,0.0,0.0
13,sync_2,GPU,4,21725.5059,5431.376475
13,sync_3,GPU,4,0.0,0.0
13,sync_5,GPU,4,0.0,0.0
13,sync_6,GPU,4,0.0,0.0
13,sync__,GPU,28,21725.5059,775.910925
13,sync__set,GPU,28,0.0,0.0
13,sync_for_moe_gather,GPU,4,0.0,0.0
13,sync_for_moe_scatter,GPU,4,0.0,0.0
13,up_proj,GPU,8,129738.1,16217.2625
14,AttentionGen,Logic,4,34503.64,8625.91
14,AttentionMerge,GPU,4,0.0,0.0
14,AttentionSplit,GPU,4,0.0,0.0
14,AttentionSum,Logic,4,0.0,0.0
14,Linear,GPU,12,43134.587999999996,3594.5489999999995
14,Linear,Logic,24,383828.1,15992.8375
14,MoE_decoder_14,GPU,4,679852.0,169963.0
14,activation,Logic,8,674.9655,84.3706875
14,all_reduce,GPU,4,82485.6,20621.4
14,attention,GPU,4,159480.0,39870.0
14,attn_o_proj,GPU,4,17099.16,4274.79
14,attn_qkv_proj,GPU,4,25391.6,6347.9
14,down_proj,GPU,8,127942.7,15992.8375
14,expertFFN,GPU,4,516192.0,129048.0
14,expert_FFN_0,GPU,1,54102.8,54102.8
14,expert_FFN_1,GPU,1,48692.5,48692.5
14,expert_FFN_2,GPU,1,64923.3,64923.3
14,expert_FFN_3,GPU,1,43342.5,43342.5
14,expert_FFN_4,GPU,1,43366.6,43366.6
14,expert_FFN_5,GPU,1,43366.6,43366.6
14,expert_FFN_6,GPU,1,43390.7,43390.7
14,expert_FFN_7,GPU,1,43318.4,43318.4
14,gate_fn,GPU,4,643.828,160.957
14,gate_proj,GPU,8,127942.7,15992.8375
14,gate_update,GPU,4,0.0,0.0
14,input_layer_norm,GPU,4,1044.592,261.148
14,moe_all_reduce_for_e_tp,GPU,4,0.0,0.0
14,moe_all_reduce_for_gather,GPU,4,82485.6,20621.4
14,moe_gather,GPU,4,0.0,0.0
14,moe_route,GPU,4,0.0,0.0
14,moe_scatter,GPU,4,0.0,0.0
14,post_attn_layer_norm,GPU,4,1044.592,261.148
14,residual_1,GPU,4,1044.592,261.148
14,residual_2,GPU,4,1044.592,261.148
14,self_attention,GPU,4,34503.64,8625.91
14,sync_0,GPU,4,0.0,0.0
14,sync_2,GPU,4,48559.84,12139.96
14,sync_3,GPU,4,0.0,0.0
14,sync_5,GPU,4,0.0,0.0
14,sync_6,GPU,4,0.0,0.0
14,sync__,GPU,28,48559.84,1734.28
14,sync__set,GPU,28,0.0,0.0
14,sync_for_moe_gather,GPU,4,0.0,0.0
14,sync_for_moe_scatter,GPU,4,0.0,0.0
14,up_proj,GPU,8,127942.7,15992.8375
15,AttentionGen,Logic,4,34503.64,8625.91
15,AttentionMerge,GPU,4,0.0,0.0
15,AttentionSplit,GPU,4,0.0,0.0
15,AttentionSum,Logic,4,0.0,0.0
15,Linear,GPU,12,43134.587999999996,3594.5489999999995
15,Linear,Logic,24,378333.6,15763.9
15,MoE_decoder_15,GPU,4,636568.0,159142.0
15,activation,Logic,8,674.9652,84.37065
15,all_reduce,GPU,4,82485.6,20621.4
15,attention,GPU,4,159480.0,39870.0
15,attn_o_proj,GPU,4,17099.16,4274.79
15,attn_qkv_proj,GPU,4,25391.6,6347.9
15,down_proj,GPU,8,126111.2,15763.9
15,expertFFN,GPU,4,472912.0,118228.0
15,expert_FFN_0,GPU,1,43390.7,43390.7
15,expert_FFN_1,GPU,1,48692.5,48692.5
15,expert_FFN_2,GPU,1,54102.8,54102.8
15,expert_FFN_3,GPU,1,43318.4,43318.4
15,expert_FFN_4,GPU,1,43342.5,43342.5
15,expert_FFN_5,GPU,1,54102.8,54102.8
15,expert_FFN_6,GPU,1,48692.5,48692.5
15,expert_FFN_7,GPU,1,43366.6,43366.6
15,gate_fn,GPU,4,643.828,160.957
15,gate_proj,GPU,8,126111.2,15763.9
15,gate_update,GPU,4,0.0,0.0
15,input_layer_norm,GPU,4,1044.592,261.148
15,moe_all_reduce_for_e_tp,GPU,4,0.0,0.0
15,moe_all_reduce_for_gather,GPU,4,82485.6,20621.4
15,moe_gather,GPU,4,0.0,0.0
15,moe_route,GPU,4,0.0,0.0
15,moe_scatter,GPU,4,0.0,0.0
15,post_attn_layer_norm,GPU,4,1044.592,261.148
15,residual_1,GPU,4,1044.592,261.148
15,residual_2,GPU,4,1044.592,261.148
15,self_attention,GPU,4,34503.64,8625.91
15,sync_0,GPU,4,0.0,0.0
15,sync_2,GPU,4,10772.3359,2693.083975
15,sync_3,GPU,4,0.0,0.0
15,sync_5,GPU,4,0.0,0.0
15,sync_6,GPU,4,0.0,0.0
15,sync__,GPU,28,10772.3359,384.72628214285714
15,sync__set,GPU,28,0.0,0.0
15,sync_for_moe_gather,GPU,4,0.0,0.0
15,sync_for_moe_scatter,GPU,4,0.0,0.0
15,up_proj,GPU,8,126111.2,15763.9
16,AttentionGen,Logic,4,34503.64,8625.91
16,AttentionMerge,GPU,4,0.0,0.0
16,AttentionSplit,GPU,4,0.0,0.0
16,AttentionSum,Logic,4,0.0,0.0
16,Linear,GPU,12,43134.587999999996,3594.5489999999995
16,Linear,Logic,24,373055.7,15543.987500000001
16,MoE_decoder_16,GPU,4,636760.0,159190.0
16,activation,Logic,8,674.9652,84.37065
16,all_reduce,GPU,4,82485.6,20621.4
16,attention,GPU,4,159480.0,39870.0
16,attn_o_proj,GPU,4,17099.16,4274.79
16,attn_qkv_proj,GPU,4,25391.6,6347.9
16,down_proj,GPU,8,124351.9,15543.9875
16,expertFFN,GPU,4,473104.0,118276.0
16,expert_FFN_0,GPU,1,54102.8,54102.8
16,expert_FFN_1,GPU,1,43390.7,43390.7
16,expert_FFN_2,GPU,1,43342.5,43342.5
16,expert_FFN_3,GPU,1,54102.8,54102.8
16,expert_FFN_4,GPU,1,48692.5,48692.5
16,expert_FFN_5,GPU,1,43366.6,43366.6
16,expert_FFN_6,GPU,1,43366.6,43366.6
16,expert_FFN_7,GPU,1,43366.6,43366.6
16,gate_fn,GPU,4,643.828,160.957
16,gate_proj,GPU,8,124351.9,15543.9875
16,gate_update,GPU,4,0.0,0.0
16,input_layer_norm,GPU,4,1044.592,261.148
16,moe_all_reduce_for_e_tp,GPU,4,0.0,0.0
16,moe_all_reduce_for_gather,GPU,4,82485.6,20621.4
16,moe_gather,GPU,4,0.0,0.0
16,moe_route,GPU,4,0.0,0.0
16,moe_scatter,GPU,4,0.0,0.0
16,post_attn_layer_norm,GPU,4,1044.592,261.148
16,residual_1,GPU,4,1044.592,261.148
16,residual_2,GPU,4,1044.592,261.148
16,self_attention,GPU,4,34503.64,8625.91
16,sync_0,GPU,4,0.0,0.0
16,sync_2,GPU,4,16242.891899999999,4060.7229749999997
16,sync_3,GPU,4,0.0,0.0
16,sync_5,GPU,4,0.0,0.0
16,sync_6,GPU,4,0.0,0.0
16,sync__,GPU,28,16242.891899999999,580.1032821428571
16,sync__set,GPU,28,0.0,0.0
16,sync_for_moe_gather,GPU,4,0.0,0.0
16,sync_for_moe_scatter,GPU,4,0.0,0.0
16,up_proj,GPU,8,124351.9,15543.9875
17,AttentionGen,Logic,4,34503.64,8625.91
17,AttentionMerge,GPU,4,0.0,0.0
17,AttentionSplit,GPU,4,0.0,0.0
17,AttentionSum,Logic,4,0.0,0.0
17,Linear,GPU,12,43134.587999999996,3594.5489999999995
17,Linear,Logic,24,389214.3,16217.262499999999
17,MoE_decoder_17,GPU,4,680044.0,170011.0
17,activation,Logic,8,674.9663,84.3707875
17,all_reduce,GPU,4,82485.6,20621.4
17,attention,GPU,4,159480.0,39870.0
17,attn_o_proj,GPU,4,17099.16,4274.79
17,attn_qkv_proj,GPU,4,25391.6,6347.9
17,down_proj,GPU,8,129738.1,16217.2625
17,expertFFN,GPU,4,516384.0,129096.0
17,expert_FFN_0,GPU,1,43390.7,43390.7
17,expert_FFN_1,GPU,1,64923.3,64923.3
17,expert_FFN_2,GPU,1,43342.5,43342.5
17,expert_FFN_3,GPU,1,48692.5,48692.5
17,expert_FFN_4,GPU,1,43342.5,43342.5
17,expert_FFN_5,GPU,1,59513.0,59513.0
17,expert_FFN_6,GPU,1,43294.3,43294.3
17,expert_FFN_7,GPU,1,43390.7,43390.7
17,gate_fn,GPU,4,643.828,160.957
17,gate_proj,GPU,8,129738.1,16217.2625
17,gate_update,GPU,4,0.0,0.0
17,input_layer_norm,GPU,4,1044.592,261.148
17,moe_all_reduce_for_e_tp,GPU,4,0.0,0.0
17,moe_all_reduce_for_gather,GPU,4,82485.6,20621.4
17,moe_gather,GPU,4,0.0,0.0
17,moe_route,GPU,4,0.0,0.0
17,moe_scatter,GPU,4,0.0,0.0
17,post_attn_layer_norm,GPU,4,1044.592,261.148
17,residual_1,GPU,4,1044.592,261.148
17,residual_2,GPU,4,1044.592,261.148
17,self_attention,GPU,4,34503.64,8625.91
17,sync_0,GPU,4,0.0,0.0
17,sync_2,GPU,4,43366.49,10841.6225
17,sync_3,GPU,4,0.0,0.0
17,sync_5,GPU,4,0.0,0.0
17,sync_6,GPU,4,0.0,0.0
17,sync__,GPU,28,43366.49,1548.8032142857141
17,sync__set,GPU,28,0.0,0.0
17,sync_for_moe_gather,GPU,4,0.0,0.0
17,sync_for_moe_scatter,GPU,4,0.0,0.0
17,up_proj,GPU,8,129738.1,16217.2625
18,AttentionGen,Logic,4,34503.64,8625.91
18,AttentionMerge,GPU,4,0.0,0.0
18,AttentionSplit,GPU,4,0.0,0.0
18,AttentionSum,Logic,4,0.0,0.0
18,Linear,GPU,12,43134.587999999996,3594.5489999999995
18,Linear,Logic,24,378333.3,15763.887499999999
18,MoE_decoder_18,GPU,4,679612.0,169903.0
18,activation,Logic,8,674.9664,84.3708
18,all_reduce,GPU,4,82485.6,20621.4
18,attention,GPU,4,159480.0,39870.0
18,attn_o_proj,GPU,4,17099.16,4274.79
18,attn_qkv_proj,GPU,4,25391.6,6347.9
18,down_proj,GPU,8,126111.1,15763.8875
18,expertFFN,GPU,4,515952.0,128988.0
18,expert_FFN_0,GPU,1,43390.7,43390.7
18,expert_FFN_1,GPU,1,48692.5,48692.5
18,expert_FFN_2,GPU,1,43246.0,43246.0
18,expert_FFN_3,GPU,1,43390.7,43390.7
18,expert_FFN_4,GPU,1,59513.0,59513.0
18,expert_FFN_5,GPU,1,48692.5,48692.5
18,expert_FFN_6,GPU,1,48692.5,48692.5
18,expert_FFN_7,GPU,1,43390.7,43390.7
18,gate_fn,GPU,4,643.828,160.957
18,gate_proj,GPU,8,126111.1,15763.8875
18,gate_update,GPU,4,0.0,0.0
18,input_layer_norm,GPU,4,1044.592,261.148
18,moe_all_reduce_for_e_tp,GPU,4,0.0,0.0
18,moe_all_reduce_for_gather,GPU,4,82485.6,20621.4
18,moe_gather,GPU,4,0.0,0.0
18,moe_route,GPU,4,0.0,0.0
18,moe_scatter,GPU,4,0.0,0.0
18,post_attn_layer_norm,GPU,4,1044.592,261.148
18,residual_1,GPU,4,1044.592,261.148
18,residual_2,GPU,4,1044.592,261.148
18,self_attention,GPU,4,34503.64,8625.91
18,sync_0,GPU,4,0.0,0.0
18,sync_2,GPU,4,53813.6,13453.4
18,sync_3,GPU,4,0.0,0.0
18,sync_5,GPU,4,0.0,0.0
18,sync_6,GPU,4,0.0,0.0
18,sync__,GPU,28,53813.6,1921.9142857142856
18,sync__set,GPU,28,0.0,0.0
18,sync_for_moe_gather,GPU,4,0.0,0.0
18,sync_for_moe_scatter,GPU,4,0.0,0.0
18,up_proj,GPU,8,126111.1,15763.8875
19,AttentionGen,Logic,4,34503.64,8625.91
19,AttentionMerge,GPU,4,0.0,0.0
19,AttentionSplit,GPU,4,0.0,0.0
19,AttentionSum,Logic,4,0.0,0.0
19,Linear,GPU,12,43134.587999999996,3594.5489999999995
19,Linear,Logic,24,373055.7,15543.987500000001
19,MoE_decoder_19,GPU,4,658404.0,164601.0
19,activation,Logic,8,674.9664,84.3708
19,all_reduce,GPU,4,82485.6,20621.4
19,attention,GPU,4,159480.0,39870.0
19,attn_o_proj,GPU,4,17099.16,4274.79
19,attn_qkv_proj,GPU,4,25391.6,6347.9
19,down_proj,GPU,8,124351.9,15543.9875
19,expertFFN,GPU,4,494744.0,123686.0
19,expert_FFN_0,GPU,1,43342.5,43342.5
19,expert_FFN_1,GPU,1,43342.5,43342.5
19,expert_FFN_2,GPU,1,43366.6,43366.6
19,expert_FFN_3,GPU,1,48692.5,48692.5
19,expert_FFN_4,GPU,1,43390.7,43390.7
19,expert_FFN_5,GPU,1,59513.0,59513.0
19,expert_FFN_6,GPU,1,43390.7,43390.7
19,expert_FFN_7,GPU,1,48692.5,48692.5
19,gate_fn,GPU,4,643.828,160.957
19,gate_proj,GPU,8,124351.9,15543.9875
19,gate_update,GPU,4,0.0,0.0
19,input_layer_norm,GPU,4,1044.592,261.148
19,moe_all_reduce_for_e_tp,GPU,4,0.0,0.0
19,moe_all_reduce_for_gather,GPU,4,82485.6,20621.4
19,moe_gather,GPU,4,0.0,0.0
19,moe_route,GPU,4,0.0,0.0
19,moe_scatter,GPU,4,0.0,0.0
19,post_attn_layer_norm,GPU,4,1044.592,261.148
19,residual_1,GPU,4,1044.592,261.148
19,residual_2,GPU,4,1044.592,261.148
19,self_attention,GPU,4,34503.64,8625.91
19,sync_0,GPU,4,0.0,0.0
19,sync_2,GPU,4,37884.1,9471.025
19,sync_3,GPU,4,0.0,0.0
19,sync_5,GPU,4,0.0,0.0
19,sync_6,GPU,4,0.0,0.0
19,sync__,GPU,28,37884.1,1353.0035714285714
19,sync__set,GPU,28,0.0,0.0
19,sync_for_moe_gather,GPU,4,0.0,0.0
19,sync_for_moe_scatter,GPU,4,0.0,0.0
19,up_proj,GPU,8,124351.9,15543.9875
20,AttentionGen,Logic,4,34503.64,8625.91
20,AttentionMerge,GPU,4,0.0,0.0
20,AttentionSplit,GPU,4,0.0,0.0
20,AttentionSum,Logic,4,0.0,0.0
20,Linear,GPU,12,43134.587999999996,3594.5489999999995
20,Linear,Logic,24,399878.4,16661.600000000002
20,MoE_decoder_20,GPU,4,701588.0,175397.0
20,activation,Logic,8,674.9668,84.37085
20,all_reduce,GPU,4,82485.6,20621.4
20,attention,GPU,4,159480.0,39870.0
20,attn_o_proj,GPU,4,17099.16,4274.79
20,attn_qkv_proj,GPU,4,25391.6,6347.9
20,down_proj,GPU,8,133292.8,16661.6
20,expertFFN,GPU,4,537932.0,134483.0
20,expert_FFN_0,GPU,1,48692.5,48692.5
20,expert_FFN_1,GPU,1,43342.5,43342.5
20,expert_FFN_2,GPU,1,43366.6,43366.6
20,expert_FFN_3,GPU,1,70333.6,70333.6
20,expert_FFN_4,GPU,1,48692.5,48692.5
20,expert_FFN_5,GPU,1,43294.3,43294.3
20,expert_FFN_6,GPU,1,59513.0,59513.0
20,expert_FFN_7,GPU,1,43318.4,43318.4
20,gate_fn,GPU,4,643.828,160.957
20,gate_proj,GPU,8,133292.8,16661.6
20,gate_update,GPU,4,0.0,0.0
20,input_layer_norm,GPU,4,1044.592,261.148
20,moe_all_reduce_for_e_tp,GPU,4,0.0,0.0
20,moe_all_reduce_for_gather,GPU,4,82485.6,20621.4
20,moe_gather,GPU,4,0.0,0.0
20,moe_route,GPU,4,0.0,0.0
20,moe_scatter,GPU,4,0.0,0.0
20,post_attn_layer_norm,GPU,4,1044.592,261.148
20,residual_1,GPU,4,1044.592,261.148
20,residual_2,GPU,4,1044.592,261.148
20,self_attention,GPU,4,34503.64,8625.91
20,sync_0,GPU,4,0.0,0.0
20,sync_2,GPU,4,54247.4,13561.85
20,sync_3,GPU,4,0.0,0.0
20,sync_5,GPU,4,0.0,0.0
20,sync_6,GPU,4,0.0,0.0
20,sync__,GPU,28,54247.4,1937.4071428571428
20,sync__set,GPU,28,0.0,0.0
20,sync_for_moe_gather,GPU,4,0.0,0.0
20,sync_for_moe_scatter,GPU,4,0.0,0.0
20,up_proj,GPU,8,133292.8,16661.6
21,AttentionGen,Logic,4,34503.64,8625.91
21,AttentionMerge,GPU,4,0.0,0.0
21,AttentionSplit,GPU,4,0.0,0.0
21,AttentionSum,Logic,4,0.0,0.0
21,Linear,GPU,12,43134.587999999996,3594.5489999999995
21,Linear,Logic,24,399986.39999999997,16666.1
21,MoE_decoder_21,GPU,4,701588.0,175397.0
21,activation,Logic,8,674.9663,84.3707875
21,all_reduce,GPU,4,82485.6,20621.4
21,attention,GPU,4,159480.0,39870.0
21,attn_o_proj,GPU,4,17099.16,4274.79
21,attn_qkv_proj,GPU,4,25391.6,6347.9
21,down_proj,GPU,8,133328.8,16666.1
21,expertFFN,GPU,4,537932.0,134483.0
21,expert_FFN_0,GPU,1,43270.2,43270.2
21,expert_FFN_1,GPU,1,59513.0,59513.0
21,expert_FFN_2,GPU,1,43366.6,43366.6
21,expert_FFN_3,GPU,1,54102.8,54102.8
21,expert_FFN_4,GPU,1,43366.6,43366.6
21,expert_FFN_5,GPU,1,43342.5,43342.5
21,expert_FFN_6,GPU,1,70333.6,70333.6
21,expert_FFN_7,GPU,1,43366.6,43366.6
21,gate_fn,GPU,4,643.828,160.957
21,gate_proj,GPU,8,133328.8,16666.1
21,gate_update,GPU,4,0.0,0.0
21,input_layer_norm,GPU,4,1044.592,261.148
21,moe_all_reduce_for_e_tp,GPU,4,0.0,0.0
21,moe_all_reduce_for_gather,GPU,4,82485.6,20621.4
21,moe_gather,GPU,4,0.0,0.0
21,moe_route,GPU,4,0.0,0.0
21,moe_scatter,GPU,4,0.0,0.0
21,post_attn_layer_norm,GPU,4,1044.592,261.148
21,residual_1,GPU,4,1044.592,261.148
21,residual_2,GPU,4,1044.592,261.148
21,self_attention,GPU,4,34503.64,8625.91
21,sync_0,GPU,4,0.0,0.0
21,sync_2,GPU,4,54138.899999999994,13534.724999999999
21,sync_3,GPU,4,0.0,0.0
21,sync_5,GPU,4,0.0,0.0
21,sync_6,GPU,4,0.0,0.0
21,sync__,GPU,28,54138.899999999994,1933.5321428571426
21,sync__set,GPU,28,0.0,0.0
21,sync_for_moe_gather,GPU,4,0.0,0.0
21,sync_for_moe_scatter,GPU,4,0.0,0.0
21,up_proj,GPU,8,133328.8,16666.1
22,AttentionGen,Logic,4,34503.64,8625.91
22,AttentionMerge,GPU,4,0.0,0.0
22,AttentionSplit,GPU,4,0.0,0.0
22,AttentionSum,Logic,4,0.0,0.0
22,Linear,GPU,12,43134.587999999996,3594.5489999999995
22,Linear,Logic,24,362391.6,15099.65
22,MoE_decoder_22,GPU,4,657968.0,164492.0
22,activation,Logic,8,674.9658000000001,84.37072500000001
22,all_reduce,GPU,4,82485.6,20621.4
22,attention,GPU,4,159480.0,39870.0
22,attn_o_proj,GPU,4,17099.16,4274.79
22,attn_qkv_proj,GPU,4,25391.6,6347.9
22,down_proj,GPU,8,120797.2,15099.65
22,expertFFN,GPU,4,494312.0,123578.0
22,expert_FFN_0,GPU,1,43390.7,43390.7
22,expert_FFN_1,GPU,1,43390.7,43390.7
22,expert_FFN_2,GPU,1,43390.7,43390.7
22,expert_FFN_3,GPU,1,43390.7,43390.7
22,expert_FFN_4,GPU,1,48692.5,48692.5
22,expert_FFN_5,GPU,1,54102.8,54102.8
22,expert_FFN_6,GPU,1,43390.7,43390.7
22,expert_FFN_7,GPU,1,43318.4,43318.4
22,gate_fn,GPU,4,643.828,160.957
22,gate_proj,GPU,8,120797.2,15099.65
22,gate_update,GPU,4,0.0,0.0
22,input_layer_norm,GPU,4,1044.592,261.148
22,moe_all_reduce_for_e_tp,GPU,4,0.0,0.0
22,moe_all_reduce_for_gather,GPU,4,82485.6,20621.4
22,moe_gather,GPU,4,0.0,0.0
22,moe_route,GPU,4,0.0,0.0
22,moe_scatter,GPU,4,0.0,0.0
22,post_attn_layer_norm,GPU,4,1044.592,261.148
22,residual_1,GPU,4,1044.592,261.148
22,residual_2,GPU,4,1044.592,261.148
22,self_attention,GPU,4,34503.64,8625.91
22,sync_0,GPU,4,0.0,0.0
22,sync_2,GPU,4,48114.0,12028.5
22,sync_3,GPU,4,0.0,0.0
22,sync_5,GPU,4,0.0,0.0
22,sync_6,GPU,4,0.0,0.0
22,sync__,GPU,28,48114.0,1718.357142857143
22,sync__set,GPU,28,0.0,0.0
22,sync_for_moe_gather,GPU,4,0.0,0.0
22,sync_for_moe_scatter,GPU,4,0.0,0.0
22,up_proj,GPU,8,120797.2,15099.65
23,AttentionGen,Logic,4,34503.64,8625.91
23,AttentionMerge,GPU,4,0.0,0.0
23,AttentionSplit,GPU,4,0.0,0.0
23,AttentionSum,Logic,4,0.0,0.0
23,Linear,GPU,12,43134.587999999996,3594.5489999999995
23,Linear,Logic,24,383828.1,15992.8375
23,MoE_decoder_23,GPU,4,679948.0,169987.0
23,activation,Logic,8,674.9655,84.3706875
23,all_reduce,GPU,4,82485.6,20621.4
23,attention,GPU,4,159480.0,39870.0
23,attn_o_proj,GPU,4,17099.16,4274.79
23,attn_qkv_proj,GPU,4,25391.6,6347.9
23,down_proj,GPU,8,127942.7,15992.8375
23,expertFFN,GPU,4,516288.0,129072.0
23,expert_FFN_0,GPU,1,43366.6,43366.6
23,expert_FFN_1,GPU,1,43294.3,43294.3
23,expert_FFN_2,GPU,1,54102.8,54102.8
23,expert_FFN_3,GPU,1,43366.6,43366.6
23,expert_FFN_4,GPU,1,43366.6,43366.6
23,expert_FFN_5,GPU,1,64923.3,64923.3
23,expert_FFN_6,GPU,1,48692.5,48692.5
23,expert_FFN_7,GPU,1,43390.7,43390.7
23,gate_fn,GPU,4,643.828,160.957
23,gate_proj,GPU,8,127942.7,15992.8375
23,gate_update,GPU,4,0.0,0.0
23,input_layer_norm,GPU,4,1044.592,261.148
23,moe_all_reduce_for_e_tp,GPU,4,0.0,0.0
23,moe_all_reduce_for_gather,GPU,4,82485.6,20621.4
23,moe_gather,GPU,4,0.0,0.0
23,moe_route,GPU,4,0.0,0.0
23,moe_scatter,GPU,4,0.0,0.0
23,post_attn_layer_norm,GPU,4,1044.592,261.148
23,residual_1,GPU,4,1044.592,261.148
23,residual_2,GPU,4,1044.592,261.148
23,self_attention,GPU,4,34503.64,8625.91
23,sync_0,GPU,4,0.0,0.0
23,sync_2,GPU,4,48656.3,12164.075
23,sync_3,GPU,4,0.0,0.0
23,sync_5,GPU,4,0.0,0.0
23,sync_6,GPU,4,0.0,0.0
23,sync__,GPU,28,48656.3,1737.7250000000001
23,sync__set,GPU,28,0.0,0.0
23,sync_for_moe_gather,GPU,4,0.0,0.0
23,sync_for_moe_scatter,GPU,4,0.0,0.0
23,up_proj,GPU,8,127942.7,15992.8375
24,AttentionGen,Logic,4,34503.64,8625.91
24,AttentionMerge,GPU,4,0.0,0.0
24,AttentionSplit,GPU,4,0.0,0.0
24,AttentionSum,Logic,4,0.0,0.0
24,Linear,GPU,12,43134.587999999996,3594.5489999999995
24,Linear,Logic,24,378333.6,15763.9
24,MoE_decoder_24,GPU,4,679612.0,169903.0
24,activation,Logic,8,674.9653,84.3706625
24,all_reduce,GPU,4,82485.6,20621.4
24,attention,GPU,4,159480.0,39870.0
24,attn_o_proj,GPU,4,17099.16,4274.79
24,attn_qkv_proj,GPU,4,25391.6,6347.9
24,down_proj,GPU,8,126111.2,15763.9
24,expertFFN,GPU,4,515952.0,128988.0
24,expert_FFN_0,GPU,1,54102.8,54102.8
24,expert_FFN_1,GPU,1,54102.8,54102.8
24,expert_FFN_2,GPU,1,48692.5,48692.5
24,expert_FFN_3,GPU,1,43342.5,43342.5
24,expert_FFN_4,GPU,1,43342.5,43342.5
24,expert_FFN_5,GPU,1,43390.7,43390.7
24,expert_FFN_6,GPU,1,48692.5,48692.5
24,expert_FFN_7,GPU,1,43342.5,43342.5
24,gate_fn,GPU,4,643.828,160.957
24,gate_proj,GPU,8,126111.2,15763.9
24,gate_update,GPU,4,0.0,0.0
24,input_layer_norm,GPU,4,1044.592,261.148
24,moe_all_reduce_for_e_tp,GPU,4,0.0,0.0
24,moe_all_reduce_for_gather,GPU,4,82485.6,20621.4
24,moe_gather,GPU,4,0.0,0.0
24,moe_route,GPU,4,0.0,0.0
24,moe_scatter,GPU,4,0.0,0.0
24,post_attn_layer_norm,GPU,4,1044.592,261.148
24,residual_1,GPU,4,1044.592,261.148
24,residual_2,GPU,4,1044.592,261.148
24,self_attention,GPU,4,34503.64,8625.91
24,sync_0,GPU,4,0.0,0.0
24,sync_2,GPU,4,53813.6,13453.4
24,sync_3,GPU,4,0.0,0.0
24,sync_5,GPU,4,0.0,0.0
24,sync_6,GPU,4,0.0,0.0
24,sync__,GPU,28,53813.6,1921.9142857142856
24,sync__set,GPU,28,0.0,0.0
24,sync_for_moe_gather,GPU,4,0.0,0.0
24,sync_for_moe_scatter,GPU,4,0.0,0.0
24,up_proj,GPU,8,126111.2,15763.9
25,AttentionGen,Logic,4,34503.64,8625.91
25,AttentionMerge,GPU,4,0.0,0.0
25,AttentionSplit,GPU,4,0.0,0.0
25,AttentionSum,Logic,4,0.0,0.0
25,Linear,GPU,12,43134.587999999996,3594.5489999999995
25,Linear,Logic,24,400095.3,16670.6375
25,MoE_decoder_25,GPU,4,766512.0,191628.0
25,activation,Logic,8,674.9661,84.3707625
25,all_reduce,GPU,4,82485.6,20621.4
25,attention,GPU,4,159480.0,39870.0
25,attn_o_proj,GPU,4,17099.16,4274.79
25,attn_qkv_proj,GPU,4,25391.6,6347.9
25,down_proj,GPU,8,133365.1,16670.6375
25,expertFFN,GPU,4,602852.0,150713.0
25,expert_FFN_0,GPU,1,43366.6,43366.6
25,expert_FFN_1,GPU,1,86564.4,86564.4
25,expert_FFN_2,GPU,1,43318.4,43318.4
25,expert_FFN_3,GPU,1,43318.4,43318.4
25,expert_FFN_4,GPU,1,43390.7,43390.7
25,expert_FFN_5,GPU,1,43366.6,43366.6
25,expert_FFN_6,GPU,1,54102.8,54102.8
25,expert_FFN_7,GPU,1,43342.5,43342.5
25,gate_fn,GPU,4,643.828,160.957
25,gate_proj,GPU,8,133365.1,16670.6375
25,gate_update,GPU,4,0.0,0.0
25,input_layer_norm,GPU,4,1044.592,261.148
25,moe_all_reduce_for_e_tp,GPU,4,0.0,0.0
25,moe_all_reduce_for_gather,GPU,4,82485.6,20621.4
25,moe_gather,GPU,4,0.0,0.0
25,moe_route,GPU,4,0.0,0.0
25,moe_scatter,GPU,4,0.0,0.0
25,post_attn_layer_norm,GPU,4,1044.592,261.148
25,residual_1,GPU,4,1044.592,261.148
25,residual_2,GPU,4,1044.592,261.148
25,self_attention,GPU,4,34503.64,8625.91
25,sync_0,GPU,4,0.0,0.0
25,sync_2,GPU,4,118953.8,29738.45
25,sync_3,GPU,4,0.0,0.0
25,sync_5,GPU,4,0.0,0.0
25,sync_6,GPU,4,0.0,0.0
25,sync__,GPU,28,118953.8,4248.35
25,sync__set,GPU,28,0.0,0.0
25,sync_for_moe_gather,GPU,4,0.0,0.0
25,sync_for_moe_scatter,GPU,4,0.0,0.0
25,up_proj,GPU,8,133365.1,16670.6375
26,AttentionGen,Logic,4,34503.64,8625.91
26,AttentionMerge,GPU,4,0.0,0.0
26,AttentionSplit,GPU,4,0.0,0.0
26,AttentionSum,Logic,4,0.0,0.0
26,Linear,GPU,12,43134.587999999996,3594.5489999999995
26,Linear,Logic,24,399986.7,16666.1125
26,MoE_decoder_26,GPU,4,787816.0,196954.0
26,activation,Logic,8,674.9665,84.3708125
26,all_reduce,GPU,4,82485.6,20621.4
26,attention,GPU,4,159480.0,39870.0
26,attn_o_proj,GPU,4,17099.16,4274.79
26,attn_qkv_proj,GPU,4,25391.6,6347.9
26,down_proj,GPU,8,133328.9,16666.1125
26,expertFFN,GPU,4,624156.0,156039.0
26,expert_FFN_0,GPU,1,64923.3,64923.3
26,expert_FFN_1,GPU,1,70333.6,70333.6
26,expert_FFN_2,GPU,1,48692.5,48692.5
26,expert_FFN_3,GPU,1,43294.3,43294.3
26,expert_FFN_4,GPU,1,43342.5,43342.5
26,expert_FFN_5,GPU,1,43318.4,43318.4
26,expert_FFN_6,GPU,1,43366.6,43366.6
26,expert_FFN_7,GPU,1,43390.7,43390.7
26,gate_fn,GPU,4,643.828,160.957
26,gate_proj,GPU,8,133328.9,16666.1125
26,gate_update,GPU,4,0.0,0.0
26,input_layer_norm,GPU,4,1044.592,261.148
26,moe_all_reduce_for_e_tp,GPU,4,0.0,0.0
26,moe_all_reduce_for_gather,GPU,4,82485.6,20621.4
26,moe_gather,GPU,4,0.0,0.0
26,moe_route,GPU,4,0.0,0.0
26,moe_scatter,GPU,4,0.0,0.0
26,post_attn_layer_norm,GPU,4,1044.592,261.148
26,residual_1,GPU,4,1044.592,261.148
26,residual_2,GPU,4,1044.592,261.148
26,self_attention,GPU,4,34503.64,8625.91
26,sync_0,GPU,4,0.0,0.0
26,sync_2,GPU,4,140365.9,35091.475
26,sync_3,GPU,4,0.0,0.0
26,sync_5,GPU,4,0.0,0.0
26,sync_6,GPU,4,0.0,0.0
26,sync__,GPU,28,140365.9,5013.067857142857
26,sync__set,GPU,28,0.0,0.0
26,sync_for_moe_gather,GPU,4,0.0,0.0
26,sync_for_moe_scatter,GPU,4,0.0,0.0
26,up_proj,GPU,8,133328.9,16666.1125
27,AttentionGen,Logic,4,34503.64,8625.91
27,AttentionMerge,GPU,4,0.0,0.0
27,AttentionSplit,GPU,4,0.0,0.0
27,AttentionSum,Logic,4,0.0,0.0
27,Linear,GPU,12,43134.587999999996,3594.5489999999995
27,Linear,Logic,24,373055.7,15543.987500000001
27,MoE_decoder_27,GPU,4,636568.0,159142.0
27,activation,Logic,8,674.9653,84.3706625
27,all_reduce,GPU,4,82485.6,20621.4
27,attention,GPU,4,159480.0,39870.0
27,attn_o_proj,GPU,4,17099.16,4274.79
27,attn_qkv_proj,GPU,4,25391.6,6347.9
27,down_proj,GPU,8,124351.9,15543.9875
27,expertFFN,GPU,4,472912.0,118228.0
27,expert_FFN_0,GPU,1,43318.4,43318.4
27,expert_FFN_1,GPU,1,54102.8,54102.8
27,expert_FFN_2,GPU,1,54102.8,54102.8
27,expert_FFN_3,GPU,1,43342.5,43342.5
27,expert_FFN_4,GPU,1,43390.7,43390.7
27,expert_FFN_5,GPU,1,48692.5,48692.5
27,expert_FFN_6,GPU,1,43390.7,43390.7
27,expert_FFN_7,GPU,1,43390.7,43390.7
27,gate_fn,GPU,4,643.828,160.957
27,gate_proj,GPU,8,124351.9,15543.9875
27,gate_update,GPU,4,0.0,0.0
27,input_layer_norm,GPU,4,1044.592,261.148
27,moe_all_reduce_for_e_tp,GPU,4,0.0,0.0
27,moe_all_reduce_for_gather,GPU,4,82485.6,20621.4
27,moe_gather,GPU,4,0.0,0.0
27,moe_route,GPU,4,0.0,0.0
27,moe_scatter,GPU,4,0.0,0.0
27,post_attn_layer_norm,GPU,4,1044.592,261.148
27,residual_1,GPU,4,1044.592,261.148
27,residual_2,GPU,4,1044.592,261.148
27,self_attention,GPU,4,34503.64,8625.91
27,sync_0,GPU,4,0.0,0.0
27,sync_2,GPU,4,16050.0659,4012.516475
27,sync_3,GPU,4,0.0,0.0
27,sync_5,GPU,4,0.0,0.0
27,sync_6,GPU,4,0.0,0.0
27,sync__,GPU,28,16050.0659,573.2166392857142
27,sync__set,GPU,28,0.0,0.0
27,sync_for_moe_gather,GPU,4,0.0,0.0
27,sync_for_moe_scatter,GPU,4,0.0,0.0
27,up_proj,GPU,8,124351.9,15543.9875
28,AttentionGen,Logic,4,34503.64,8625.91
28,AttentionMerge,GPU,4,0.0,0.0
28,AttentionSplit,GPU,4,0.0,0.0
28,AttentionSum,Logic,4,0.0,0.0
28,Linear,GPU,12,43134.587999999996,3594.5489999999995
28,Linear,Logic,24,367669.5,15319.5625
28,MoE_decoder_28,GPU,4,657968.0,164492.0
28,activation,Logic,8,674.9657,84.3707125
28,all_reduce,GPU,4,82485.6,20621.4
28,attention,GPU,4,159480.0,39870.0
28,attn_o_proj,GPU,4,17099.16,4274.79
28,attn_qkv_proj,GPU,4,25391.6,6347.9
28,down_proj,GPU,8,122556.5,15319.5625
28,expertFFN,GPU,4,494312.0,123578.0
28,expert_FFN_0,GPU,1,48692.5,48692.5
28,expert_FFN_1,GPU,1,54102.8,54102.8
28,expert_FFN_2,GPU,1,43366.6,43366.6
28,expert_FFN_3,GPU,1,43390.7,43390.7
28,expert_FFN_4,GPU,1,43390.7,43390.7
28,expert_FFN_5,GPU,1,43366.6,43366.6
28,expert_FFN_6,GPU,1,43342.5,43342.5
28,expert_FFN_7,GPU,1,48692.5,48692.5
28,gate_fn,GPU,4,643.828,160.957
28,gate_proj,GPU,8,122556.5,15319.5625
28,gate_update,GPU,4,0.0,0.0
28,input_layer_norm,GPU,4,1044.592,261.148
28,moe_all_reduce_for_e_tp,GPU,4,0.0,0.0
28,moe_all_reduce_for_gather,GPU,4,82485.6,20621.4
28,moe_gather,GPU,4,0.0,0.0
28,moe_route,GPU,4,0.0,0.0
28,moe_scatter,GPU,4,0.0,0.0
28,post_attn_layer_norm,GPU,4,1044.592,261.148
28,residual_1,GPU,4,1044.592,261.148
28,residual_2,GPU,4,1044.592,261.148
28,self_attention,GPU,4,34503.64,8625.91
28,sync_0,GPU,4,0.0,0.0
28,sync_2,GPU,4,42836.3,10709.075
28,sync_3,GPU,4,0.0,0.0
28,sync_5,GPU,4,0.0,0.0
28,sync_6,GPU,4,0.0,0.0
28,sync__,GPU,28,42836.3,1529.8678571428572
28,sync__set,GPU,28,0.0,0.0
28,sync_for_moe_gather,GPU,4,0.0,0.0
28,sync_for_moe_scatter,GPU,4,0.0,0.0
28,up_proj,GPU,8,122556.5,15319.5625
29,AttentionGen,Logic,4,34503.64,8625.91
29,AttentionMerge,GPU,4,0.0,0.0
29,AttentionSplit,GPU,4,0.0,0.0
29,AttentionSum,Logic,4,0.0,0.0
29,Linear,GPU,12,43134.587999999996,3594.5489999999995
29,Linear,Logic,24,378550.2,15772.925000000001
29,MoE_decoder_29,GPU,4,722892.0,180723.0
29,activation,Logic,8,674.9656,84.3707
29,all_reduce,GPU,4,82485.6,20621.4
29,attention,GPU,4,159480.0,39870.0
29,attn_o_proj,GPU,4,17099.16,4274.79
29,attn_qkv_proj,GPU,4,25391.6,6347.9
29,down_proj,GPU,8,126183.4,15772.925
29,expertFFN,GPU,4,559232.0,139808.0
29,expert_FFN_0,GPU,1,43390.7,43390.7
29,expert_FFN_1,GPU,1,43342.5,43342.5
29,expert_FFN_2,GPU,1,64923.3,64923.3
29,expert_FFN_3,GPU,1,54102.8,54102.8
29,expert_FFN_4,GPU,1,43342.5,43342.5
29,expert_FFN_5,GPU,1,43390.7,43390.7
29,expert_FFN_6,GPU,1,43366.6,43366.6
29,expert_FFN_7,GPU,1,43366.6,43366.6
29,gate_fn,GPU,4,643.828,160.957
29,gate_proj,GPU,8,126183.4,15772.925
29,gate_update,GPU,4,0.0,0.0
29,input_layer_norm,GPU,4,1044.592,261.148
29,moe_all_reduce_for_e_tp,GPU,4,0.0,0.0
29,moe_all_reduce_for_gather,GPU,4,82485.6,20621.4
29,moe_gather,GPU,4,0.0,0.0
29,moe_route,GPU,4,0.0,0.0
29,moe_scatter,GPU,4,0.0,0.0
29,post_attn_layer_norm,GPU,4,1044.592,261.148
29,residual_1,GPU,4,1044.592,261.148
29,residual_2,GPU,4,1044.592,261.148
29,self_attention,GPU,4,34503.64,8625.91
29,sync_0,GPU,4,0.0,0.0
29,sync_2,GPU,4,96878.70000000001,24219.675000000003
29,sync_3,GPU,4,0.0,0.0
29,sync_5,GPU,4,0.0,0.0
29,sync_6,GPU,4,0.0,0.0
29,sync__,GPU,28,96878.70000000001,3459.9535714285716
29,sync__set,GPU,28,0.0,0.0
29,sync_for_moe_gather,GPU,4,0.0,0.0
29,sync_for_moe_scatter,GPU,4,0.0,0.0
29,up_proj,GPU,8,126183.4,15772.925
30,AttentionGen,Logic,4,34503.64,8625.91
30,AttentionMerge,GPU,4,0.0,0.0
30,AttentionSplit,GPU,4,0.0,0.0
30,AttentionSum,Logic,4,0.0,0.0
30,Linear,GPU,12,43134.587999999996,3594.5489999999995
30,Linear,Logic,24,389214.3,16217.262499999999
30,MoE_decoder_30,GPU,4,679852.0,169963.0
30,activation,Logic,8,674.9661,84.3707625
30,all_reduce,GPU,4,82485.6,20621.4
30,attention,GPU,4,159480.0,39870.0
30,attn_o_proj,GPU,4,17099.16,4274.79
30,attn_qkv_proj,GPU,4,25391.6,6347.9
30,down_proj,GPU,8,129738.1,16217.2625
30,expertFFN,GPU,4,516192.0,129048.0
30,expert_FFN_0,GPU,1,64923.3,64923.3
30,expert_FFN_1,GPU,1,43342.5,43342.5
30,expert_FFN_2,GPU,1,43318.4,43318.4
30,expert_FFN_3,GPU,1,43366.6,43366.6
30,expert_FFN_4,GPU,1,43366.6,43366.6
30,expert_FFN_5,GPU,1,48692.5,48692.5
30,expert_FFN_6,GPU,1,43366.6,43366.6
30,expert_FFN_7,GPU,1,59513.0,59513.0
30,gate_fn,GPU,4,643.828,160.957
30,gate_proj,GPU,8,129738.1,16217.2625
30,gate_update,GPU,4,0.0,0.0
30,input_layer_norm,GPU,4,1044.592,261.148
30,moe_all_reduce_for_e_tp,GPU,4,0.0,0.0
30,moe_all_reduce_for_gather,GPU,4,82485.6,20621.4
30,moe_gather,GPU,4,0.0,0.0
30,moe_route,GPU,4,0.0,0.0
30,moe_scatter,GPU,4,0.0,0.0
30,post_attn_layer_norm,GPU,4,1044.592,261.148
30,residual_1,GPU,4,1044.592,261.148
30,residual_2,GPU,4,1044.592,261.148
30,self_attention,GPU,4,34503.64,8625.91
30,sync_0,GPU,4,0.0,0.0
30,sync_2,GPU,4,43173.67,10793.4175
30,sync_3,GPU,4,0.0,0.0
30,sync_5,GPU,4,0.0,0.0
30,sync_6,GPU,4,0.0,0.0
30,sync__,GPU,28,43173.67,1541.9167857142857
30,sync__set,GPU,28,0.0,0.0
30,sync_for_moe_gather,GPU,4,0.0,0.0
30,sync_for_moe_scatter,GPU,4,0.0,0.0
30,up_proj,GPU,8,129738.1,16217.2625
31,AttentionGen,Logic,4,34503.64,8625.91
31,AttentionMerge,GPU,4,0.0,0.0
31,AttentionSplit,GPU,4,0.0,0.0
31,AttentionSum,Logic,4,0.0,0.0
31,Linear,GPU,12,43134.587999999996,3594.5489999999995
31,Linear,Logic,24,389214.3,16217.262499999999
31,MoE_decoder_31,GPU,4,679852.0,169963.0
31,activation,Logic,8,674.9662,84.370775
31,all_reduce,GPU,4,82485.6,20621.4
31,attention,GPU,4,159480.0,39870.0
31,attn_o_proj,GPU,4,17099.16,4274.79
31,attn_qkv_proj,GPU,4,25391.6,6347.9
31,down_proj,GPU,8,129738.1,16217.2625
31,expertFFN,GPU,4,516192.0,129048.0
31,expert_FFN_0,GPU,1,43366.6,43366.6
31,expert_FFN_1,GPU,1,48692.5,48692.5
31,expert_FFN_2,GPU,1,43342.5,43342.5
31,expert_FFN_3,GPU,1,43342.5,43342.5
31,expert_FFN_4,GPU,1,64923.3,64923.3
31,expert_FFN_5,GPU,1,43342.5,43342.5
31,expert_FFN_6,GPU,1,43366.6,43366.6
31,expert_FFN_7,GPU,1,59513.0,59513.0
31,gate_fn,GPU,4,643.828,160.957
31,gate_proj,GPU,8,129738.1,16217.2625
31,gate_update,GPU,4,0.0,0.0
31,input_layer_norm,GPU,4,1044.592,261.148
31,moe_all_reduce_for_e_tp,GPU,4,0.0,0.0
31,moe_all_reduce_for_gather,GPU,4,82485.6,20621.4
31,moe_gather,GPU,4,0.0,0.0
31,moe_route,GPU,4,0.0,0.0
31,moe_scatter,GPU,4,0.0,0.0
31,post_attn_layer_norm,GPU,4,1044.592,261.148
31,residual_1,GPU,4,1044.592,261.148
31,residual_2,GPU,4,1044.592,261.148
31,self_attention,GPU,4,34503.64,8625.91
31,sync_0,GPU,4,0.0,0.0
31,sync_2,GPU,4,43173.67,10793.4175
31,sync_3,GPU,4,0.0,0.0
31,sync_5,GPU,4,0.0,0.0
31,sync_6,GPU,4,0.0,0.0
31,sync__,GPU,28,43173.67,1541.9167857142857
31,sync__set,GPU,28,0.0,0.0
31,sync_for_moe_gather,GPU,4,0.0,0.0
31,sync_for_moe_scatter,GPU,4,0.0,0.0
31,up_proj,GPU,8,129738.1,16217.2625
