request_id,decode_step,layer_id,token_id,topk_rank,expert_id
40016,128,0,128,1,1
40016,128,0,128,2,5
40017,128,0,128,1,1
40017,128,0,128,2,2
40018,128,0,128,1,0
40018,128,0,128,2,5
40019,128,0,128,1,1
40019,128,0,128,2,3
40016,128,1,128,1,4
40016,128,1,128,2,6
40017,128,1,128,1,4
40017,128,1,128,2,7
40018,128,1,128,1,5
40018,128,1,128,2,6
40019,128,1,128,1,6
40019,128,1,128,2,7
40016,128,2,128,1,2
40016,128,2,128,2,3
40017,128,2,128,1,2
40017,128,2,128,2,5
40018,128,2,128,1,0
40018,128,2,128,2,3
40019,128,2,128,1,0
40019,128,2,128,2,4
40016,128,3,128,1,3
40016,128,3,128,2,4
40017,128,3,128,1,2
40017,128,3,128,2,7
40018,128,3,128,1,5
40018,128,3,128,2,7
40019,128,3,128,1,3
40019,128,3,128,2,5
40016,128,4,128,1,4
40016,128,4,128,2,7
40017,128,4,128,1,2
40017,128,4,128,2,6
40018,128,4,128,1,0
40018,128,4,128,2,2
40019,128,4,128,1,1
40019,128,4,128,2,6
40016,128,5,128,1,1
40016,128,5,128,2,7
40017,128,5,128,1,1
40017,128,5,128,2,3
40018,128,5,128,1,1
40018,128,5,128,2,4
40019,128,5,128,1,1
40019,128,5,128,2,4
40016,128,6,128,1,1
40016,128,6,128,2,7
40017,128,6,128,1,0
40017,128,6,128,2,4
40018,128,6,128,1,0
40018,128,6,128,2,2
40019,128,6,128,1,1
40019,128,6,128,2,4
40016,128,7,128,1,6
40016,128,7,128,2,7
40017,128,7,128,1,0
40017,128,7,128,2,1
40018,128,7,128,1,4
40018,128,7,128,2,7
40019,128,7,128,1,0
40019,128,7,128,2,4
40016,128,8,128,1,4
40016,128,8,128,2,6
40017,128,8,128,1,4
40017,128,8,128,2,6
40018,128,8,128,1,0
40018,128,8,128,2,4
40019,128,8,128,1,4
40019,128,8,128,2,6
40016,128,9,128,1,6
40016,128,9,128,2,7
40017,128,9,128,1,0
40017,128,9,128,2,4
40018,128,9,128,1,2
40018,128,9,128,2,4
40019,128,9,128,1,4
40019,128,9,128,2,6
40016,128,10,128,1,2
40016,128,10,128,2,5
40017,128,10,128,1,3
40017,128,10,128,2,7
40018,128,10,128,1,4
40018,128,10,128,2,6
40019,128,10,128,1,0
40019,128,10,128,2,1
40016,128,11,128,1,4
40016,128,11,128,2,7
40017,128,11,128,1,4
40017,128,11,128,2,7
40018,128,11,128,1,3
40018,128,11,128,2,4
40019,128,11,128,1,2
40019,128,11,128,2,6
40016,128,12,128,1,0
40016,128,12,128,2,7
40017,128,12,128,1,2
40017,128,12,128,2,5
40018,128,12,128,1,0
40018,128,12,128,2,2
40019,128,12,128,1,2
40019,128,12,128,2,5
40016,128,13,128,1,2
40016,128,13,128,2,3
40017,128,13,128,1,0
40017,128,13,128,2,7
40018,128,13,128,1,3
40018,128,13,128,2,7
40019,128,13,128,1,0
40019,128,13,128,2,7
40016,128,14,128,1,2
40016,128,14,128,2,3
40017,128,14,128,1,2
40017,128,14,128,2,4
40018,128,14,128,1,2
40018,128,14,128,2,7
40019,128,14,128,1,0
40019,128,14,128,2,3
40016,128,15,128,1,0
40016,128,15,128,2,3
40017,128,15,128,1,5
40017,128,15,128,2,6
40018,128,15,128,1,1
40018,128,15,128,2,6
40019,128,15,128,1,3
40019,128,15,128,2,6
40016,128,16,128,1,4
40016,128,16,128,2,5
40017,128,16,128,1,0
40017,128,16,128,2,2
40018,128,16,128,1,0
40018,128,16,128,2,5
40019,128,16,128,1,0
40019,128,16,128,2,7
40016,128,17,128,1,0
40016,128,17,128,2,2
40017,128,17,128,1,6
40017,128,17,128,2,7
40018,128,17,128,1,2
40018,128,17,128,2,7
40019,128,17,128,1,0
40019,128,17,128,2,2
40016,128,18,128,1,1
40016,128,18,128,2,6
40017,128,18,128,1,5
40017,128,18,128,2,6
40018,128,18,128,1,5
40018,128,18,128,2,6
40019,128,18,128,1,2
40019,128,18,128,2,6
40016,128,19,128,1,0
40016,128,19,128,2,4
40017,128,19,128,1,0
40017,128,19,128,2,3
40018,128,19,128,1,4
40018,128,19,128,2,6
40019,128,19,128,1,0
40019,128,19,128,2,6
40016,128,20,128,1,6
40016,128,20,128,2,7
40017,128,20,128,1,1
40017,128,20,128,2,4
40018,128,20,128,1,2
40018,128,20,128,2,6
40019,128,20,128,1,2
40019,128,20,128,2,7
40016,128,21,128,1,4
40016,128,21,128,2,7
40017,128,21,128,1,6
40017,128,21,128,2,7
40018,128,21,128,1,6
40018,128,21,128,2,7
40019,128,21,128,1,0
40019,128,21,128,2,2
40016,128,22,128,1,3
40016,128,22,128,2,7
40017,128,22,128,1,2
40017,128,22,128,2,7
40018,128,22,128,1,1
40018,128,22,128,2,3
40019,128,22,128,1,1
40019,128,22,128,2,5
40016,128,23,128,1,0
40016,128,23,128,2,3
40017,128,23,128,1,1
40017,128,23,128,2,7
40018,128,23,128,1,5
40018,128,23,128,2,6
40019,128,23,128,1,1
40019,128,23,128,2,3
40016,128,24,128,1,0
40016,128,24,128,2,3
40017,128,24,128,1,4
40017,128,24,128,2,5
40018,128,24,128,1,4
40018,128,24,128,2,6
40019,128,24,128,1,3
40019,128,24,128,2,4
40016,128,25,128,1,5
40016,128,25,128,2,6
40017,128,25,128,1,1
40017,128,25,128,2,3
40018,128,25,128,1,0
40018,128,25,128,2,5
40019,128,25,128,1,2
40019,128,25,128,2,4
40016,128,26,128,1,4
40016,128,26,128,2,7
40017,128,26,128,1,2
40017,128,26,128,2,5
40018,128,26,128,1,2
40018,128,26,128,2,3
40019,128,26,128,1,5
40019,128,26,128,2,6
40016,128,27,128,1,3
40016,128,27,128,2,4
40017,128,27,128,1,0
40017,128,27,128,2,4
40018,128,27,128,1,3
40018,128,27,128,2,7
40019,128,27,128,1,4
40019,128,27,128,2,6
40016,128,28,128,1,0
40016,128,28,128,2,1
40017,128,28,128,1,1
40017,128,28,128,2,6
40018,128,28,128,1,4
40018,128,28,128,2,6
40019,128,28,128,1,3
40019,128,28,128,2,4
40016,128,29,128,1,3
40016,128,29,128,2,6
40017,128,29,128,1,0
40017,128,29,128,2,7
40018,128,29,128,1,4
40018,128,29,128,2,6
40019,128,29,128,1,6
40019,128,29,128,2,7
40016,128,30,128,1,3
40016,128,30,128,2,6
40017,128,30,128,1,0
40017,128,30,128,2,3
40018,128,30,128,1,5
40018,128,30,128,2,7
40019,128,30,128,1,0
40019,128,30,128,2,1
40016,128,31,128,1,4
40016,128,31,128,2,6
40017,128,31,128,1,0
40017,128,31,128,2,7
40018,128,31,128,1,0
40018,128,31,128,2,1
40019,128,31,128,1,2
40019,128,31,128,2,3
