request_id,layer_id,expert_id,weight_tensor,size_bytes,start,end,duration,memory_source,memory_destination,cache_hit_or_miss
0,1,1,A,352321536,32603.1,1.01405e+06,981447,OFFCHIP_DRAM,HBM,miss
1,1,1,A,352321536,1.01421e+06,1.01421e+06,0,HBM,HBM,hit
2,1,1,A,352321536,1.05888e+06,1.05888e+06,0,HBM,HBM,hit
3,1,5,A,352321536,1.10359e+06,2.08504e+06,981447,OFFCHIP_DRAM,HBM,miss
4,1,5,A,352321536,2.0852e+06,2.0852e+06,0,HBM,HBM,hit
5,1,5,A,352321536,2.12987e+06,2.12987e+06,0,HBM,HBM,hit
6,2,1,A,352321536,2.20719e+06,3.18864e+06,981447,OFFCHIP_DRAM,HBM,miss
7,2,1,A,352321536,3.1888e+06,3.1888e+06,0,HBM,HBM,hit
8,2,1,A,352321536,3.23347e+06,3.23347e+06,0,HBM,HBM,hit
9,2,2,A,352321536,3.27818e+06,4.25962e+06,981447,OFFCHIP_DRAM,HBM,miss
10,2,2,A,352321536,4.25979e+06,4.25979e+06,0,HBM,HBM,hit
11,2,2,A,352321536,4.30446e+06,4.30446e+06,0,HBM,HBM,hit
12,3,0,A,352321536,4.38178e+06,5.36323e+06,981447,OFFCHIP_DRAM,HBM,miss
13,3,0,A,352321536,5.36339e+06,5.36339e+06,0,HBM,HBM,hit
14,3,0,A,352321536,5.40806e+06,5.40806e+06,0,HBM,HBM,hit
15,3,5,A,352321536,5.45277e+06,6.43421e+06,981447,OFFCHIP_DRAM,HBM,miss
16,3,5,A,352321536,6.43437e+06,6.43437e+06,0,HBM,HBM,hit
17,3,5,A,352321536,6.47905e+06,6.47905e+06,0,HBM,HBM,hit
18,4,1,A,352321536,6.55637e+06,7.53781e+06,981447,OFFCHIP_DRAM,HBM,miss
19,4,1,A,352321536,7.53798e+06,7.53798e+06,0,HBM,HBM,hit
20,4,1,A,352321536,7.58265e+06,7.58265e+06,0,HBM,HBM,hit
21,4,3,A,352321536,7.62735e+06,8.6088e+06,981447,OFFCHIP_DRAM,HBM,miss
22,4,3,A,352321536,8.60896e+06,8.60896e+06,0,HBM,HBM,hit
23,4,3,A,352321536,8.65363e+06,8.65363e+06,0,HBM,HBM,hit
24,5,4,A,352321536,8.73096e+06,9.7124e+06,981447,OFFCHIP_DRAM,HBM,miss
25,5,4,A,352321536,9.71256e+06,9.71256e+06,0,HBM,HBM,hit
26,5,4,A,352321536,9.75724e+06,9.75724e+06,0,HBM,HBM,hit
27,5,6,A,352321536,9.80194e+06,1.07834e+07,981447,OFFCHIP_DRAM,HBM,miss
28,5,6,A,352321536,1.07836e+07,1.07836e+07,0,HBM,HBM,hit
29,5,6,A,352321536,1.08282e+07,1.08282e+07,0,HBM,HBM,hit
30,6,4,A,352321536,1.09055e+07,1.1887e+07,981447,OFFCHIP_DRAM,HBM,miss
31,6,4,A,352321536,1.18872e+07,1.18872e+07,0,HBM,HBM,hit
32,6,4,A,352321536,1.19318e+07,1.19318e+07,0,HBM,HBM,hit
33,6,7,A,352321536,1.19765e+07,1.2958e+07,981447,OFFCHIP_DRAM,HBM,miss
34,6,7,A,352321536,1.29581e+07,1.29581e+07,0,HBM,HBM,hit
35,6,7,A,352321536,1.30028e+07,1.30028e+07,0,HBM,HBM,hit
36,7,5,A,352321536,1.30801e+07,1.40616e+07,981447,OFFCHIP_DRAM,HBM,miss
37,7,5,A,352321536,1.40617e+07,1.40617e+07,0,HBM,HBM,hit
38,7,5,A,352321536,1.41064e+07,1.41064e+07,0,HBM,HBM,hit
39,7,6,A,352321536,1.41511e+07,1.51326e+07,981447,OFFCHIP_DRAM,HBM,miss
40,7,6,A,352321536,1.51327e+07,1.51327e+07,0,HBM,HBM,hit
41,7,6,A,352321536,1.51774e+07,1.51774e+07,0,HBM,HBM,hit
42,8,6,A,352321536,1.52547e+07,1.62362e+07,981447,OFFCHIP_DRAM,HBM,miss
43,8,6,A,352321536,1.62363e+07,1.62363e+07,0,HBM,HBM,hit
44,8,6,A,352321536,1.6281e+07,1.6281e+07,0,HBM,HBM,hit
45,8,7,A,352321536,1.63257e+07,1.73072e+07,981447,OFFCHIP_DRAM,HBM,miss
46,8,7,A,352321536,1.73073e+07,1.73073e+07,0,HBM,HBM,hit
47,8,7,A,352321536,1.7352e+07,1.7352e+07,0,HBM,HBM,hit
48,9,2,A,352321536,1.74293e+07,1.84108e+07,981447,OFFCHIP_DRAM,HBM,miss
49,9,2,A,352321536,1.84109e+07,1.84109e+07,0,HBM,HBM,hit
50,9,2,A,352321536,1.84556e+07,1.84556e+07,0,HBM,HBM,hit
51,9,3,A,352321536,1.85003e+07,1.94817e+07,981447,OFFCHIP_DRAM,HBM,miss
52,9,3,A,352321536,1.94819e+07,1.94819e+07,0,HBM,HBM,hit
53,9,3,A,352321536,1.95266e+07,1.95266e+07,0,HBM,HBM,hit
54,10,2,A,352321536,1.96039e+07,2.05853e+07,981447,OFFCHIP_DRAM,HBM,miss
55,10,2,A,352321536,2.05855e+07,2.05855e+07,0,HBM,HBM,hit
56,10,2,A,352321536,2.06302e+07,2.06302e+07,0,HBM,HBM,hit
57,10,5,A,352321536,2.06749e+07,2.16563e+07,981447,OFFCHIP_DRAM,HBM,miss
58,10,5,A,352321536,2.16565e+07,2.16565e+07,0,HBM,HBM,hit
59,10,5,A,352321536,2.17012e+07,2.17012e+07,0,HBM,HBM,hit
60,11,0,A,352321536,2.17785e+07,2.27599e+07,981447,OFFCHIP_DRAM,HBM,miss
61,11,0,A,352321536,2.27601e+07,2.27601e+07,0,HBM,HBM,hit
62,11,0,A,352321536,2.28048e+07,2.28048e+07,0,HBM,HBM,hit
63,11,3,A,352321536,2.28495e+07,2.38309e+07,981447,OFFCHIP_DRAM,HBM,miss
64,11,3,A,352321536,2.38311e+07,2.38311e+07,0,HBM,HBM,hit
65,11,3,A,352321536,2.38758e+07,2.38758e+07,0,HBM,HBM,hit
66,12,0,A,352321536,2.39531e+07,2.49345e+07,981447,OFFCHIP_DRAM,HBM,miss
67,12,0,A,352321536,2.49347e+07,2.49347e+07,0,HBM,HBM,hit
68,12,0,A,352321536,2.49794e+07,2.49794e+07,0,HBM,HBM,hit
69,12,4,A,352321536,2.50241e+07,2.60055e+07,981447,OFFCHIP_DRAM,HBM,miss
70,12,4,A,352321536,2.60057e+07,2.60057e+07,0,HBM,HBM,hit
71,12,4,A,352321536,2.60503e+07,2.60503e+07,0,HBM,HBM,hit
72,13,3,A,352321536,2.61277e+07,2.71091e+07,981447,OFFCHIP_DRAM,HBM,miss
73,13,3,A,352321536,2.71093e+07,2.71093e+07,0,HBM,HBM,hit
74,13,3,A,352321536,2.71539e+07,2.71539e+07,0,HBM,HBM,hit
75,13,4,A,352321536,2.71987e+07,2.81801e+07,981447,OFFCHIP_DRAM,HBM,miss
76,13,4,A,352321536,2.81803e+07,2.81803e+07,0,HBM,HBM,hit
77,13,4,A,352321536,2.82249e+07,2.82249e+07,0,HBM,HBM,hit
78,14,2,A,352321536,2.83023e+07,2.92837e+07,981447,OFFCHIP_DRAM,HBM,miss
79,14,2,A,352321536,2.92839e+07,2.92839e+07,0,HBM,HBM,hit
80,14,2,A,352321536,2.93285e+07,2.93285e+07,0,HBM,HBM,hit
81,14,7,A,352321536,2.93732e+07,3.03547e+07,981447,OFFCHIP_DRAM,HBM,miss
82,14,7,A,352321536,3.03548e+07,3.03548e+07,0,HBM,HBM,hit
83,14,7,A,352321536,3.03995e+07,3.03995e+07,0,HBM,HBM,hit
84,15,5,A,352321536,3.04768e+07,3.14583e+07,981447,OFFCHIP_DRAM,HBM,miss
85,15,5,A,352321536,3.14584e+07,3.14584e+07,0,HBM,HBM,hit
86,15,5,A,352321536,3.15031e+07,3.15031e+07,0,HBM,HBM,hit
87,15,7,A,352321536,3.15478e+07,3.25293e+07,981447,OFFCHIP_DRAM,HBM,miss
88,15,7,A,352321536,3.25294e+07,3.25294e+07,0,HBM,HBM,hit
89,15,7,A,352321536,3.25741e+07,3.25741e+07,0,HBM,HBM,hit
90,16,3,A,352321536,3.26514e+07,3.36329e+07,981447,OFFCHIP_DRAM,HBM,miss
91,16,3,A,352321536,3.3633e+07,3.3633e+07,0,HBM,HBM,hit
92,16,3,A,352321536,3.36777e+07,3.36777e+07,0,HBM,HBM,hit
93,16,5,A,352321536,3.37224e+07,3.47039e+07,981447,OFFCHIP_DRAM,HBM,miss
94,16,5,A,352321536,3.4704e+07,3.4704e+07,0,HBM,HBM,hit
95,16,5,A,352321536,3.47487e+07,3.47487e+07,0,HBM,HBM,hit
96,17,4,A,352321536,3.4826e+07,3.58075e+07,981447,OFFCHIP_DRAM,HBM,miss
97,17,4,A,352321536,3.58076e+07,3.58076e+07,0,HBM,HBM,hit
98,17,4,A,352321536,3.58523e+07,3.58523e+07,0,HBM,HBM,hit
99,17,7,A,352321536,3.5897e+07,3.68785e+07,981447,OFFCHIP_DRAM,HBM,miss
100,17,7,A,352321536,3.68786e+07,3.68786e+07,0,HBM,HBM,hit
101,17,7,A,352321536,3.69233e+07,3.69233e+07,0,HBM,HBM,hit
102,18,2,A,352321536,3.70006e+07,3.79821e+07,981447,OFFCHIP_DRAM,HBM,miss
103,18,2,A,352321536,3.79822e+07,3.79822e+07,0,HBM,HBM,hit
104,18,2,A,352321536,3.80269e+07,3.80269e+07,0,HBM,HBM,hit
105,18,6,A,352321536,3.80716e+07,3.9053e+07,981447,OFFCHIP_DRAM,HBM,miss
106,18,6,A,352321536,3.90532e+07,3.90532e+07,0,HBM,HBM,hit
107,18,6,A,352321536,3.90979e+07,3.90979e+07,0,HBM,HBM,hit
108,19,0,A,352321536,3.91752e+07,4.01566e+07,981447,OFFCHIP_DRAM,HBM,miss
109,19,0,A,352321536,4.01568e+07,4.01568e+07,0,HBM,HBM,hit
110,19,0,A,352321536,4.02015e+07,4.02015e+07,0,HBM,HBM,hit
111,19,2,A,352321536,4.02462e+07,4.12276e+07,981447,OFFCHIP_DRAM,HBM,miss
112,19,2,A,352321536,4.12278e+07,4.12278e+07,0,HBM,HBM,hit
113,19,2,A,352321536,4.12725e+07,4.12725e+07,0,HBM,HBM,hit
114,20,1,A,352321536,4.13498e+07,4.23312e+07,981447,OFFCHIP_DRAM,HBM,miss
115,20,1,A,352321536,4.23314e+07,4.23314e+07,0,HBM,HBM,hit
116,20,1,A,352321536,4.23761e+07,4.23761e+07,0,HBM,HBM,hit
117,20,6,A,352321536,4.24208e+07,4.34022e+07,981447,OFFCHIP_DRAM,HBM,miss
118,20,6,A,352321536,4.34024e+07,4.34024e+07,0,HBM,HBM,hit
119,20,6,A,352321536,4.3447e+07,4.3447e+07,0,HBM,HBM,hit
120,21,1,A,352321536,4.35244e+07,4.45058e+07,981447,OFFCHIP_DRAM,HBM,miss
121,21,1,A,352321536,4.4506e+07,4.4506e+07,0,HBM,HBM,hit
122,21,1,A,352321536,4.45507e+07,4.45507e+07,0,HBM,HBM,hit
123,21,7,A,352321536,4.45954e+07,4.55768e+07,981447,OFFCHIP_DRAM,HBM,miss
124,21,7,A,352321536,4.5577e+07,4.5577e+07,0,HBM,HBM,hit
125,21,7,A,352321536,4.56216e+07,4.56216e+07,0,HBM,HBM,hit
126,22,1,A,352321536,4.5699e+07,4.66804e+07,981447,OFFCHIP_DRAM,HBM,miss
127,22,1,A,352321536,4.66806e+07,4.66806e+07,0,HBM,HBM,hit
128,22,1,A,352321536,4.67252e+07,4.67252e+07,0,HBM,HBM,hit
129,22,3,A,352321536,4.67699e+07,4.77514e+07,981447,OFFCHIP_DRAM,HBM,miss
130,22,3,A,352321536,4.77516e+07,4.77516e+07,0,HBM,HBM,hit
131,22,3,A,352321536,4.77962e+07,4.77962e+07,0,HBM,HBM,hit
132,23,1,A,352321536,4.78735e+07,4.8855e+07,981447,OFFCHIP_DRAM,HBM,miss
133,23,1,A,352321536,4.88552e+07,4.88552e+07,0,HBM,HBM,hit
134,23,1,A,352321536,4.88998e+07,4.88998e+07,0,HBM,HBM,hit
135,23,4,A,352321536,4.89445e+07,4.9926e+07,981447,OFFCHIP_DRAM,HBM,miss
136,23,4,A,352321536,4.99261e+07,4.99261e+07,0,HBM,HBM,hit
137,23,4,A,352321536,4.99708e+07,4.99708e+07,0,HBM,HBM,hit
138,24,1,A,352321536,5.00481e+07,5.10296e+07,981447,OFFCHIP_DRAM,HBM,miss
139,24,1,A,352321536,5.10297e+07,5.10297e+07,0,HBM,HBM,hit
140,24,1,A,352321536,5.10744e+07,5.10744e+07,0,HBM,HBM,hit
141,24,4,A,352321536,5.11191e+07,5.21006e+07,981447,OFFCHIP_DRAM,HBM,miss
142,24,4,A,352321536,5.21007e+07,5.21007e+07,0,HBM,HBM,hit
143,24,4,A,352321536,5.21454e+07,5.21454e+07,0,HBM,HBM,hit
144,25,1,A,352321536,5.22227e+07,5.32042e+07,981447,OFFCHIP_DRAM,HBM,miss
145,25,1,A,352321536,5.32043e+07,5.32043e+07,0,HBM,HBM,hit
146,25,1,A,352321536,5.3249e+07,5.3249e+07,0,HBM,HBM,hit
147,25,7,A,352321536,5.32937e+07,5.42752e+07,981447,OFFCHIP_DRAM,HBM,miss
148,25,7,A,352321536,5.42753e+07,5.42753e+07,0,HBM,HBM,hit
149,25,7,A,352321536,5.432e+07,5.432e+07,0,HBM,HBM,hit
150,26,0,A,352321536,5.43973e+07,5.53788e+07,981447,OFFCHIP_DRAM,HBM,miss
151,26,0,A,352321536,5.53789e+07,5.53789e+07,0,HBM,HBM,hit
152,26,0,A,352321536,5.54236e+07,5.54236e+07,0,HBM,HBM,hit
153,26,4,A,352321536,5.54683e+07,5.64497e+07,981447,OFFCHIP_DRAM,HBM,miss
154,26,4,A,352321536,5.64499e+07,5.64499e+07,0,HBM,HBM,hit
155,26,4,A,352321536,5.64946e+07,5.64946e+07,0,HBM,HBM,hit
156,27,0,A,352321536,5.65719e+07,5.75533e+07,981447,OFFCHIP_DRAM,HBM,miss
157,27,0,A,352321536,5.75535e+07,5.75535e+07,0,HBM,HBM,hit
158,27,0,A,352321536,5.75982e+07,5.75982e+07,0,HBM,HBM,hit
159,27,2,A,352321536,5.76429e+07,5.86243e+07,981447,OFFCHIP_DRAM,HBM,miss
160,27,2,A,352321536,5.86245e+07,5.86245e+07,0,HBM,HBM,hit
161,27,2,A,352321536,5.86692e+07,5.86692e+07,0,HBM,HBM,hit
162,28,1,A,352321536,5.87465e+07,5.97279e+07,981447,OFFCHIP_DRAM,HBM,miss
163,28,1,A,352321536,5.97281e+07,5.97281e+07,0,HBM,HBM,hit
164,28,1,A,352321536,5.97728e+07,5.97728e+07,0,HBM,HBM,hit
165,28,4,A,352321536,5.98175e+07,6.07989e+07,981447,OFFCHIP_DRAM,HBM,miss
166,28,4,A,352321536,6.07991e+07,6.07991e+07,0,HBM,HBM,hit
167,28,4,A,352321536,6.08438e+07,6.08438e+07,0,HBM,HBM,hit
168,29,6,A,352321536,6.09211e+07,6.19025e+07,981447,OFFCHIP_DRAM,HBM,miss
169,29,6,A,352321536,6.19027e+07,6.19027e+07,0,HBM,HBM,hit
170,29,6,A,352321536,6.19474e+07,6.19474e+07,0,HBM,HBM,hit
171,29,7,A,352321536,6.19921e+07,6.29735e+07,981447,OFFCHIP_DRAM,HBM,miss
172,29,7,A,352321536,6.29737e+07,6.29737e+07,0,HBM,HBM,hit
173,29,7,A,352321536,6.30183e+07,6.30183e+07,0,HBM,HBM,hit
174,30,0,A,352321536,6.30957e+07,6.40771e+07,981447,OFFCHIP_DRAM,HBM,miss
175,30,0,A,352321536,6.40773e+07,6.40773e+07,0,HBM,HBM,hit
176,30,0,A,352321536,6.41219e+07,6.41219e+07,0,HBM,HBM,hit
177,30,1,A,352321536,6.41667e+07,6.51481e+07,981447,OFFCHIP_DRAM,HBM,miss
178,30,1,A,352321536,6.51483e+07,6.51483e+07,0,HBM,HBM,hit
179,30,1,A,352321536,6.51929e+07,6.51929e+07,0,HBM,HBM,hit
180,31,4,A,352321536,6.52703e+07,6.62517e+07,981447,OFFCHIP_DRAM,HBM,miss
181,31,4,A,352321536,6.62519e+07,6.62519e+07,0,HBM,HBM,hit
182,31,4,A,352321536,6.62965e+07,6.62965e+07,0,HBM,HBM,hit
183,31,7,A,352321536,6.63412e+07,6.73227e+07,981447,OFFCHIP_DRAM,HBM,miss
184,31,7,A,352321536,6.73228e+07,6.73228e+07,0,HBM,HBM,hit
185,31,7,A,352321536,6.73675e+07,6.73675e+07,0,HBM,HBM,hit
186,0,0,A,352321536,6.74448e+07,6.74448e+07,0,HBM,HBM,hit
187,0,0,A,352321536,6.74896e+07,6.74896e+07,0,HBM,HBM,hit
188,0,0,A,352321536,6.75343e+07,6.75343e+07,0,HBM,HBM,hit
189,0,4,A,352321536,6.7579e+07,6.7579e+07,0,HBM,HBM,hit
190,0,4,A,352321536,6.76237e+07,6.76237e+07,0,HBM,HBM,hit
191,0,4,A,352321536,6.76684e+07,6.76684e+07,0,HBM,HBM,hit
192,1,4,A,352321536,32603.1,32603.1,0,HBM,HBM,hit
193,1,4,A,352321536,77356.1,77356.1,0,HBM,HBM,hit
194,1,4,A,352321536,122028,122028,0,HBM,HBM,hit
195,1,6,A,352321536,166734,166734,0,HBM,HBM,hit
196,1,6,A,352321536,211488,211488,0,HBM,HBM,hit
197,1,6,A,352321536,256159,256159,0,HBM,HBM,hit
198,2,4,A,352321536,333481,333481,0,HBM,HBM,hit
199,2,4,A,352321536,378234,378234,0,HBM,HBM,hit
200,2,4,A,352321536,422906,422906,0,HBM,HBM,hit
201,2,6,A,352321536,467612,467612,0,HBM,HBM,hit
202,2,6,A,352321536,512365,512365,0,HBM,HBM,hit
203,2,6,A,352321536,557037,557037,0,HBM,HBM,hit
204,3,0,A,352321536,634359,634359,0,HBM,HBM,hit
205,3,0,A,352321536,679112,679112,0,HBM,HBM,hit
206,3,0,A,352321536,723783,723783,0,HBM,HBM,hit
207,3,4,A,352321536,768490,768490,0,HBM,HBM,hit
208,3,4,A,352321536,813243,813243,0,HBM,HBM,hit
209,3,4,A,352321536,857915,857915,0,HBM,HBM,hit
210,4,4,A,352321536,935237,935237,0,HBM,HBM,hit
211,4,4,A,352321536,979990,979990,0,HBM,HBM,hit
212,4,4,A,352321536,1.02466e+06,1.02466e+06,0,HBM,HBM,hit
213,4,6,A,352321536,1.06937e+06,1.06937e+06,0,HBM,HBM,hit
214,4,6,A,352321536,1.11412e+06,1.11412e+06,0,HBM,HBM,hit
215,4,6,A,352321536,1.15879e+06,1.15879e+06,0,HBM,HBM,hit
216,5,6,A,352321536,1.23611e+06,1.23611e+06,0,HBM,HBM,hit
217,5,6,A,352321536,1.28087e+06,1.28087e+06,0,HBM,HBM,hit
218,5,6,A,352321536,1.32554e+06,1.32554e+06,0,HBM,HBM,hit
219,5,7,A,352321536,1.37025e+06,1.37025e+06,0,HBM,HBM,hit
220,5,7,A,352321536,1.415e+06,1.415e+06,0,HBM,HBM,hit
221,5,7,A,352321536,1.45967e+06,1.45967e+06,0,HBM,HBM,hit
222,6,0,A,352321536,1.53699e+06,1.53699e+06,0,HBM,HBM,hit
223,6,0,A,352321536,1.58175e+06,1.58175e+06,0,HBM,HBM,hit
224,6,0,A,352321536,1.62642e+06,1.62642e+06,0,HBM,HBM,hit
225,6,4,A,352321536,1.67112e+06,1.67112e+06,0,HBM,HBM,hit
226,6,4,A,352321536,1.71588e+06,1.71588e+06,0,HBM,HBM,hit
227,6,4,A,352321536,1.76055e+06,1.76055e+06,0,HBM,HBM,hit
228,7,2,A,352321536,1.83787e+06,1.83787e+06,0,HBM,HBM,hit
229,7,2,A,352321536,1.88262e+06,1.88262e+06,0,HBM,HBM,hit
230,7,2,A,352321536,1.9273e+06,1.9273e+06,0,HBM,HBM,hit
231,7,4,A,352321536,1.972e+06,1.972e+06,0,HBM,HBM,hit
232,7,4,A,352321536,2.01676e+06,2.01676e+06,0,HBM,HBM,hit
233,7,4,A,352321536,2.06143e+06,2.06143e+06,0,HBM,HBM,hit
234,8,4,A,352321536,2.13875e+06,2.13875e+06,0,HBM,HBM,hit
235,8,4,A,352321536,2.1835e+06,2.1835e+06,0,HBM,HBM,hit
236,8,4,A,352321536,2.22817e+06,2.22817e+06,0,HBM,HBM,hit
237,8,6,A,352321536,2.27288e+06,2.27288e+06,0,HBM,HBM,hit
238,8,6,A,352321536,2.31763e+06,2.31763e+06,0,HBM,HBM,hit
239,8,6,A,352321536,2.3623e+06,2.3623e+06,0,HBM,HBM,hit
240,9,2,A,352321536,2.43963e+06,2.43963e+06,0,HBM,HBM,hit
241,9,2,A,352321536,2.48438e+06,2.48438e+06,0,HBM,HBM,hit
242,9,2,A,352321536,2.52905e+06,2.52905e+06,0,HBM,HBM,hit
243,9,5,A,352321536,2.57376e+06,2.57376e+06,0,HBM,HBM,hit
244,9,5,A,352321536,2.61851e+06,2.61851e+06,0,HBM,HBM,hit
245,9,5,A,352321536,2.66318e+06,2.66318e+06,0,HBM,HBM,hit
246,10,3,A,352321536,2.7405e+06,2.7405e+06,0,HBM,HBM,hit
247,10,3,A,352321536,2.78526e+06,2.78526e+06,0,HBM,HBM,hit
248,10,3,A,352321536,2.82993e+06,2.82993e+06,0,HBM,HBM,hit
249,10,7,A,352321536,2.87464e+06,2.87464e+06,0,HBM,HBM,hit
250,10,7,A,352321536,2.91939e+06,2.91939e+06,0,HBM,HBM,hit
251,10,7,A,352321536,2.96406e+06,2.96406e+06,0,HBM,HBM,hit
252,11,4,A,352321536,3.04138e+06,3.04138e+06,0,HBM,HBM,hit
253,11,4,A,352321536,3.08614e+06,3.08614e+06,0,HBM,HBM,hit
254,11,4,A,352321536,3.13081e+06,3.13081e+06,0,HBM,HBM,hit
255,11,6,A,352321536,3.17551e+06,3.17551e+06,0,HBM,HBM,hit
256,11,6,A,352321536,3.22027e+06,3.22027e+06,0,HBM,HBM,hit
257,11,6,A,352321536,3.26494e+06,3.26494e+06,0,HBM,HBM,hit
258,12,0,A,352321536,3.34226e+06,3.34226e+06,0,HBM,HBM,hit
259,12,0,A,352321536,3.38701e+06,3.38701e+06,0,HBM,HBM,hit
260,12,0,A,352321536,3.43168e+06,3.43168e+06,0,HBM,HBM,hit
261,12,1,A,352321536,3.47639e+06,3.47639e+06,0,HBM,HBM,hit
262,12,1,A,352321536,3.52114e+06,3.52114e+06,0,HBM,HBM,hit
263,12,1,A,352321536,3.56582e+06,3.56582e+06,0,HBM,HBM,hit
264,13,4,A,352321536,3.64314e+06,3.64314e+06,0,HBM,HBM,hit
265,13,4,A,352321536,3.68789e+06,3.68789e+06,0,HBM,HBM,hit
266,13,4,A,352321536,3.73256e+06,3.73256e+06,0,HBM,HBM,hit
267,13,7,A,352321536,3.77727e+06,3.77727e+06,0,HBM,HBM,hit
268,13,7,A,352321536,3.82202e+06,3.82202e+06,0,HBM,HBM,hit
269,13,7,A,352321536,3.86669e+06,3.86669e+06,0,HBM,HBM,hit
270,14,4,A,352321536,3.94402e+06,3.94402e+06,0,HBM,HBM,hit
271,14,4,A,352321536,3.98877e+06,3.98877e+06,0,HBM,HBM,hit
272,14,4,A,352321536,4.03344e+06,4.03344e+06,0,HBM,HBM,hit
273,14,7,A,352321536,4.07815e+06,4.07815e+06,0,HBM,HBM,hit
274,14,7,A,352321536,4.1229e+06,4.1229e+06,0,HBM,HBM,hit
275,14,7,A,352321536,4.16757e+06,4.16757e+06,0,HBM,HBM,hit
276,15,3,A,352321536,4.24489e+06,4.24489e+06,0,HBM,HBM,hit
277,15,3,A,352321536,4.28965e+06,4.28965e+06,0,HBM,HBM,hit
278,15,3,A,352321536,4.33432e+06,4.33432e+06,0,HBM,HBM,hit
279,15,4,A,352321536,4.37903e+06,4.37903e+06,0,HBM,HBM,hit
280,15,4,A,352321536,4.42378e+06,4.42378e+06,0,HBM,HBM,hit
281,15,4,A,352321536,4.46845e+06,4.46845e+06,0,HBM,HBM,hit
282,16,2,A,352321536,4.54577e+06,4.54577e+06,0,HBM,HBM,hit
283,16,2,A,352321536,4.59053e+06,4.59053e+06,0,HBM,HBM,hit
284,16,2,A,352321536,4.6352e+06,4.6352e+06,0,HBM,HBM,hit
285,16,6,A,352321536,4.6799e+06,4.6799e+06,0,HBM,HBM,hit
286,16,6,A,352321536,4.72466e+06,4.72466e+06,0,HBM,HBM,hit
287,16,6,A,352321536,4.76933e+06,4.76933e+06,0,HBM,HBM,hit
288,17,0,A,352321536,4.84665e+06,4.84665e+06,0,HBM,HBM,hit
289,17,0,A,352321536,4.8914e+06,4.8914e+06,0,HBM,HBM,hit
290,17,0,A,352321536,4.93607e+06,4.93607e+06,0,HBM,HBM,hit
291,17,7,A,352321536,4.98078e+06,4.98078e+06,0,HBM,HBM,hit
292,17,7,A,352321536,5.02553e+06,5.02553e+06,0,HBM,HBM,hit
293,17,7,A,352321536,5.07021e+06,5.07021e+06,0,HBM,HBM,hit
294,18,2,A,352321536,5.14753e+06,5.14753e+06,0,HBM,HBM,hit
295,18,2,A,352321536,5.19228e+06,5.19228e+06,0,HBM,HBM,hit
296,18,2,A,352321536,5.23695e+06,5.23695e+06,0,HBM,HBM,hit
297,18,5,A,352321536,5.28166e+06,5.28166e+06,0,HBM,HBM,hit
298,18,5,A,352321536,5.32641e+06,5.32641e+06,0,HBM,HBM,hit
299,18,5,A,352321536,5.37108e+06,5.37108e+06,0,HBM,HBM,hit
300,19,0,A,352321536,5.44841e+06,5.44841e+06,0,HBM,HBM,hit
301,19,0,A,352321536,5.49316e+06,5.49316e+06,0,HBM,HBM,hit
302,19,0,A,352321536,5.53783e+06,5.53783e+06,0,HBM,HBM,hit
303,19,2,A,352321536,5.58254e+06,5.58254e+06,0,HBM,HBM,hit
304,19,2,A,352321536,5.62729e+06,5.62729e+06,0,HBM,HBM,hit
305,19,2,A,352321536,5.67196e+06,5.67196e+06,0,HBM,HBM,hit
306,20,2,A,352321536,5.74928e+06,5.74928e+06,0,HBM,HBM,hit
307,20,2,A,352321536,5.79404e+06,5.79404e+06,0,HBM,HBM,hit
308,20,2,A,352321536,5.83871e+06,5.83871e+06,0,HBM,HBM,hit
309,20,5,A,352321536,5.88342e+06,5.88342e+06,0,HBM,HBM,hit
310,20,5,A,352321536,5.92817e+06,5.92817e+06,0,HBM,HBM,hit
311,20,5,A,352321536,5.97284e+06,5.97284e+06,0,HBM,HBM,hit
312,21,2,A,352321536,6.05016e+06,6.05016e+06,0,HBM,HBM,hit
313,21,2,A,352321536,6.09491e+06,6.09491e+06,0,HBM,HBM,hit
314,21,2,A,352321536,6.13959e+06,6.13959e+06,0,HBM,HBM,hit
315,21,3,A,352321536,6.18429e+06,6.18429e+06,0,HBM,HBM,hit
316,21,3,A,352321536,6.22905e+06,6.22905e+06,0,HBM,HBM,hit
317,21,3,A,352321536,6.27372e+06,6.27372e+06,0,HBM,HBM,hit
318,22,0,A,352321536,6.35104e+06,6.35104e+06,0,HBM,HBM,hit
319,22,0,A,352321536,6.39579e+06,6.39579e+06,0,HBM,HBM,hit
320,22,0,A,352321536,6.44046e+06,6.44046e+06,0,HBM,HBM,hit
321,22,7,A,352321536,6.48517e+06,6.48517e+06,0,HBM,HBM,hit
322,22,7,A,352321536,6.52992e+06,6.52992e+06,0,HBM,HBM,hit
323,22,7,A,352321536,6.5746e+06,6.5746e+06,0,HBM,HBM,hit
324,23,3,A,352321536,6.65192e+06,6.65192e+06,0,HBM,HBM,hit
325,23,3,A,352321536,6.69667e+06,6.69667e+06,0,HBM,HBM,hit
326,23,3,A,352321536,6.74134e+06,6.74134e+06,0,HBM,HBM,hit
327,23,7,A,352321536,6.78605e+06,6.78605e+06,0,HBM,HBM,hit
328,23,7,A,352321536,6.8308e+06,6.8308e+06,0,HBM,HBM,hit
329,23,7,A,352321536,6.87547e+06,6.87547e+06,0,HBM,HBM,hit
330,24,0,A,352321536,6.9528e+06,6.9528e+06,0,HBM,HBM,hit
331,24,0,A,352321536,6.99755e+06,6.99755e+06,0,HBM,HBM,hit
332,24,0,A,352321536,7.04222e+06,7.04222e+06,0,HBM,HBM,hit
333,24,7,A,352321536,7.08693e+06,7.08693e+06,0,HBM,HBM,hit
334,24,7,A,352321536,7.13168e+06,7.13168e+06,0,HBM,HBM,hit
335,24,7,A,352321536,7.17635e+06,7.17635e+06,0,HBM,HBM,hit
336,25,2,A,352321536,7.25367e+06,7.25367e+06,0,HBM,HBM,hit
337,25,2,A,352321536,7.29843e+06,7.29843e+06,0,HBM,HBM,hit
338,25,2,A,352321536,7.3431e+06,7.3431e+06,0,HBM,HBM,hit
339,25,3,A,352321536,7.3878e+06,7.3878e+06,0,HBM,HBM,hit
340,25,3,A,352321536,7.43256e+06,7.43256e+06,0,HBM,HBM,hit
341,25,3,A,352321536,7.47723e+06,7.47723e+06,0,HBM,HBM,hit
342,26,2,A,352321536,7.55455e+06,7.55455e+06,0,HBM,HBM,hit
343,26,2,A,352321536,7.5993e+06,7.5993e+06,0,HBM,HBM,hit
344,26,2,A,352321536,7.64398e+06,7.64398e+06,0,HBM,HBM,hit
345,26,4,A,352321536,7.68868e+06,7.68868e+06,0,HBM,HBM,hit
346,26,4,A,352321536,7.73344e+06,7.73344e+06,0,HBM,HBM,hit
347,26,4,A,352321536,7.77811e+06,7.77811e+06,0,HBM,HBM,hit
348,27,2,A,352321536,7.85543e+06,7.85543e+06,0,HBM,HBM,hit
349,27,2,A,352321536,7.90018e+06,7.90018e+06,0,HBM,HBM,hit
350,27,2,A,352321536,7.94485e+06,7.94485e+06,0,HBM,HBM,hit
351,27,7,A,352321536,7.98956e+06,7.98956e+06,0,HBM,HBM,hit
352,27,7,A,352321536,8.03431e+06,8.03431e+06,0,HBM,HBM,hit
353,27,7,A,352321536,8.07899e+06,8.07899e+06,0,HBM,HBM,hit
354,28,0,A,352321536,8.15631e+06,8.15631e+06,0,HBM,HBM,hit
355,28,0,A,352321536,8.20106e+06,8.20106e+06,0,HBM,HBM,hit
356,28,0,A,352321536,8.24573e+06,8.24573e+06,0,HBM,HBM,hit
357,28,3,A,352321536,8.29044e+06,8.29044e+06,0,HBM,HBM,hit
358,28,3,A,352321536,8.33519e+06,8.33519e+06,0,HBM,HBM,hit
359,28,3,A,352321536,8.37986e+06,8.37986e+06,0,HBM,HBM,hit
360,29,0,A,352321536,8.45719e+06,8.45719e+06,0,HBM,HBM,hit
361,29,0,A,352321536,8.50194e+06,8.50194e+06,0,HBM,HBM,hit
362,29,0,A,352321536,8.54661e+06,8.54661e+06,0,HBM,HBM,hit
363,29,3,A,352321536,8.59132e+06,8.59132e+06,0,HBM,HBM,hit
364,29,3,A,352321536,8.63607e+06,8.63607e+06,0,HBM,HBM,hit
365,29,3,A,352321536,8.68074e+06,8.68074e+06,0,HBM,HBM,hit
366,30,5,A,352321536,8.75806e+06,8.75806e+06,0,HBM,HBM,hit
367,30,5,A,352321536,8.80282e+06,8.80282e+06,0,HBM,HBM,hit
368,30,5,A,352321536,8.84749e+06,8.84749e+06,0,HBM,HBM,hit
369,30,6,A,352321536,8.89219e+06,8.89219e+06,0,HBM,HBM,hit
370,30,6,A,352321536,8.93695e+06,8.93695e+06,0,HBM,HBM,hit
371,30,6,A,352321536,8.98162e+06,8.98162e+06,0,HBM,HBM,hit
372,31,1,A,352321536,9.05894e+06,9.05894e+06,0,HBM,HBM,hit
373,31,1,A,352321536,9.10369e+06,9.10369e+06,0,HBM,HBM,hit
374,31,1,A,352321536,9.14837e+06,9.14837e+06,0,HBM,HBM,hit
375,31,6,A,352321536,9.19307e+06,9.19307e+06,0,HBM,HBM,hit
376,31,6,A,352321536,9.23783e+06,9.23783e+06,0,HBM,HBM,hit
377,31,6,A,352321536,9.2825e+06,9.2825e+06,0,HBM,HBM,hit
378,0,3,A,352321536,9.35982e+06,9.35982e+06,0,HBM,HBM,hit
379,0,3,A,352321536,9.40457e+06,9.40457e+06,0,HBM,HBM,hit
380,0,3,A,352321536,9.44924e+06,9.44924e+06,0,HBM,HBM,hit
381,0,6,A,352321536,9.49395e+06,9.49395e+06,0,HBM,HBM,hit
382,0,6,A,352321536,9.5387e+06,9.5387e+06,0,HBM,HBM,hit
383,0,6,A,352321536,9.58337e+06,9.58337e+06,0,HBM,HBM,hit
384,1,4,A,352321536,32603.1,32603.1,0,HBM,HBM,hit
385,1,4,A,352321536,77356.1,77356.1,0,HBM,HBM,hit
386,1,4,A,352321536,122028,122028,0,HBM,HBM,hit
387,1,5,A,352321536,166734,166734,0,HBM,HBM,hit
388,1,5,A,352321536,211488,211488,0,HBM,HBM,hit
389,1,5,A,352321536,256159,256159,0,HBM,HBM,hit
390,2,0,A,352321536,333481,333481,0,HBM,HBM,hit
391,2,0,A,352321536,378234,378234,0,HBM,HBM,hit
392,2,0,A,352321536,422906,422906,0,HBM,HBM,hit
393,2,2,A,352321536,467612,467612,0,HBM,HBM,hit
394,2,2,A,352321536,512365,512365,0,HBM,HBM,hit
395,2,2,A,352321536,557037,557037,0,HBM,HBM,hit
396,3,0,A,352321536,634359,634359,0,HBM,HBM,hit
397,3,0,A,352321536,679112,679112,0,HBM,HBM,hit
398,3,0,A,352321536,723783,723783,0,HBM,HBM,hit
399,3,5,A,352321536,768490,768490,0,HBM,HBM,hit
400,3,5,A,352321536,813243,813243,0,HBM,HBM,hit
401,3,5,A,352321536,857915,857915,0,HBM,HBM,hit
402,4,0,A,352321536,935237,935237,0,HBM,HBM,hit
403,4,0,A,352321536,979990,979990,0,HBM,HBM,hit
404,4,0,A,352321536,1.02466e+06,1.02466e+06,0,HBM,HBM,hit
405,4,7,A,352321536,1.06937e+06,1.06937e+06,0,HBM,HBM,hit
406,4,7,A,352321536,1.11412e+06,1.11412e+06,0,HBM,HBM,hit
407,4,7,A,352321536,1.15879e+06,1.15879e+06,0,HBM,HBM,hit
408,5,0,A,352321536,1.23611e+06,1.23611e+06,0,HBM,HBM,hit
409,5,0,A,352321536,1.28087e+06,1.28087e+06,0,HBM,HBM,hit
410,5,0,A,352321536,1.32554e+06,1.32554e+06,0,HBM,HBM,hit
411,5,2,A,352321536,1.37025e+06,1.37025e+06,0,HBM,HBM,hit
412,5,2,A,352321536,1.415e+06,1.415e+06,0,HBM,HBM,hit
413,5,2,A,352321536,1.45967e+06,1.45967e+06,0,HBM,HBM,hit
414,6,6,A,352321536,1.53699e+06,1.53699e+06,0,HBM,HBM,hit
415,6,6,A,352321536,1.58175e+06,1.58175e+06,0,HBM,HBM,hit
416,6,6,A,352321536,1.62642e+06,1.62642e+06,0,HBM,HBM,hit
417,6,7,A,352321536,1.67112e+06,1.67112e+06,0,HBM,HBM,hit
418,6,7,A,352321536,1.71588e+06,1.71588e+06,0,HBM,HBM,hit
419,6,7,A,352321536,1.76055e+06,1.76055e+06,0,HBM,HBM,hit
420,7,2,A,352321536,1.83787e+06,1.83787e+06,0,HBM,HBM,hit
421,7,2,A,352321536,1.88262e+06,1.88262e+06,0,HBM,HBM,hit
422,7,2,A,352321536,1.9273e+06,1.9273e+06,0,HBM,HBM,hit
423,7,7,A,352321536,1.972e+06,1.972e+06,0,HBM,HBM,hit
424,7,7,A,352321536,2.01676e+06,2.01676e+06,0,HBM,HBM,hit
425,7,7,A,352321536,2.06143e+06,2.06143e+06,0,HBM,HBM,hit
426,8,0,A,352321536,2.13875e+06,2.13875e+06,0,HBM,HBM,hit
427,8,0,A,352321536,2.1835e+06,2.1835e+06,0,HBM,HBM,hit
428,8,0,A,352321536,2.22817e+06,2.22817e+06,0,HBM,HBM,hit
429,8,2,A,352321536,2.27288e+06,2.27288e+06,0,HBM,HBM,hit
430,8,2,A,352321536,2.31763e+06,2.31763e+06,0,HBM,HBM,hit
431,8,2,A,352321536,2.3623e+06,2.3623e+06,0,HBM,HBM,hit
432,9,1,A,352321536,2.43963e+06,2.43963e+06,0,HBM,HBM,hit
433,9,1,A,352321536,2.48438e+06,2.48438e+06,0,HBM,HBM,hit
434,9,1,A,352321536,2.52905e+06,2.52905e+06,0,HBM,HBM,hit
435,9,6,A,352321536,2.57376e+06,2.57376e+06,0,HBM,HBM,hit
436,9,6,A,352321536,2.61851e+06,2.61851e+06,0,HBM,HBM,hit
437,9,6,A,352321536,2.66318e+06,2.66318e+06,0,HBM,HBM,hit
438,10,5,A,352321536,2.7405e+06,2.7405e+06,0,HBM,HBM,hit
439,10,5,A,352321536,2.78526e+06,2.78526e+06,0,HBM,HBM,hit
440,10,5,A,352321536,2.82993e+06,2.82993e+06,0,HBM,HBM,hit
441,10,6,A,352321536,2.87464e+06,2.87464e+06,0,HBM,HBM,hit
442,10,6,A,352321536,2.91939e+06,2.91939e+06,0,HBM,HBM,hit
443,10,6,A,352321536,2.96406e+06,2.96406e+06,0,HBM,HBM,hit
444,11,5,A,352321536,3.04138e+06,3.04138e+06,0,HBM,HBM,hit
445,11,5,A,352321536,3.08614e+06,3.08614e+06,0,HBM,HBM,hit
446,11,5,A,352321536,3.13081e+06,3.13081e+06,0,HBM,HBM,hit
447,11,6,A,352321536,3.17551e+06,3.17551e+06,0,HBM,HBM,hit
448,11,6,A,352321536,3.22027e+06,3.22027e+06,0,HBM,HBM,hit
449,11,6,A,352321536,3.26494e+06,3.26494e+06,0,HBM,HBM,hit
450,12,2,A,352321536,3.34226e+06,3.34226e+06,0,HBM,HBM,hit
451,12,2,A,352321536,3.38701e+06,3.38701e+06,0,HBM,HBM,hit
452,12,2,A,352321536,3.43168e+06,3.43168e+06,0,HBM,HBM,hit
453,12,6,A,352321536,3.47639e+06,3.47639e+06,0,HBM,HBM,hit
454,12,6,A,352321536,3.52114e+06,3.52114e+06,0,HBM,HBM,hit
455,12,6,A,352321536,3.56582e+06,3.56582e+06,0,HBM,HBM,hit
456,13,0,A,352321536,3.64314e+06,3.64314e+06,0,HBM,HBM,hit
457,13,0,A,352321536,3.68789e+06,3.68789e+06,0,HBM,HBM,hit
458,13,0,A,352321536,3.73256e+06,3.73256e+06,0,HBM,HBM,hit
459,13,4,A,352321536,3.77727e+06,3.77727e+06,0,HBM,HBM,hit
460,13,4,A,352321536,3.82202e+06,3.82202e+06,0,HBM,HBM,hit
461,13,4,A,352321536,3.86669e+06,3.86669e+06,0,HBM,HBM,hit
462,14,0,A,352321536,3.94402e+06,3.94402e+06,0,HBM,HBM,hit
463,14,0,A,352321536,3.98877e+06,3.98877e+06,0,HBM,HBM,hit
464,14,0,A,352321536,4.03344e+06,4.03344e+06,0,HBM,HBM,hit
465,14,3,A,352321536,4.07815e+06,4.07815e+06,0,HBM,HBM,hit
466,14,3,A,352321536,4.1229e+06,4.1229e+06,0,HBM,HBM,hit
467,14,3,A,352321536,4.16757e+06,4.16757e+06,0,HBM,HBM,hit
468,15,4,A,352321536,4.24489e+06,4.24489e+06,0,HBM,HBM,hit
469,15,4,A,352321536,4.28965e+06,4.28965e+06,0,HBM,HBM,hit
470,15,4,A,352321536,4.33432e+06,4.33432e+06,0,HBM,HBM,hit
471,15,6,A,352321536,4.37903e+06,4.37903e+06,0,HBM,HBM,hit
472,15,6,A,352321536,4.42378e+06,4.42378e+06,0,HBM,HBM,hit
473,15,6,A,352321536,4.46845e+06,4.46845e+06,0,HBM,HBM,hit
474,16,0,A,352321536,4.54577e+06,4.54577e+06,0,HBM,HBM,hit
475,16,0,A,352321536,4.59053e+06,4.59053e+06,0,HBM,HBM,hit
476,16,0,A,352321536,4.6352e+06,4.6352e+06,0,HBM,HBM,hit
477,16,6,A,352321536,4.6799e+06,4.6799e+06,0,HBM,HBM,hit
478,16,6,A,352321536,4.72466e+06,4.72466e+06,0,HBM,HBM,hit
479,16,6,A,352321536,4.76933e+06,4.76933e+06,0,HBM,HBM,hit
480,17,6,A,352321536,4.84665e+06,4.84665e+06,0,HBM,HBM,hit
481,17,6,A,352321536,4.8914e+06,4.8914e+06,0,HBM,HBM,hit
482,17,6,A,352321536,4.93607e+06,4.93607e+06,0,HBM,HBM,hit
483,17,7,A,352321536,4.98078e+06,4.98078e+06,0,HBM,HBM,hit
484,17,7,A,352321536,5.02553e+06,5.02553e+06,0,HBM,HBM,hit
485,17,7,A,352321536,5.07021e+06,5.07021e+06,0,HBM,HBM,hit
486,18,1,A,352321536,5.14753e+06,5.14753e+06,0,HBM,HBM,hit
487,18,1,A,352321536,5.19228e+06,5.19228e+06,0,HBM,HBM,hit
488,18,1,A,352321536,5.23695e+06,5.23695e+06,0,HBM,HBM,hit
489,18,4,A,352321536,5.28166e+06,5.28166e+06,0,HBM,HBM,hit
490,18,4,A,352321536,5.32641e+06,5.32641e+06,0,HBM,HBM,hit
491,18,4,A,352321536,5.37108e+06,5.37108e+06,0,HBM,HBM,hit
492,19,2,A,352321536,5.44841e+06,5.44841e+06,0,HBM,HBM,hit
493,19,2,A,352321536,5.49316e+06,5.49316e+06,0,HBM,HBM,hit
494,19,2,A,352321536,5.53783e+06,5.53783e+06,0,HBM,HBM,hit
495,19,6,A,352321536,5.58254e+06,5.58254e+06,0,HBM,HBM,hit
496,19,6,A,352321536,5.62729e+06,5.62729e+06,0,HBM,HBM,hit
497,19,6,A,352321536,5.67196e+06,5.67196e+06,0,HBM,HBM,hit
498,20,2,A,352321536,5.74928e+06,5.74928e+06,0,HBM,HBM,hit
499,20,2,A,352321536,5.79404e+06,5.79404e+06,0,HBM,HBM,hit
500,20,2,A,352321536,5.83871e+06,5.83871e+06,0,HBM,HBM,hit
501,20,7,A,352321536,5.88342e+06,5.88342e+06,0,HBM,HBM,hit
502,20,7,A,352321536,5.92817e+06,5.92817e+06,0,HBM,HBM,hit
503,20,7,A,352321536,5.97284e+06,5.97284e+06,0,HBM,HBM,hit
504,21,4,A,352321536,6.05016e+06,6.05016e+06,0,HBM,HBM,hit
505,21,4,A,352321536,6.09491e+06,6.09491e+06,0,HBM,HBM,hit
506,21,4,A,352321536,6.13959e+06,6.13959e+06,0,HBM,HBM,hit
507,21,7,A,352321536,6.18429e+06,6.18429e+06,0,HBM,HBM,hit
508,21,7,A,352321536,6.22905e+06,6.22905e+06,0,HBM,HBM,hit
509,21,7,A,352321536,6.27372e+06,6.27372e+06,0,HBM,HBM,hit
510,22,6,A,352321536,6.35104e+06,6.35104e+06,0,HBM,HBM,hit
511,22,6,A,352321536,6.39579e+06,6.39579e+06,0,HBM,HBM,hit
512,22,6,A,352321536,6.44046e+06,6.44046e+06,0,HBM,HBM,hit
513,22,7,A,352321536,6.48517e+06,6.48517e+06,0,HBM,HBM,hit
514,22,7,A,352321536,6.52992e+06,6.52992e+06,0,HBM,HBM,hit
515,22,7,A,352321536,6.5746e+06,6.5746e+06,0,HBM,HBM,hit
516,23,6,A,352321536,6.65192e+06,6.65192e+06,0,HBM,HBM,hit
517,23,6,A,352321536,6.69667e+06,6.69667e+06,0,HBM,HBM,hit
518,23,6,A,352321536,6.74134e+06,6.74134e+06,0,HBM,HBM,hit
519,23,7,A,352321536,6.78605e+06,6.78605e+06,0,HBM,HBM,hit
520,23,7,A,352321536,6.8308e+06,6.8308e+06,0,HBM,HBM,hit
521,23,7,A,352321536,6.87547e+06,6.87547e+06,0,HBM,HBM,hit
522,24,0,A,352321536,6.9528e+06,6.9528e+06,0,HBM,HBM,hit
523,24,0,A,352321536,6.99755e+06,6.99755e+06,0,HBM,HBM,hit
524,24,0,A,352321536,7.04222e+06,7.04222e+06,0,HBM,HBM,hit
525,24,2,A,352321536,7.08693e+06,7.08693e+06,0,HBM,HBM,hit
526,24,2,A,352321536,7.13168e+06,7.13168e+06,0,HBM,HBM,hit
527,24,2,A,352321536,7.17635e+06,7.17635e+06,0,HBM,HBM,hit
528,25,3,A,352321536,7.25367e+06,7.25367e+06,0,HBM,HBM,hit
529,25,3,A,352321536,7.29843e+06,7.29843e+06,0,HBM,HBM,hit
530,25,3,A,352321536,7.3431e+06,7.3431e+06,0,HBM,HBM,hit
531,25,7,A,352321536,7.3878e+06,7.3878e+06,0,HBM,HBM,hit
532,25,7,A,352321536,7.43256e+06,7.43256e+06,0,HBM,HBM,hit
533,25,7,A,352321536,7.47723e+06,7.47723e+06,0,HBM,HBM,hit
534,26,2,A,352321536,7.55455e+06,7.55455e+06,0,HBM,HBM,hit
535,26,2,A,352321536,7.5993e+06,7.5993e+06,0,HBM,HBM,hit
536,26,2,A,352321536,7.64398e+06,7.64398e+06,0,HBM,HBM,hit
537,26,7,A,352321536,7.68868e+06,7.68868e+06,0,HBM,HBM,hit
538,26,7,A,352321536,7.73344e+06,7.73344e+06,0,HBM,HBM,hit
539,26,7,A,352321536,7.77811e+06,7.77811e+06,0,HBM,HBM,hit
540,27,1,A,352321536,7.85543e+06,7.85543e+06,0,HBM,HBM,hit
541,27,1,A,352321536,7.90018e+06,7.90018e+06,0,HBM,HBM,hit
542,27,1,A,352321536,7.94485e+06,7.94485e+06,0,HBM,HBM,hit
543,27,3,A,352321536,7.98956e+06,7.98956e+06,0,HBM,HBM,hit
544,27,3,A,352321536,8.03431e+06,8.03431e+06,0,HBM,HBM,hit
545,27,3,A,352321536,8.07899e+06,8.07899e+06,0,HBM,HBM,hit
546,28,1,A,352321536,8.15631e+06,8.15631e+06,0,HBM,HBM,hit
547,28,1,A,352321536,8.20106e+06,8.20106e+06,0,HBM,HBM,hit
548,28,1,A,352321536,8.24573e+06,8.24573e+06,0,HBM,HBM,hit
549,28,5,A,352321536,8.29044e+06,8.29044e+06,0,HBM,HBM,hit
550,28,5,A,352321536,8.33519e+06,8.33519e+06,0,HBM,HBM,hit
551,28,5,A,352321536,8.37986e+06,8.37986e+06,0,HBM,HBM,hit
552,29,0,A,352321536,8.45719e+06,8.45719e+06,0,HBM,HBM,hit
553,29,0,A,352321536,8.50194e+06,8.50194e+06,0,HBM,HBM,hit
554,29,0,A,352321536,8.54661e+06,8.54661e+06,0,HBM,HBM,hit
555,29,3,A,352321536,8.59132e+06,8.59132e+06,0,HBM,HBM,hit
556,29,3,A,352321536,8.63607e+06,8.63607e+06,0,HBM,HBM,hit
557,29,3,A,352321536,8.68074e+06,8.68074e+06,0,HBM,HBM,hit
558,30,1,A,352321536,8.75806e+06,8.75806e+06,0,HBM,HBM,hit
559,30,1,A,352321536,8.80282e+06,8.80282e+06,0,HBM,HBM,hit
560,30,1,A,352321536,8.84749e+06,8.84749e+06,0,HBM,HBM,hit
561,30,7,A,352321536,8.89219e+06,8.89219e+06,0,HBM,HBM,hit
562,30,7,A,352321536,8.93695e+06,8.93695e+06,0,HBM,HBM,hit
563,30,7,A,352321536,8.98162e+06,8.98162e+06,0,HBM,HBM,hit
564,31,5,A,352321536,9.05894e+06,9.05894e+06,0,HBM,HBM,hit
565,31,5,A,352321536,9.10369e+06,9.10369e+06,0,HBM,HBM,hit
566,31,5,A,352321536,9.14837e+06,9.14837e+06,0,HBM,HBM,hit
567,31,6,A,352321536,9.19307e+06,9.19307e+06,0,HBM,HBM,hit
568,31,6,A,352321536,9.23783e+06,9.23783e+06,0,HBM,HBM,hit
569,31,6,A,352321536,9.2825e+06,9.2825e+06,0,HBM,HBM,hit
570,0,1,A,352321536,9.35982e+06,9.35982e+06,0,HBM,HBM,hit
571,0,1,A,352321536,9.40457e+06,9.40457e+06,0,HBM,HBM,hit
572,0,1,A,352321536,9.44924e+06,9.44924e+06,0,HBM,HBM,hit
573,0,3,A,352321536,9.49395e+06,9.49395e+06,0,HBM,HBM,hit
574,0,3,A,352321536,9.5387e+06,9.5387e+06,0,HBM,HBM,hit
575,0,3,A,352321536,9.58337e+06,9.58337e+06,0,HBM,HBM,hit
576,1,0,A,352321536,32603.1,32603.1,0,HBM,HBM,hit
577,1,0,A,352321536,77356.1,77356.1,0,HBM,HBM,hit
578,1,0,A,352321536,122028,122028,0,HBM,HBM,hit
579,1,3,A,352321536,166734,166734,0,HBM,HBM,hit
580,1,3,A,352321536,211488,211488,0,HBM,HBM,hit
581,1,3,A,352321536,256159,256159,0,HBM,HBM,hit
582,2,4,A,352321536,333481,333481,0,HBM,HBM,hit
583,2,4,A,352321536,378234,378234,0,HBM,HBM,hit
584,2,4,A,352321536,422906,422906,0,HBM,HBM,hit
585,2,5,A,352321536,467612,467612,0,HBM,HBM,hit
586,2,5,A,352321536,512365,512365,0,HBM,HBM,hit
587,2,5,A,352321536,557037,557037,0,HBM,HBM,hit
588,3,4,A,352321536,634359,634359,0,HBM,HBM,hit
589,3,4,A,352321536,679112,679112,0,HBM,HBM,hit
590,3,4,A,352321536,723783,723783,0,HBM,HBM,hit
591,3,6,A,352321536,768490,768490,0,HBM,HBM,hit
592,3,6,A,352321536,813243,813243,0,HBM,HBM,hit
593,3,6,A,352321536,857915,857915,0,HBM,HBM,hit
594,4,3,A,352321536,935237,935237,0,HBM,HBM,hit
595,4,3,A,352321536,979990,979990,0,HBM,HBM,hit
596,4,3,A,352321536,1.02466e+06,1.02466e+06,0,HBM,HBM,hit
597,4,4,A,352321536,1.06937e+06,1.06937e+06,0,HBM,HBM,hit
598,4,4,A,352321536,1.11412e+06,1.11412e+06,0,HBM,HBM,hit
599,4,4,A,352321536,1.15879e+06,1.15879e+06,0,HBM,HBM,hit
600,5,5,A,352321536,1.23611e+06,1.23611e+06,0,HBM,HBM,hit
601,5,5,A,352321536,1.28087e+06,1.28087e+06,0,HBM,HBM,hit
602,5,5,A,352321536,1.32554e+06,1.32554e+06,0,HBM,HBM,hit
603,5,6,A,352321536,1.37025e+06,1.37025e+06,0,HBM,HBM,hit
604,5,6,A,352321536,1.415e+06,1.415e+06,0,HBM,HBM,hit
605,5,6,A,352321536,1.45967e+06,1.45967e+06,0,HBM,HBM,hit
606,6,1,A,352321536,1.53699e+06,1.53699e+06,0,HBM,HBM,hit
607,6,1,A,352321536,1.58175e+06,1.58175e+06,0,HBM,HBM,hit
608,6,1,A,352321536,1.62642e+06,1.62642e+06,0,HBM,HBM,hit
609,6,3,A,352321536,1.67112e+06,1.67112e+06,0,HBM,HBM,hit
610,6,3,A,352321536,1.71588e+06,1.71588e+06,0,HBM,HBM,hit
611,6,3,A,352321536,1.76055e+06,1.76055e+06,0,HBM,HBM,hit
612,7,0,A,352321536,1.83787e+06,1.83787e+06,0,HBM,HBM,hit
613,7,0,A,352321536,1.88262e+06,1.88262e+06,0,HBM,HBM,hit
614,7,0,A,352321536,1.9273e+06,1.9273e+06,0,HBM,HBM,hit
615,7,5,A,352321536,1.972e+06,1.972e+06,0,HBM,HBM,hit
616,7,5,A,352321536,2.01676e+06,2.01676e+06,0,HBM,HBM,hit
617,7,5,A,352321536,2.06143e+06,2.06143e+06,0,HBM,HBM,hit
618,8,2,A,352321536,2.13875e+06,2.13875e+06,0,HBM,HBM,hit
619,8,2,A,352321536,2.1835e+06,2.1835e+06,0,HBM,HBM,hit
620,8,2,A,352321536,2.22817e+06,2.22817e+06,0,HBM,HBM,hit
621,8,4,A,352321536,2.27288e+06,2.27288e+06,0,HBM,HBM,hit
622,8,4,A,352321536,2.31763e+06,2.31763e+06,0,HBM,HBM,hit
623,8,4,A,352321536,2.3623e+06,2.3623e+06,0,HBM,HBM,hit
624,9,4,A,352321536,2.43963e+06,2.43963e+06,0,HBM,HBM,hit
625,9,4,A,352321536,2.48438e+06,2.48438e+06,0,HBM,HBM,hit
626,9,4,A,352321536,2.52905e+06,2.52905e+06,0,HBM,HBM,hit
627,9,7,A,352321536,2.57376e+06,2.57376e+06,0,HBM,HBM,hit
628,9,7,A,352321536,2.61851e+06,2.61851e+06,0,HBM,HBM,hit
629,9,7,A,352321536,2.66318e+06,2.66318e+06,0,HBM,HBM,hit
630,10,2,A,352321536,2.7405e+06,2.7405e+06,0,HBM,HBM,hit
631,10,2,A,352321536,2.78526e+06,2.78526e+06,0,HBM,HBM,hit
632,10,2,A,352321536,2.82993e+06,2.82993e+06,0,HBM,HBM,hit
633,10,5,A,352321536,2.87464e+06,2.87464e+06,0,HBM,HBM,hit
634,10,5,A,352321536,2.91939e+06,2.91939e+06,0,HBM,HBM,hit
635,10,5,A,352321536,2.96406e+06,2.96406e+06,0,HBM,HBM,hit
636,11,2,A,352321536,3.04138e+06,3.04138e+06,0,HBM,HBM,hit
637,11,2,A,352321536,3.08614e+06,3.08614e+06,0,HBM,HBM,hit
638,11,2,A,352321536,3.13081e+06,3.13081e+06,0,HBM,HBM,hit
639,11,3,A,352321536,3.17551e+06,3.17551e+06,0,HBM,HBM,hit
640,11,3,A,352321536,3.22027e+06,3.22027e+06,0,HBM,HBM,hit
641,11,3,A,352321536,3.26494e+06,3.26494e+06,0,HBM,HBM,hit
642,12,5,A,352321536,3.34226e+06,3.34226e+06,0,HBM,HBM,hit
643,12,5,A,352321536,3.38701e+06,3.38701e+06,0,HBM,HBM,hit
644,12,5,A,352321536,3.43168e+06,3.43168e+06,0,HBM,HBM,hit
645,12,6,A,352321536,3.47639e+06,3.47639e+06,0,HBM,HBM,hit
646,12,6,A,352321536,3.52114e+06,3.52114e+06,0,HBM,HBM,hit
647,12,6,A,352321536,3.56582e+06,3.56582e+06,0,HBM,HBM,hit
648,13,3,A,352321536,3.64314e+06,3.64314e+06,0,HBM,HBM,hit
649,13,3,A,352321536,3.68789e+06,3.68789e+06,0,HBM,HBM,hit
650,13,3,A,352321536,3.73256e+06,3.73256e+06,0,HBM,HBM,hit
651,13,4,A,352321536,3.77727e+06,3.77727e+06,0,HBM,HBM,hit
652,13,4,A,352321536,3.82202e+06,3.82202e+06,0,HBM,HBM,hit
653,13,4,A,352321536,3.86669e+06,3.86669e+06,0,HBM,HBM,hit
654,14,0,A,352321536,3.94402e+06,3.94402e+06,0,HBM,HBM,hit
655,14,0,A,352321536,3.98877e+06,3.98877e+06,0,HBM,HBM,hit
656,14,0,A,352321536,4.03344e+06,4.03344e+06,0,HBM,HBM,hit
657,14,4,A,352321536,4.07815e+06,4.07815e+06,0,HBM,HBM,hit
658,14,4,A,352321536,4.1229e+06,4.1229e+06,0,HBM,HBM,hit
659,14,4,A,352321536,4.16757e+06,4.16757e+06,0,HBM,HBM,hit
660,15,3,A,352321536,4.24489e+06,4.24489e+06,0,HBM,HBM,hit
661,15,3,A,352321536,4.28965e+06,4.28965e+06,0,HBM,HBM,hit
662,15,3,A,352321536,4.33432e+06,4.33432e+06,0,HBM,HBM,hit
663,15,7,A,352321536,4.37903e+06,4.37903e+06,0,HBM,HBM,hit
664,15,7,A,352321536,4.42378e+06,4.42378e+06,0,HBM,HBM,hit
665,15,7,A,352321536,4.46845e+06,4.46845e+06,0,HBM,HBM,hit
666,16,4,A,352321536,4.54577e+06,4.54577e+06,0,HBM,HBM,hit
667,16,4,A,352321536,4.59053e+06,4.59053e+06,0,HBM,HBM,hit
668,16,4,A,352321536,4.6352e+06,4.6352e+06,0,HBM,HBM,hit
669,16,6,A,352321536,4.6799e+06,4.6799e+06,0,HBM,HBM,hit
670,16,6,A,352321536,4.72466e+06,4.72466e+06,0,HBM,HBM,hit
671,16,6,A,352321536,4.76933e+06,4.76933e+06,0,HBM,HBM,hit
672,17,0,A,352321536,4.84665e+06,4.84665e+06,0,HBM,HBM,hit
673,17,0,A,352321536,4.8914e+06,4.8914e+06,0,HBM,HBM,hit
674,17,0,A,352321536,4.93607e+06,4.93607e+06,0,HBM,HBM,hit
675,17,1,A,352321536,4.98078e+06,4.98078e+06,0,HBM,HBM,hit
676,17,1,A,352321536,5.02553e+06,5.02553e+06,0,HBM,HBM,hit
677,17,1,A,352321536,5.07021e+06,5.07021e+06,0,HBM,HBM,hit
678,18,1,A,352321536,5.14753e+06,5.14753e+06,0,HBM,HBM,hit
679,18,1,A,352321536,5.19228e+06,5.19228e+06,0,HBM,HBM,hit
680,18,1,A,352321536,5.23695e+06,5.23695e+06,0,HBM,HBM,hit
681,18,6,A,352321536,5.28166e+06,5.28166e+06,0,HBM,HBM,hit
682,18,6,A,352321536,5.32641e+06,5.32641e+06,0,HBM,HBM,hit
683,18,6,A,352321536,5.37108e+06,5.37108e+06,0,HBM,HBM,hit
684,19,4,A,352321536,5.44841e+06,5.44841e+06,0,HBM,HBM,hit
685,19,4,A,352321536,5.49316e+06,5.49316e+06,0,HBM,HBM,hit
686,19,4,A,352321536,5.53783e+06,5.53783e+06,0,HBM,HBM,hit
687,19,6,A,352321536,5.58254e+06,5.58254e+06,0,HBM,HBM,hit
688,19,6,A,352321536,5.62729e+06,5.62729e+06,0,HBM,HBM,hit
689,19,6,A,352321536,5.67196e+06,5.67196e+06,0,HBM,HBM,hit
690,20,3,A,352321536,5.74928e+06,5.74928e+06,0,HBM,HBM,hit
691,20,3,A,352321536,5.79404e+06,5.79404e+06,0,HBM,HBM,hit
692,20,3,A,352321536,5.83871e+06,5.83871e+06,0,HBM,HBM,hit
693,20,4,A,352321536,5.88342e+06,5.88342e+06,0,HBM,HBM,hit
694,20,4,A,352321536,5.92817e+06,5.92817e+06,0,HBM,HBM,hit
695,20,4,A,352321536,5.97284e+06,5.97284e+06,0,HBM,HBM,hit
696,21,3,A,352321536,6.05016e+06,6.05016e+06,0,HBM,HBM,hit
697,21,3,A,352321536,6.09491e+06,6.09491e+06,0,HBM,HBM,hit
698,21,3,A,352321536,6.13959e+06,6.13959e+06,0,HBM,HBM,hit
699,21,6,A,352321536,6.18429e+06,6.18429e+06,0,HBM,HBM,hit
700,21,6,A,352321536,6.22905e+06,6.22905e+06,0,HBM,HBM,hit
701,21,6,A,352321536,6.27372e+06,6.27372e+06,0,HBM,HBM,hit
702,22,0,A,352321536,6.35104e+06,6.35104e+06,0,HBM,HBM,hit
703,22,0,A,352321536,6.39579e+06,6.39579e+06,0,HBM,HBM,hit
704,22,0,A,352321536,6.44046e+06,6.44046e+06,0,HBM,HBM,hit
705,22,7,A,352321536,6.48517e+06,6.48517e+06,0,HBM,HBM,hit
706,22,7,A,352321536,6.52992e+06,6.52992e+06,0,HBM,HBM,hit
707,22,7,A,352321536,6.5746e+06,6.5746e+06,0,HBM,HBM,hit
708,23,4,A,352321536,6.65192e+06,6.65192e+06,0,HBM,HBM,hit
709,23,4,A,352321536,6.69667e+06,6.69667e+06,0,HBM,HBM,hit
710,23,4,A,352321536,6.74134e+06,6.74134e+06,0,HBM,HBM,hit
711,23,6,A,352321536,6.78605e+06,6.78605e+06,0,HBM,HBM,hit
712,23,6,A,352321536,6.8308e+06,6.8308e+06,0,HBM,HBM,hit
713,23,6,A,352321536,6.87547e+06,6.87547e+06,0,HBM,HBM,hit
714,24,6,A,352321536,6.9528e+06,6.9528e+06,0,HBM,HBM,hit
715,24,6,A,352321536,6.99755e+06,6.99755e+06,0,HBM,HBM,hit
716,24,6,A,352321536,7.04222e+06,7.04222e+06,0,HBM,HBM,hit
717,24,7,A,352321536,7.08693e+06,7.08693e+06,0,HBM,HBM,hit
718,24,7,A,352321536,7.13168e+06,7.13168e+06,0,HBM,HBM,hit
719,24,7,A,352321536,7.17635e+06,7.17635e+06,0,HBM,HBM,hit
720,25,3,A,352321536,7.25367e+06,7.25367e+06,0,HBM,HBM,hit
721,25,3,A,352321536,7.29843e+06,7.29843e+06,0,HBM,HBM,hit
722,25,3,A,352321536,7.3431e+06,7.3431e+06,0,HBM,HBM,hit
723,25,6,A,352321536,7.3878e+06,7.3878e+06,0,HBM,HBM,hit
724,25,6,A,352321536,7.43256e+06,7.43256e+06,0,HBM,HBM,hit
725,25,6,A,352321536,7.47723e+06,7.47723e+06,0,HBM,HBM,hit
726,26,0,A,352321536,7.55455e+06,7.55455e+06,0,HBM,HBM,hit
727,26,0,A,352321536,7.5993e+06,7.5993e+06,0,HBM,HBM,hit
728,26,0,A,352321536,7.64398e+06,7.64398e+06,0,HBM,HBM,hit
729,26,3,A,352321536,7.68868e+06,7.68868e+06,0,HBM,HBM,hit
730,26,3,A,352321536,7.73344e+06,7.73344e+06,0,HBM,HBM,hit
731,26,3,A,352321536,7.77811e+06,7.77811e+06,0,HBM,HBM,hit
732,27,5,A,352321536,7.85543e+06,7.85543e+06,0,HBM,HBM,hit
733,27,5,A,352321536,7.90018e+06,7.90018e+06,0,HBM,HBM,hit
734,27,5,A,352321536,7.94485e+06,7.94485e+06,0,HBM,HBM,hit
735,27,7,A,352321536,7.98956e+06,7.98956e+06,0,HBM,HBM,hit
736,27,7,A,352321536,8.03431e+06,8.03431e+06,0,HBM,HBM,hit
737,27,7,A,352321536,8.07899e+06,8.07899e+06,0,HBM,HBM,hit
738,28,0,A,352321536,8.15631e+06,8.15631e+06,0,HBM,HBM,hit
739,28,0,A,352321536,8.20106e+06,8.20106e+06,0,HBM,HBM,hit
740,28,0,A,352321536,8.24573e+06,8.24573e+06,0,HBM,HBM,hit
741,28,1,A,352321536,8.29044e+06,8.29044e+06,0,HBM,HBM,hit
742,28,1,A,352321536,8.33519e+06,8.33519e+06,0,HBM,HBM,hit
743,28,1,A,352321536,8.37986e+06,8.37986e+06,0,HBM,HBM,hit
744,29,4,A,352321536,8.45719e+06,8.45719e+06,0,HBM,HBM,hit
745,29,4,A,352321536,8.50194e+06,8.50194e+06,0,HBM,HBM,hit
746,29,4,A,352321536,8.54661e+06,8.54661e+06,0,HBM,HBM,hit
747,29,6,A,352321536,8.59132e+06,8.59132e+06,0,HBM,HBM,hit
748,29,6,A,352321536,8.63607e+06,8.63607e+06,0,HBM,HBM,hit
749,29,6,A,352321536,8.68074e+06,8.68074e+06,0,HBM,HBM,hit
750,30,0,A,352321536,8.75806e+06,8.75806e+06,0,HBM,HBM,hit
751,30,0,A,352321536,8.80282e+06,8.80282e+06,0,HBM,HBM,hit
752,30,0,A,352321536,8.84749e+06,8.84749e+06,0,HBM,HBM,hit
753,30,7,A,352321536,8.89219e+06,8.89219e+06,0,HBM,HBM,hit
754,30,7,A,352321536,8.93695e+06,8.93695e+06,0,HBM,HBM,hit
755,30,7,A,352321536,8.98162e+06,8.98162e+06,0,HBM,HBM,hit
756,31,0,A,352321536,9.05894e+06,9.05894e+06,0,HBM,HBM,hit
757,31,0,A,352321536,9.10369e+06,9.10369e+06,0,HBM,HBM,hit
758,31,0,A,352321536,9.14837e+06,9.14837e+06,0,HBM,HBM,hit
759,31,1,A,352321536,9.19307e+06,9.19307e+06,0,HBM,HBM,hit
760,31,1,A,352321536,9.23783e+06,9.23783e+06,0,HBM,HBM,hit
761,31,1,A,352321536,9.2825e+06,9.2825e+06,0,HBM,HBM,hit
762,0,2,A,352321536,9.35982e+06,9.35982e+06,0,HBM,HBM,hit
763,0,2,A,352321536,9.40457e+06,9.40457e+06,0,HBM,HBM,hit
764,0,2,A,352321536,9.44924e+06,9.44924e+06,0,HBM,HBM,hit
765,0,3,A,352321536,9.49395e+06,9.49395e+06,0,HBM,HBM,hit
766,0,3,A,352321536,9.5387e+06,9.5387e+06,0,HBM,HBM,hit
767,0,3,A,352321536,9.58337e+06,9.58337e+06,0,HBM,HBM,hit
768,1,4,A,352321536,32603.1,32603.1,0,HBM,HBM,hit
769,1,4,A,352321536,77356.1,77356.1,0,HBM,HBM,hit
770,1,4,A,352321536,122028,122028,0,HBM,HBM,hit
771,1,6,A,352321536,166734,166734,0,HBM,HBM,hit
772,1,6,A,352321536,211488,211488,0,HBM,HBM,hit
773,1,6,A,352321536,256159,256159,0,HBM,HBM,hit
774,2,0,A,352321536,333481,333481,0,HBM,HBM,hit
775,2,0,A,352321536,378234,378234,0,HBM,HBM,hit
776,2,0,A,352321536,422906,422906,0,HBM,HBM,hit
777,2,6,A,352321536,467612,467612,0,HBM,HBM,hit
778,2,6,A,352321536,512365,512365,0,HBM,HBM,hit
779,2,6,A,352321536,557037,557037,0,HBM,HBM,hit
780,3,5,A,352321536,634359,634359,0,HBM,HBM,hit
781,3,5,A,352321536,679112,679112,0,HBM,HBM,hit
782,3,5,A,352321536,723783,723783,0,HBM,HBM,hit
783,3,7,A,352321536,768490,768490,0,HBM,HBM,hit
784,3,7,A,352321536,813243,813243,0,HBM,HBM,hit
785,3,7,A,352321536,857915,857915,0,HBM,HBM,hit
786,4,0,A,352321536,935237,935237,0,HBM,HBM,hit
787,4,0,A,352321536,979990,979990,0,HBM,HBM,hit
788,4,0,A,352321536,1.02466e+06,1.02466e+06,0,HBM,HBM,hit
789,4,5,A,352321536,1.06937e+06,1.06937e+06,0,HBM,HBM,hit
790,4,5,A,352321536,1.11412e+06,1.11412e+06,0,HBM,HBM,hit
791,4,5,A,352321536,1.15879e+06,1.15879e+06,0,HBM,HBM,hit
792,5,6,A,352321536,1.23611e+06,1.23611e+06,0,HBM,HBM,hit
793,5,6,A,352321536,1.28087e+06,1.28087e+06,0,HBM,HBM,hit
794,5,6,A,352321536,1.32554e+06,1.32554e+06,0,HBM,HBM,hit
795,5,7,A,352321536,1.37025e+06,1.37025e+06,0,HBM,HBM,hit
796,5,7,A,352321536,1.415e+06,1.415e+06,0,HBM,HBM,hit
797,5,7,A,352321536,1.45967e+06,1.45967e+06,0,HBM,HBM,hit
798,6,2,A,352321536,1.53699e+06,1.53699e+06,0,HBM,HBM,hit
799,6,2,A,352321536,1.58175e+06,1.58175e+06,0,HBM,HBM,hit
800,6,2,A,352321536,1.62642e+06,1.62642e+06,0,HBM,HBM,hit
801,6,6,A,352321536,1.67112e+06,1.67112e+06,0,HBM,HBM,hit
802,6,6,A,352321536,1.71588e+06,1.71588e+06,0,HBM,HBM,hit
803,6,6,A,352321536,1.76055e+06,1.76055e+06,0,HBM,HBM,hit
804,7,4,A,352321536,1.83787e+06,1.83787e+06,0,HBM,HBM,hit
805,7,4,A,352321536,1.88262e+06,1.88262e+06,0,HBM,HBM,hit
806,7,4,A,352321536,1.9273e+06,1.9273e+06,0,HBM,HBM,hit
807,7,6,A,352321536,1.972e+06,1.972e+06,0,HBM,HBM,hit
808,7,6,A,352321536,2.01676e+06,2.01676e+06,0,HBM,HBM,hit
809,7,6,A,352321536,2.06143e+06,2.06143e+06,0,HBM,HBM,hit
810,8,6,A,352321536,2.13875e+06,2.13875e+06,0,HBM,HBM,hit
811,8,6,A,352321536,2.1835e+06,2.1835e+06,0,HBM,HBM,hit
812,8,6,A,352321536,2.22817e+06,2.22817e+06,0,HBM,HBM,hit
813,8,7,A,352321536,2.27288e+06,2.27288e+06,0,HBM,HBM,hit
814,8,7,A,352321536,2.31763e+06,2.31763e+06,0,HBM,HBM,hit
815,8,7,A,352321536,2.3623e+06,2.3623e+06,0,HBM,HBM,hit
816,9,2,A,352321536,2.43963e+06,2.43963e+06,0,HBM,HBM,hit
817,9,2,A,352321536,2.48438e+06,2.48438e+06,0,HBM,HBM,hit
818,9,2,A,352321536,2.52905e+06,2.52905e+06,0,HBM,HBM,hit
819,9,5,A,352321536,2.57376e+06,2.57376e+06,0,HBM,HBM,hit
820,9,5,A,352321536,2.61851e+06,2.61851e+06,0,HBM,HBM,hit
821,9,5,A,352321536,2.66318e+06,2.66318e+06,0,HBM,HBM,hit
822,10,3,A,352321536,2.7405e+06,2.7405e+06,0,HBM,HBM,hit
823,10,3,A,352321536,2.78526e+06,2.78526e+06,0,HBM,HBM,hit
824,10,3,A,352321536,2.82993e+06,2.82993e+06,0,HBM,HBM,hit
825,10,5,A,352321536,2.87464e+06,2.87464e+06,0,HBM,HBM,hit
826,10,5,A,352321536,2.91939e+06,2.91939e+06,0,HBM,HBM,hit
827,10,5,A,352321536,2.96406e+06,2.96406e+06,0,HBM,HBM,hit
828,11,4,A,352321536,3.04138e+06,3.04138e+06,0,HBM,HBM,hit
829,11,4,A,352321536,3.08614e+06,3.08614e+06,0,HBM,HBM,hit
830,11,4,A,352321536,3.13081e+06,3.13081e+06,0,HBM,HBM,hit
831,11,5,A,352321536,3.17551e+06,3.17551e+06,0,HBM,HBM,hit
832,11,5,A,352321536,3.22027e+06,3.22027e+06,0,HBM,HBM,hit
833,11,5,A,352321536,3.26494e+06,3.26494e+06,0,HBM,HBM,hit
834,12,0,A,352321536,3.34226e+06,3.34226e+06,0,HBM,HBM,hit
835,12,0,A,352321536,3.38701e+06,3.38701e+06,0,HBM,HBM,hit
836,12,0,A,352321536,3.43168e+06,3.43168e+06,0,HBM,HBM,hit
837,12,5,A,352321536,3.47639e+06,3.47639e+06,0,HBM,HBM,hit
838,12,5,A,352321536,3.52114e+06,3.52114e+06,0,HBM,HBM,hit
839,12,5,A,352321536,3.56582e+06,3.56582e+06,0,HBM,HBM,hit
840,13,4,A,352321536,3.64314e+06,3.64314e+06,0,HBM,HBM,hit
841,13,4,A,352321536,3.68789e+06,3.68789e+06,0,HBM,HBM,hit
842,13,4,A,352321536,3.73256e+06,3.73256e+06,0,HBM,HBM,hit
843,13,5,A,352321536,3.77727e+06,3.77727e+06,0,HBM,HBM,hit
844,13,5,A,352321536,3.82202e+06,3.82202e+06,0,HBM,HBM,hit
845,13,5,A,352321536,3.86669e+06,3.86669e+06,0,HBM,HBM,hit
846,14,6,A,352321536,3.94402e+06,3.94402e+06,0,HBM,HBM,hit
847,14,6,A,352321536,3.98877e+06,3.98877e+06,0,HBM,HBM,hit
848,14,6,A,352321536,4.03344e+06,4.03344e+06,0,HBM,HBM,hit
849,14,7,A,352321536,4.07815e+06,4.07815e+06,0,HBM,HBM,hit
850,14,7,A,352321536,4.1229e+06,4.1229e+06,0,HBM,HBM,hit
851,14,7,A,352321536,4.16757e+06,4.16757e+06,0,HBM,HBM,hit
852,15,2,A,352321536,4.24489e+06,4.24489e+06,0,HBM,HBM,hit
853,15,2,A,352321536,4.28965e+06,4.28965e+06,0,HBM,HBM,hit
854,15,2,A,352321536,4.33432e+06,4.33432e+06,0,HBM,HBM,hit
855,15,4,A,352321536,4.37903e+06,4.37903e+06,0,HBM,HBM,hit
856,15,4,A,352321536,4.42378e+06,4.42378e+06,0,HBM,HBM,hit
857,15,4,A,352321536,4.46845e+06,4.46845e+06,0,HBM,HBM,hit
858,16,5,A,352321536,4.54577e+06,4.54577e+06,0,HBM,HBM,hit
859,16,5,A,352321536,4.59053e+06,4.59053e+06,0,HBM,HBM,hit
860,16,5,A,352321536,4.6352e+06,4.6352e+06,0,HBM,HBM,hit
861,16,6,A,352321536,4.6799e+06,4.6799e+06,0,HBM,HBM,hit
862,16,6,A,352321536,4.72466e+06,4.72466e+06,0,HBM,HBM,hit
863,16,6,A,352321536,4.76933e+06,4.76933e+06,0,HBM,HBM,hit
864,17,1,A,352321536,4.84665e+06,4.84665e+06,0,HBM,HBM,hit
865,17,1,A,352321536,4.8914e+06,4.8914e+06,0,HBM,HBM,hit
866,17,1,A,352321536,4.93607e+06,4.93607e+06,0,HBM,HBM,hit
867,17,3,A,352321536,4.98078e+06,4.98078e+06,0,HBM,HBM,hit
868,17,3,A,352321536,5.02553e+06,5.02553e+06,0,HBM,HBM,hit
869,17,3,A,352321536,5.07021e+06,5.07021e+06,0,HBM,HBM,hit
870,18,4,A,352321536,5.14753e+06,5.14753e+06,0,HBM,HBM,hit
871,18,4,A,352321536,5.19228e+06,5.19228e+06,0,HBM,HBM,hit
872,18,4,A,352321536,5.23695e+06,5.23695e+06,0,HBM,HBM,hit
873,18,7,A,352321536,5.28166e+06,5.28166e+06,0,HBM,HBM,hit
874,18,7,A,352321536,5.32641e+06,5.32641e+06,0,HBM,HBM,hit
875,18,7,A,352321536,5.37108e+06,5.37108e+06,0,HBM,HBM,hit
876,19,1,A,352321536,5.44841e+06,5.44841e+06,0,HBM,HBM,hit
877,19,1,A,352321536,5.49316e+06,5.49316e+06,0,HBM,HBM,hit
878,19,1,A,352321536,5.53783e+06,5.53783e+06,0,HBM,HBM,hit
879,19,5,A,352321536,5.58254e+06,5.58254e+06,0,HBM,HBM,hit
880,19,5,A,352321536,5.62729e+06,5.62729e+06,0,HBM,HBM,hit
881,19,5,A,352321536,5.67196e+06,5.67196e+06,0,HBM,HBM,hit
882,20,1,A,352321536,5.74928e+06,5.74928e+06,0,HBM,HBM,hit
883,20,1,A,352321536,5.79404e+06,5.79404e+06,0,HBM,HBM,hit
884,20,1,A,352321536,5.83871e+06,5.83871e+06,0,HBM,HBM,hit
885,20,4,A,352321536,5.88342e+06,5.88342e+06,0,HBM,HBM,hit
886,20,4,A,352321536,5.92817e+06,5.92817e+06,0,HBM,HBM,hit
887,20,4,A,352321536,5.97284e+06,5.97284e+06,0,HBM,HBM,hit
888,21,0,A,352321536,6.05016e+06,6.05016e+06,0,HBM,HBM,hit
889,21,0,A,352321536,6.09491e+06,6.09491e+06,0,HBM,HBM,hit
890,21,0,A,352321536,6.13959e+06,6.13959e+06,0,HBM,HBM,hit
891,21,4,A,352321536,6.18429e+06,6.18429e+06,0,HBM,HBM,hit
892,21,4,A,352321536,6.22905e+06,6.22905e+06,0,HBM,HBM,hit
893,21,4,A,352321536,6.27372e+06,6.27372e+06,0,HBM,HBM,hit
894,22,3,A,352321536,6.35104e+06,6.35104e+06,0,HBM,HBM,hit
895,22,3,A,352321536,6.39579e+06,6.39579e+06,0,HBM,HBM,hit
896,22,3,A,352321536,6.44046e+06,6.44046e+06,0,HBM,HBM,hit
897,22,7,A,352321536,6.48517e+06,6.48517e+06,0,HBM,HBM,hit
898,22,7,A,352321536,6.52992e+06,6.52992e+06,0,HBM,HBM,hit
899,22,7,A,352321536,6.5746e+06,6.5746e+06,0,HBM,HBM,hit
900,23,1,A,352321536,6.65192e+06,6.65192e+06,0,HBM,HBM,hit
901,23,1,A,352321536,6.69667e+06,6.69667e+06,0,HBM,HBM,hit
902,23,1,A,352321536,6.74134e+06,6.74134e+06,0,HBM,HBM,hit
903,23,5,A,352321536,6.78605e+06,6.78605e+06,0,HBM,HBM,hit
904,23,5,A,352321536,6.8308e+06,6.8308e+06,0,HBM,HBM,hit
905,23,5,A,352321536,6.87547e+06,6.87547e+06,0,HBM,HBM,hit
906,24,4,A,352321536,6.9528e+06,6.9528e+06,0,HBM,HBM,hit
907,24,4,A,352321536,6.99755e+06,6.99755e+06,0,HBM,HBM,hit
908,24,4,A,352321536,7.04222e+06,7.04222e+06,0,HBM,HBM,hit
909,24,6,A,352321536,7.08693e+06,7.08693e+06,0,HBM,HBM,hit
910,24,6,A,352321536,7.13168e+06,7.13168e+06,0,HBM,HBM,hit
911,24,6,A,352321536,7.17635e+06,7.17635e+06,0,HBM,HBM,hit
912,25,1,A,352321536,7.25367e+06,7.25367e+06,0,HBM,HBM,hit
913,25,1,A,352321536,7.29843e+06,7.29843e+06,0,HBM,HBM,hit
914,25,1,A,352321536,7.3431e+06,7.3431e+06,0,HBM,HBM,hit
915,25,4,A,352321536,7.3878e+06,7.3878e+06,0,HBM,HBM,hit
916,25,4,A,352321536,7.43256e+06,7.43256e+06,0,HBM,HBM,hit
917,25,4,A,352321536,7.47723e+06,7.47723e+06,0,HBM,HBM,hit
918,26,3,A,352321536,7.55455e+06,7.55455e+06,0,HBM,HBM,hit
919,26,3,A,352321536,7.5993e+06,7.5993e+06,0,HBM,HBM,hit
920,26,3,A,352321536,7.64398e+06,7.64398e+06,0,HBM,HBM,hit
921,26,4,A,352321536,7.68868e+06,7.68868e+06,0,HBM,HBM,hit
922,26,4,A,352321536,7.73344e+06,7.73344e+06,0,HBM,HBM,hit
923,26,4,A,352321536,7.77811e+06,7.77811e+06,0,HBM,HBM,hit
924,27,1,A,352321536,7.85543e+06,7.85543e+06,0,HBM,HBM,hit
925,27,1,A,352321536,7.90018e+06,7.90018e+06,0,HBM,HBM,hit
926,27,1,A,352321536,7.94485e+06,7.94485e+06,0,HBM,HBM,hit
927,27,4,A,352321536,7.98956e+06,7.98956e+06,0,HBM,HBM,hit
928,27,4,A,352321536,8.03431e+06,8.03431e+06,0,HBM,HBM,hit
929,27,4,A,352321536,8.07899e+06,8.07899e+06,0,HBM,HBM,hit
930,28,0,A,352321536,8.15631e+06,8.15631e+06,0,HBM,HBM,hit
931,28,0,A,352321536,8.20106e+06,8.20106e+06,0,HBM,HBM,hit
932,28,0,A,352321536,8.24573e+06,8.24573e+06,0,HBM,HBM,hit
933,28,5,A,352321536,8.29044e+06,8.29044e+06,0,HBM,HBM,hit
934,28,5,A,352321536,8.33519e+06,8.33519e+06,0,HBM,HBM,hit
935,28,5,A,352321536,8.37986e+06,8.37986e+06,0,HBM,HBM,hit
936,29,0,A,352321536,8.45719e+06,8.45719e+06,0,HBM,HBM,hit
937,29,0,A,352321536,8.50194e+06,8.50194e+06,0,HBM,HBM,hit
938,29,0,A,352321536,8.54661e+06,8.54661e+06,0,HBM,HBM,hit
939,29,1,A,352321536,8.59132e+06,8.59132e+06,0,HBM,HBM,hit
940,29,1,A,352321536,8.63607e+06,8.63607e+06,0,HBM,HBM,hit
941,29,1,A,352321536,8.68074e+06,8.68074e+06,0,HBM,HBM,hit
942,30,3,A,352321536,8.75806e+06,8.75806e+06,0,HBM,HBM,hit
943,30,3,A,352321536,8.80282e+06,8.80282e+06,0,HBM,HBM,hit
944,30,3,A,352321536,8.84749e+06,8.84749e+06,0,HBM,HBM,hit
945,30,4,A,352321536,8.89219e+06,8.89219e+06,0,HBM,HBM,hit
946,30,4,A,352321536,8.93695e+06,8.93695e+06,0,HBM,HBM,hit
947,30,4,A,352321536,8.98162e+06,8.98162e+06,0,HBM,HBM,hit
948,31,0,A,352321536,9.05894e+06,9.05894e+06,0,HBM,HBM,hit
949,31,0,A,352321536,9.10369e+06,9.10369e+06,0,HBM,HBM,hit
950,31,0,A,352321536,9.14837e+06,9.14837e+06,0,HBM,HBM,hit
951,31,3,A,352321536,9.19307e+06,9.19307e+06,0,HBM,HBM,hit
952,31,3,A,352321536,9.23783e+06,9.23783e+06,0,HBM,HBM,hit
953,31,3,A,352321536,9.2825e+06,9.2825e+06,0,HBM,HBM,hit
954,0,0,A,352321536,9.35982e+06,9.35982e+06,0,HBM,HBM,hit
955,0,0,A,352321536,9.40457e+06,9.40457e+06,0,HBM,HBM,hit
956,0,0,A,352321536,9.44924e+06,9.44924e+06,0,HBM,HBM,hit
957,0,6,A,352321536,9.49395e+06,9.49395e+06,0,HBM,HBM,hit
958,0,6,A,352321536,9.5387e+06,9.5387e+06,0,HBM,HBM,hit
959,0,6,A,352321536,9.58337e+06,9.58337e+06,0,HBM,HBM,hit
